timestamp,method,host,path,request_size,response_size,content_type,status_code,request_headers,request_body_snippet,response_headers,set_cookies,category
2026-05-13T18:15:26.570136,GET,www.google.com,/complete/search?client=firefox&channel=ftr&q=,0,,,,"{'user-agent': 'Mozilla/5.0 (X11; Ubuntu; Linux x86_64; rv:149.0) Gecko/20100101 Firefox/149.0', 'accept': '*/*', 'accept-language': 'en-US,en;q=0.9', 'accept-encoding': 'gzip, deflate, br, zstd', 'te': 'trailers'}",,,,known_tracker
2026-05-13T18:15:37.689729,GET,www.google.com,/complete/search?client=firefox&channel=ftr&q=,0,3136,text/javascript; charset=UTF-8,200,"{'user-agent': 'Mozilla/5.0 (X11; Ubuntu; Linux x86_64; rv:149.0) Gecko/20100101 Firefox/149.0', 'accept': '*/*', 'accept-language': 'en-US,en;q=0.9', 'accept-encoding': 'gzip, deflate, br, zstd', 'te': 'trailers'}",,"{'date': 'Wed, 13 May 2026 18:15:48 GMT', 'pragma': 'no-cache', 'expires': '-1', 'cache-control': 'no-cache, must-revalidate', 'content-type': 'text/javascript; charset=UTF-8', 'strict-transport-security': 'max-age=31536000', 'content-security-policy': ""object-src 'none';base-uri 'self';script-src 'nonce-vgnSO-Tnresd9jqu-8RBLg' 'strict-dynamic' 'report-sample' 'unsafe-eval' 'unsafe-inline' https: http:;report-uri https://csp.withgoogle.com/csp/gws/fff"", 'cross-origin-opener-policy': 'same-origin-allow-popups; report-to=""gws""', 'report-to': '{""group"":""gws"",""max_age"":2592000,""endpoints"":[{""url"":""https://csp.withgoogle.com/csp/report-to/gws/fff""}]}', 'accept-ch': 'Sec-CH-Prefers-Color-Scheme', 'content-disposition': 'attachment; filename=""f.txt""', 'content-encoding': 'br', 'server': 'gws', 'x-xss-protection': '0', 'x-frame-options': 'SAMEORIGIN', 'alt-svc': 'h3="":443""; ma=2592000,h3-29="":443""; ma=2592000'}",,known_tracker
2026-05-13T18:15:41.317582,GET,www.google.com,/complete/search?client=firefox&channel=fen&q=tu,0,2571,text/javascript; charset=UTF-8,200,"{'user-agent': 'Mozilla/5.0 (X11; Ubuntu; Linux x86_64; rv:149.0) Gecko/20100101 Firefox/149.0', 'accept': '*/*', 'accept-language': 'en-US,en;q=0.9', 'accept-encoding': 'gzip, deflate, br, zstd', 'te': 'trailers'}",,"{'date': 'Wed, 13 May 2026 18:15:51 GMT', 'pragma': 'no-cache', 'expires': '-1', 'cache-control': 'no-cache, must-revalidate', 'content-type': 'text/javascript; charset=UTF-8', 'strict-transport-security': 'max-age=31536000', 'content-security-policy': ""object-src 'none';base-uri 'self';script-src 'nonce-kKIPaQg6V560l00FkIJvgg' 'strict-dynamic' 'report-sample' 'unsafe-eval' 'unsafe-inline' https: http:;report-uri https://csp.withgoogle.com/csp/gws/fff"", 'cross-origin-opener-policy': 'same-origin-allow-popups; report-to=""gws""', 'report-to': '{""group"":""gws"",""max_age"":2592000,""endpoints"":[{""url"":""https://csp.withgoogle.com/csp/report-to/gws/fff""}]}', 'accept-ch': 'Sec-CH-Prefers-Color-Scheme', 'content-disposition': 'attachment; filename=""f.txt""', 'content-encoding': 'br', 'server': 'gws', 'x-xss-protection': '0', 'x-frame-options': 'SAMEORIGIN', 'alt-svc': 'h3="":443""; ma=2592000,h3-29="":443""; ma=2592000'}",,known_tracker
2026-05-13T18:15:41.711601,GET,encrypted-tbn0.gstatic.com,/images?q=tbn:ANd9GcQhDKuoE1IFuWALw1g3L174kMkSqGDoV3UlqVs2uIRyFg&s=10,0,1354,image/png,200,"{'user-agent': 'Mozilla/5.0 (X11; Ubuntu; Linux x86_64; rv:149.0) Gecko/20100101 Firefox/149.0', 'accept': 'image/avif,image/webp,image/png,image/svg+xml,image/*;q=0.8,*/*;q=0.5', 'accept-language': 'en-US,en;q=0.9', 'accept-encoding': 'gzip, deflate, br, zstd', 'sec-fetch-storage-access': 'active', 'sec-fetch-dest': 'image', 'sec-fetch-mode': 'no-cors', 'sec-fetch-site': 'none', 'priority': 'u=5, i', 'te': 'trailers'}",,"{'accept-ranges': 'bytes', 'access-control-allow-origin': '*', 'content-security-policy-report-only': ""require-trusted-types-for 'script'; report-uri https://csp.withgoogle.com/csp/images-tbn"", 'cross-origin-resource-policy': 'cross-origin', 'cross-origin-opener-policy-report-only': 'same-origin; report-to=""images-tbn""', 'report-to': '{""group"":""images-tbn"",""max_age"":2592000,""endpoints"":[{""url"":""https://csp.withgoogle.com/csp/report-to/images-tbn""}]}', 'content-length': '1354', 'x-content-type-options': 'nosniff', 'server': 'sffe', 'x-xss-protection': '0', 'date': 'Wed, 13 May 2026 05:38:09 GMT', 'expires': 'Thu, 13 May 2027 05:38:09 GMT', 'cache-control': 'public, max-age=31536000', 'age': '45463', 'last-modified': 'Sun, 20 Dec 2026 00:49:20 GMT', 'content-type': 'image/png', 'alt-svc': 'h3="":443""; ma=2592000,h3-29="":443""; ma=2592000'}",,known_tracker
2026-05-13T18:15:41.689727,GET,encrypted-tbn0.gstatic.com,/images?q=tbn:ANd9GcSJw37fhMYyQUieTvOlc764KhnB9ITckSRUcjrRQ5Il&s=10,0,1086,image/png,200,"{'user-agent': 'Mozilla/5.0 (X11; Ubuntu; Linux x86_64; rv:149.0) Gecko/20100101 Firefox/149.0', 'accept': 'image/avif,image/webp,image/png,image/svg+xml,image/*;q=0.8,*/*;q=0.5', 'accept-language': 'en-US,en;q=0.9', 'accept-encoding': 'gzip, deflate, br, zstd', 'sec-fetch-storage-access': 'active', 'sec-fetch-dest': 'image', 'sec-fetch-mode': 'no-cors', 'sec-fetch-site': 'none', 'priority': 'u=5, i', 'te': 'trailers'}",,"{'accept-ranges': 'bytes', 'access-control-allow-origin': '*', 'content-security-policy-report-only': ""require-trusted-types-for 'script'; report-uri https://csp.withgoogle.com/csp/images-tbn"", 'cross-origin-resource-policy': 'cross-origin', 'cross-origin-opener-policy-report-only': 'same-origin; report-to=""images-tbn""', 'report-to': '{""group"":""images-tbn"",""max_age"":2592000,""endpoints"":[{""url"":""https://csp.withgoogle.com/csp/report-to/images-tbn""}]}', 'content-length': '1086', 'x-content-type-options': 'nosniff', 'server': 'sffe', 'x-xss-protection': '0', 'date': 'Tue, 12 May 2026 19:59:07 GMT', 'expires': 'Wed, 12 May 2027 19:59:07 GMT', 'cache-control': 'public, max-age=31536000', 'age': '80205', 'last-modified': 'Sun, 07 Sep 2025 00:29:35 GMT', 'content-type': 'image/png', 'alt-svc': 'h3="":443""; ma=2592000,h3-29="":443""; ma=2592000'}",,known_tracker
2026-05-13T18:15:41.705682,GET,encrypted-tbn0.gstatic.com,/images?q=tbn:ANd9GcQthYbb3GUIZLmH9_s5zf_7EUU3IsK9egM-Eyr-H6tf&s=10,0,1579,image/png,200,"{'user-agent': 'Mozilla/5.0 (X11; Ubuntu; Linux x86_64; rv:149.0) Gecko/20100101 Firefox/149.0', 'accept': 'image/avif,image/webp,image/png,image/svg+xml,image/*;q=0.8,*/*;q=0.5', 'accept-language': 'en-US,en;q=0.9', 'accept-encoding': 'gzip, deflate, br, zstd', 'sec-fetch-storage-access': 'active', 'sec-fetch-dest': 'image', 'sec-fetch-mode': 'no-cors', 'sec-fetch-site': 'none', 'priority': 'u=5, i', 'te': 'trailers'}",,"{'accept-ranges': 'bytes', 'access-control-allow-origin': '*', 'content-security-policy-report-only': ""require-trusted-types-for 'script'; report-uri https://csp.withgoogle.com/csp/images-tbn"", 'cross-origin-resource-policy': 'cross-origin', 'cross-origin-opener-policy-report-only': 'same-origin; report-to=""images-tbn""', 'report-to': '{""group"":""images-tbn"",""max_age"":2592000,""endpoints"":[{""url"":""https://csp.withgoogle.com/csp/report-to/images-tbn""}]}', 'content-length': '1579', 'x-content-type-options': 'nosniff', 'server': 'sffe', 'x-xss-protection': '0', 'date': 'Tue, 12 May 2026 22:27:59 GMT', 'expires': 'Wed, 12 May 2027 22:27:59 GMT', 'cache-control': 'public, max-age=31536000', 'age': '71273', 'last-modified': 'Sun, 06 Jan 2030 22:56:56 GMT', 'content-type': 'image/png', 'alt-svc': 'h3="":443""; ma=2592000,h3-29="":443""; ma=2592000'}",,known_tracker
2026-05-13T18:15:41.764790,GET,encrypted-tbn0.gstatic.com,/images?q=tbn:ANd9GcT5McZddht7kzq0fji8ieoxSk-Q_l1QZF-uIvp4bXgw&s=10,0,477,image/png,200,"{'user-agent': 'Mozilla/5.0 (X11; Ubuntu; Linux x86_64; rv:149.0) Gecko/20100101 Firefox/149.0', 'accept': 'image/avif,image/webp,image/png,image/svg+xml,image/*;q=0.8,*/*;q=0.5', 'accept-language': 'en-US,en;q=0.9', 'accept-encoding': 'gzip, deflate, br, zstd', 'sec-fetch-storage-access': 'active', 'sec-fetch-dest': 'image', 'sec-fetch-mode': 'no-cors', 'sec-fetch-site': 'none', 'priority': 'u=5, i', 'te': 'trailers'}",,"{'accept-ranges': 'bytes', 'access-control-allow-origin': '*', 'content-security-policy-report-only': ""require-trusted-types-for 'script'; report-uri https://csp.withgoogle.com/csp/images-tbn"", 'cross-origin-resource-policy': 'cross-origin', 'cross-origin-opener-policy-report-only': 'same-origin; report-to=""images-tbn""', 'report-to': '{""group"":""images-tbn"",""max_age"":2592000,""endpoints"":[{""url"":""https://csp.withgoogle.com/csp/report-to/images-tbn""}]}', 'content-length': '477', 'x-content-type-options': 'nosniff', 'server': 'sffe', 'x-xss-protection': '0', 'date': 'Wed, 13 May 2026 17:44:57 GMT', 'expires': 'Thu, 13 May 2027 17:44:57 GMT', 'cache-control': 'public, max-age=31536000', 'age': '1855', 'last-modified': 'Sat, 15 Oct 2022 11:56:48 GMT', 'content-type': 'image/png', 'alt-svc': 'h3="":443""; ma=2592000,h3-29="":443""; ma=2592000'}",,known_tracker
2026-05-13T18:15:41.887924,GET,encrypted-tbn0.gstatic.com,/images?q=tbn:ANd9GcSnPZLD7agL8vA-7IUc0m-YsHhsPrGRHG4YZuVvvZLGnwM1ahQOgvkvyo-HYQ&s=10,0,4471,image/jpeg,200,"{'user-agent': 'Mozilla/5.0 (X11; Ubuntu; Linux x86_64; rv:149.0) Gecko/20100101 Firefox/149.0', 'accept': 'image/avif,image/webp,image/png,image/svg+xml,image/*;q=0.8,*/*;q=0.5', 'accept-language': 'en-US,en;q=0.9', 'accept-encoding': 'gzip, deflate, br, zstd', 'sec-fetch-storage-access': 'active', 'sec-fetch-dest': 'image', 'sec-fetch-mode': 'no-cors', 'sec-fetch-site': 'none', 'priority': 'u=5, i', 'te': 'trailers'}",,"{'accept-ranges': 'bytes', 'access-control-allow-origin': '*', 'content-security-policy-report-only': ""require-trusted-types-for 'script'; report-uri https://csp.withgoogle.com/csp/images-tbn"", 'cross-origin-resource-policy': 'cross-origin', 'cross-origin-opener-policy-report-only': 'same-origin; report-to=""images-tbn""', 'report-to': '{""group"":""images-tbn"",""max_age"":2592000,""endpoints"":[{""url"":""https://csp.withgoogle.com/csp/report-to/images-tbn""}]}', 'content-length': '4471', 'x-content-type-options': 'nosniff', 'server': 'sffe', 'x-xss-protection': '0', 'date': 'Wed, 13 May 2026 15:12:04 GMT', 'expires': 'Thu, 13 May 2027 15:12:04 GMT', 'cache-control': 'public, max-age=31536000', 'age': '11028', 'last-modified': 'Tue, 12 Jun 2018 03:45:49 GMT', 'content-type': 'image/jpeg', 'alt-svc': 'h3="":443""; ma=2592000,h3-29="":443""; ma=2592000'}",,known_tracker
2026-05-13T18:15:41.858014,GET,www.google.com,/complete/search?client=firefox&channel=fen&q=tut,0,1473,text/javascript; charset=UTF-8,200,"{'user-agent': 'Mozilla/5.0 (X11; Ubuntu; Linux x86_64; rv:149.0) Gecko/20100101 Firefox/149.0', 'accept': '*/*', 'accept-language': 'en-US,en;q=0.9', 'accept-encoding': 'gzip, deflate, br, zstd', 'te': 'trailers'}",,"{'date': 'Wed, 13 May 2026 18:15:52 GMT', 'pragma': 'no-cache', 'expires': '-1', 'cache-control': 'no-cache, must-revalidate', 'content-type': 'text/javascript; charset=UTF-8', 'strict-transport-security': 'max-age=31536000', 'content-security-policy': ""object-src 'none';base-uri 'self';script-src 'nonce-VJqppiplpvfkj3NP3SCTow' 'strict-dynamic' 'report-sample' 'unsafe-eval' 'unsafe-inline' https: http:;report-uri https://csp.withgoogle.com/csp/gws/fff"", 'cross-origin-opener-policy': 'same-origin-allow-popups; report-to=""gws""', 'report-to': '{""group"":""gws"",""max_age"":2592000,""endpoints"":[{""url"":""https://csp.withgoogle.com/csp/report-to/gws/fff""}]}', 'accept-ch': 'Sec-CH-Prefers-Color-Scheme', 'content-disposition': 'attachment; filename=""f.txt""', 'content-encoding': 'br', 'server': 'gws', 'x-xss-protection': '0', 'x-frame-options': 'SAMEORIGIN', 'alt-svc': 'h3="":443""; ma=2592000,h3-29="":443""; ma=2592000'}",,known_tracker
2026-05-13T18:15:41.929576,GET,encrypted-tbn0.gstatic.com,/images?q=tbn:ANd9GcQ6R4j_1luevCKW_L-gPwroUi4ro0nzBZP0J9jHN_iw21stRTA3ScDWNGd_Pg&s=10,0,5408,image/jpeg,200,"{'user-agent': 'Mozilla/5.0 (X11; Ubuntu; Linux x86_64; rv:149.0) Gecko/20100101 Firefox/149.0', 'accept': 'image/avif,image/webp,image/png,image/svg+xml,image/*;q=0.8,*/*;q=0.5', 'accept-language': 'en-US,en;q=0.9', 'accept-encoding': 'gzip, deflate, br, zstd', 'sec-fetch-storage-access': 'active', 'sec-fetch-dest': 'image', 'sec-fetch-mode': 'no-cors', 'sec-fetch-site': 'none', 'priority': 'u=5, i', 'te': 'trailers'}",,"{'accept-ranges': 'bytes', 'access-control-allow-origin': '*', 'content-security-policy-report-only': ""require-trusted-types-for 'script'; report-uri https://csp.withgoogle.com/csp/images-tbn"", 'cross-origin-resource-policy': 'cross-origin', 'cross-origin-opener-policy-report-only': 'same-origin; report-to=""images-tbn""', 'report-to': '{""group"":""images-tbn"",""max_age"":2592000,""endpoints"":[{""url"":""https://csp.withgoogle.com/csp/report-to/images-tbn""}]}', 'content-length': '5408', 'x-content-type-options': 'nosniff', 'server': 'sffe', 'x-xss-protection': '0', 'date': 'Tue, 12 May 2026 21:53:37 GMT', 'expires': 'Wed, 12 May 2027 21:53:37 GMT', 'cache-control': 'public, max-age=31536000', 'age': '73335', 'last-modified': 'Sun, 20 Dec 2020 18:45:16 GMT', 'content-type': 'image/jpeg', 'alt-svc': 'h3="":443""; ma=2592000,h3-29="":443""; ma=2592000'}",,known_tracker
2026-05-13T18:15:41.943049,GET,encrypted-tbn0.gstatic.com,/images?q=tbn:ANd9GcTDllfEiAMhvI2Nj0hfQv76IB4cAhVxeq3ZzGlSllYETLNyki_UoEsLOB16qA&s=10,0,1019,image/png,200,"{'user-agent': 'Mozilla/5.0 (X11; Ubuntu; Linux x86_64; rv:149.0) Gecko/20100101 Firefox/149.0', 'accept': 'image/avif,image/webp,image/png,image/svg+xml,image/*;q=0.8,*/*;q=0.5', 'accept-language': 'en-US,en;q=0.9', 'accept-encoding': 'gzip, deflate, br, zstd', 'sec-fetch-storage-access': 'active', 'sec-fetch-dest': 'image', 'sec-fetch-mode': 'no-cors', 'sec-fetch-site': 'none', 'priority': 'u=5, i', 'te': 'trailers'}",,"{'accept-ranges': 'bytes', 'access-control-allow-origin': '*', 'content-security-policy-report-only': ""require-trusted-types-for 'script'; report-uri https://csp.withgoogle.com/csp/images-tbn"", 'cross-origin-resource-policy': 'cross-origin', 'cross-origin-opener-policy-report-only': 'same-origin; report-to=""images-tbn""', 'report-to': '{""group"":""images-tbn"",""max_age"":2592000,""endpoints"":[{""url"":""https://csp.withgoogle.com/csp/report-to/images-tbn""}]}', 'content-length': '1019', 'x-content-type-options': 'nosniff', 'server': 'sffe', 'x-xss-protection': '0', 'date': 'Tue, 12 May 2026 20:16:41 GMT', 'expires': 'Wed, 12 May 2027 20:16:41 GMT', 'cache-control': 'public, max-age=31536000', 'age': '79151', 'last-modified': 'Tue, 10 Aug 2021 05:04:46 GMT', 'content-type': 'image/png', 'alt-svc': 'h3="":443""; ma=2592000,h3-29="":443""; ma=2592000'}",,known_tracker
2026-05-13T18:15:42.026100,GET,encrypted-tbn0.gstatic.com,/images?q=tbn:ANd9GcTWF6yq3aF3-Y0-wDoDazuQKvP8grgkeRH9mAxu4AR9&s=10,0,3989,image/png,200,"{'user-agent': 'Mozilla/5.0 (X11; Ubuntu; Linux x86_64; rv:149.0) Gecko/20100101 Firefox/149.0', 'accept': 'image/avif,image/webp,image/png,image/svg+xml,image/*;q=0.8,*/*;q=0.5', 'accept-language': 'en-US,en;q=0.9', 'accept-encoding': 'gzip, deflate, br, zstd', 'sec-fetch-storage-access': 'active', 'sec-fetch-dest': 'image', 'sec-fetch-mode': 'no-cors', 'sec-fetch-site': 'none', 'priority': 'u=5, i', 'te': 'trailers'}",,"{'accept-ranges': 'bytes', 'access-control-allow-origin': '*', 'content-security-policy-report-only': ""require-trusted-types-for 'script'; report-uri https://csp.withgoogle.com/csp/images-tbn"", 'cross-origin-resource-policy': 'cross-origin', 'cross-origin-opener-policy-report-only': 'same-origin; report-to=""images-tbn""', 'report-to': '{""group"":""images-tbn"",""max_age"":2592000,""endpoints"":[{""url"":""https://csp.withgoogle.com/csp/report-to/images-tbn""}]}', 'content-length': '3989', 'x-content-type-options': 'nosniff', 'server': 'sffe', 'x-xss-protection': '0', 'date': 'Wed, 13 May 2026 14:12:13 GMT', 'expires': 'Thu, 13 May 2027 14:12:13 GMT', 'cache-control': 'public, max-age=31536000', 'age': '14619', 'last-modified': 'Fri, 30 Jan 2026 13:51:16 GMT', 'content-type': 'image/png', 'alt-svc': 'h3="":443""; ma=2592000,h3-29="":443""; ma=2592000'}",,known_tracker
2026-05-13T18:15:42.034779,GET,encrypted-tbn0.gstatic.com,/images?q=tbn:ANd9GcT04Mjx_i5bPykvBLC08QXR-6721fMVQCPzSB1_uCwKUZ4liNZmE0x6LIFu7w&s=10,0,4482,image/jpeg,200,"{'user-agent': 'Mozilla/5.0 (X11; Ubuntu; Linux x86_64; rv:149.0) Gecko/20100101 Firefox/149.0', 'accept': 'image/avif,image/webp,image/png,image/svg+xml,image/*;q=0.8,*/*;q=0.5', 'accept-language': 'en-US,en;q=0.9', 'accept-encoding': 'gzip, deflate, br, zstd', 'sec-fetch-storage-access': 'active', 'sec-fetch-dest': 'image', 'sec-fetch-mode': 'no-cors', 'sec-fetch-site': 'none', 'priority': 'u=5, i', 'te': 'trailers'}",,"{'accept-ranges': 'bytes', 'access-control-allow-origin': '*', 'content-security-policy-report-only': ""require-trusted-types-for 'script'; report-uri https://csp.withgoogle.com/csp/images-tbn"", 'cross-origin-resource-policy': 'cross-origin', 'cross-origin-opener-policy-report-only': 'same-origin; report-to=""images-tbn""', 'report-to': '{""group"":""images-tbn"",""max_age"":2592000,""endpoints"":[{""url"":""https://csp.withgoogle.com/csp/report-to/images-tbn""}]}', 'content-length': '4482', 'x-content-type-options': 'nosniff', 'server': 'sffe', 'x-xss-protection': '0', 'date': 'Tue, 12 May 2026 18:42:21 GMT', 'expires': 'Wed, 12 May 2027 18:42:21 GMT', 'cache-control': 'public, max-age=31536000', 'age': '84811', 'last-modified': 'Sat, 19 Oct 2024 09:16:47 GMT', 'content-type': 'image/jpeg', 'alt-svc': 'h3="":443""; ma=2592000,h3-29="":443""; ma=2592000'}",,known_tracker
2026-05-13T18:15:42.036953,GET,encrypted-tbn0.gstatic.com,/images?q=tbn:ANd9GcQqNGqiMbkzfpLnWFEJkPiT08V_WcIOKKZ97hyqBPBKxg&s=10,0,6893,image/jpeg,200,"{'user-agent': 'Mozilla/5.0 (X11; Ubuntu; Linux x86_64; rv:149.0) Gecko/20100101 Firefox/149.0', 'accept': 'image/avif,image/webp,image/png,image/svg+xml,image/*;q=0.8,*/*;q=0.5', 'accept-language': 'en-US,en;q=0.9', 'accept-encoding': 'gzip, deflate, br, zstd', 'sec-fetch-storage-access': 'active', 'sec-fetch-dest': 'image', 'sec-fetch-mode': 'no-cors', 'sec-fetch-site': 'none', 'priority': 'u=5, i', 'te': 'trailers'}",,"{'accept-ranges': 'bytes', 'access-control-allow-origin': '*', 'content-security-policy-report-only': ""require-trusted-types-for 'script'; report-uri https://csp.withgoogle.com/csp/images-tbn"", 'cross-origin-resource-policy': 'cross-origin', 'cross-origin-opener-policy-report-only': 'same-origin; report-to=""images-tbn""', 'report-to': '{""group"":""images-tbn"",""max_age"":2592000,""endpoints"":[{""url"":""https://csp.withgoogle.com/csp/report-to/images-tbn""}]}', 'content-length': '6893', 'x-content-type-options': 'nosniff', 'server': 'sffe', 'x-xss-protection': '0', 'date': 'Tue, 12 May 2026 20:57:04 GMT', 'expires': 'Wed, 12 May 2027 20:57:04 GMT', 'cache-control': 'public, max-age=31536000', 'age': '76728', 'last-modified': 'Tue, 14 Sep 2021 05:18:00 GMT', 'content-type': 'image/jpeg', 'alt-svc': 'h3="":443""; ma=2592000,h3-29="":443""; ma=2592000'}",,known_tracker
2026-05-13T18:15:42.051153,GET,encrypted-tbn0.gstatic.com,/images?q=tbn:ANd9GcSKXzQuZDgpnS5CLidj8NpdtO4vrh4kV-UkkercKRcSkJx53zMLOw9F74gTjA&s=10,0,6434,image/jpeg,200,"{'user-agent': 'Mozilla/5.0 (X11; Ubuntu; Linux x86_64; rv:149.0) Gecko/20100101 Firefox/149.0', 'accept': 'image/avif,image/webp,image/png,image/svg+xml,image/*;q=0.8,*/*;q=0.5', 'accept-language': 'en-US,en;q=0.9', 'accept-encoding': 'gzip, deflate, br, zstd', 'sec-fetch-storage-access': 'active', 'sec-fetch-dest': 'image', 'sec-fetch-mode': 'no-cors', 'sec-fetch-site': 'none', 'priority': 'u=5, i', 'te': 'trailers'}",,"{'accept-ranges': 'bytes', 'access-control-allow-origin': '*', 'content-security-policy-report-only': ""require-trusted-types-for 'script'; report-uri https://csp.withgoogle.com/csp/images-tbn"", 'cross-origin-resource-policy': 'cross-origin', 'cross-origin-opener-policy-report-only': 'same-origin; report-to=""images-tbn""', 'report-to': '{""group"":""images-tbn"",""max_age"":2592000,""endpoints"":[{""url"":""https://csp.withgoogle.com/csp/report-to/images-tbn""}]}', 'content-length': '6434', 'x-content-type-options': 'nosniff', 'server': 'sffe', 'x-xss-protection': '0', 'date': 'Tue, 12 May 2026 22:57:11 GMT', 'expires': 'Wed, 12 May 2027 22:57:11 GMT', 'cache-control': 'public, max-age=31536000', 'age': '69521', 'last-modified': 'Fri, 07 Nov 2025 17:45:00 GMT', 'content-type': 'image/jpeg', 'alt-svc': 'h3="":443""; ma=2592000,h3-29="":443""; ma=2592000'}",,known_tracker
2026-05-13T18:15:42.214067,GET,www.google.com,/complete/search?client=firefox&channel=fen&q=tuta,0,1923,text/javascript; charset=UTF-8,200,"{'user-agent': 'Mozilla/5.0 (X11; Ubuntu; Linux x86_64; rv:149.0) Gecko/20100101 Firefox/149.0', 'accept': '*/*', 'accept-language': 'en-US,en;q=0.9', 'accept-encoding': 'gzip, deflate, br, zstd', 'te': 'trailers'}",,"{'date': 'Wed, 13 May 2026 18:15:52 GMT', 'pragma': 'no-cache', 'expires': '-1', 'cache-control': 'no-cache, must-revalidate', 'content-type': 'text/javascript; charset=UTF-8', 'strict-transport-security': 'max-age=31536000', 'content-security-policy': ""object-src 'none';base-uri 'self';script-src 'nonce-92B3Zmeoc30hQozYq1uh7w' 'strict-dynamic' 'report-sample' 'unsafe-eval' 'unsafe-inline' https: http:;report-uri https://csp.withgoogle.com/csp/gws/fff"", 'cross-origin-opener-policy': 'same-origin-allow-popups; report-to=""gws""', 'report-to': '{""group"":""gws"",""max_age"":2592000,""endpoints"":[{""url"":""https://csp.withgoogle.com/csp/report-to/gws/fff""}]}', 'accept-ch': 'Sec-CH-Prefers-Color-Scheme', 'content-disposition': 'attachment; filename=""f.txt""', 'content-encoding': 'br', 'server': 'gws', 'x-xss-protection': '0', 'x-frame-options': 'SAMEORIGIN', 'alt-svc': 'h3="":443""; ma=2592000,h3-29="":443""; ma=2592000'}",,known_tracker
2026-05-13T18:15:42.532748,GET,lh3.googleusercontent.com,/grass/AGn6EeZ_GMwWtYYyR25UP8loPQSSMdQZ81b9apdBsoK3SEvmz1j3daILcBYX2mQ1eTqAI344g-lRKU_UgKoag1Rek6z2iw=w92-h92-n-k-no,0,7440,image/jpeg,200,"{'user-agent': 'Mozilla/5.0 (X11; Ubuntu; Linux x86_64; rv:149.0) Gecko/20100101 Firefox/149.0', 'accept': 'image/avif,image/webp,image/png,image/svg+xml,image/*;q=0.8,*/*;q=0.5', 'accept-language': 'en-US,en;q=0.9', 'accept-encoding': 'gzip, deflate, br, zstd', 'sec-fetch-storage-access': 'active', 'sec-fetch-dest': 'image', 'sec-fetch-mode': 'no-cors', 'sec-fetch-site': 'none', 'priority': 'u=5, i', 'te': 'trailers'}",,"{'access-control-allow-origin': '*', 'timing-allow-origin': '*', 'access-control-expose-headers': 'Content-Length', 'content-disposition': 'inline;filename=""unnamed.jpg""', 'x-content-type-options': 'nosniff', 'server': 'fife', 'content-length': '7440', 'x-xss-protection': '0', 'date': 'Wed, 13 May 2026 17:50:00 GMT', 'expires': 'Thu, 14 May 2026 17:50:00 GMT', 'cache-control': 'public, max-age=86400, no-transform', 'age': '1553', 'etag': '""v76""', 'content-type': 'image/jpeg', 'vary': 'Origin', 'alt-svc': 'h3="":443""; ma=2592000,h3-29="":443""; ma=2592000'}",,known_tracker
2026-05-13T18:15:42.543916,GET,lh3.googleusercontent.com,/grass-cs/ANxoTn2r2XJBO-FDRRNM1x1FqzMcrXElzbzZfXqQgmeohjAT6Ro13ceAE6q-U1WBYlwxAhcG8dnjWXJrja8nWDqZgERNl6JZt-RVJM1djQS0DsI9MsjnF5v0un5GBCEO2nrhgEbYix_Xdg=w92-h92-n-k-no,0,5192,image/jpeg,200,"{'user-agent': 'Mozilla/5.0 (X11; Ubuntu; Linux x86_64; rv:149.0) Gecko/20100101 Firefox/149.0', 'accept': 'image/avif,image/webp,image/png,image/svg+xml,image/*;q=0.8,*/*;q=0.5', 'accept-language': 'en-US,en;q=0.9', 'accept-encoding': 'gzip, deflate, br, zstd', 'sec-fetch-storage-access': 'active', 'sec-fetch-dest': 'image', 'sec-fetch-mode': 'no-cors', 'sec-fetch-site': 'none', 'priority': 'u=5, i', 'te': 'trailers'}",,"{'access-control-allow-origin': '*', 'timing-allow-origin': '*', 'access-control-expose-headers': 'Content-Length', 'content-disposition': 'inline;filename=""unnamed.jpg""', 'x-content-type-options': 'nosniff', 'server': 'fife', 'content-length': '5192', 'x-xss-protection': '0', 'date': 'Wed, 13 May 2026 17:15:43 GMT', 'expires': 'Thu, 14 May 2026 17:15:43 GMT', 'cache-control': 'public, max-age=86400, no-transform', 'age': '3610', 'etag': '""v0""', 'content-type': 'image/jpeg', 'vary': 'Origin', 'alt-svc': 'h3="":443""; ma=2592000,h3-29="":443""; ma=2592000'}",,known_tracker
2026-05-13T18:15:42.567147,GET,lh3.googleusercontent.com,/grass-cs/ANxoTn2b6UlDVe5kmc6OeW8X47F0f7X9dBmqi1bW86uNNXoAA9kiEqB_mMyx73BPKBAs9SZK7w-70AHeW5PkuTKkmv_0mRaWP8QAO3x0nwyi41ydN8auXWMUcEkQ6U1hhcQwFU6v0YY6WQ=w92-h92-n-k-no,0,6576,image/jpeg,200,"{'user-agent': 'Mozilla/5.0 (X11; Ubuntu; Linux x86_64; rv:149.0) Gecko/20100101 Firefox/149.0', 'accept': 'image/avif,image/webp,image/png,image/svg+xml,image/*;q=0.8,*/*;q=0.5', 'accept-language': 'en-US,en;q=0.9', 'accept-encoding': 'gzip, deflate, br, zstd', 'sec-fetch-storage-access': 'active', 'sec-fetch-dest': 'image', 'sec-fetch-mode': 'no-cors', 'sec-fetch-site': 'none', 'priority': 'u=5, i', 'te': 'trailers'}",,"{'access-control-allow-origin': '*', 'timing-allow-origin': '*', 'access-control-expose-headers': 'Content-Length', 'content-disposition': 'inline;filename=""unnamed.jpg""', 'x-content-type-options': 'nosniff', 'server': 'fife', 'content-length': '6576', 'x-xss-protection': '0', 'date': 'Wed, 13 May 2026 14:34:10 GMT', 'expires': 'Thu, 14 May 2026 14:34:10 GMT', 'cache-control': 'public, max-age=86400, no-transform', 'age': '13303', 'etag': '""v0""', 'content-type': 'image/jpeg', 'vary': 'Origin', 'alt-svc': 'h3="":443""; ma=2592000,h3-29="":443""; ma=2592000'}",,known_tracker
2026-05-13T18:15:47.291860,GET,www.google.com,/complete/search?client=firefox&channel=fen&q=tutan,0,,,,"{'user-agent': 'Mozilla/5.0 (X11; Ubuntu; Linux x86_64; rv:149.0) Gecko/20100101 Firefox/149.0', 'accept': '*/*', 'accept-language': 'en-US,en;q=0.9', 'accept-encoding': 'gzip, deflate, br, zstd', 'te': 'trailers'}",,,,known_tracker
2026-05-13T18:15:47.401535,GET,www.google.com,/complete/search?client=firefox&channel=fen&q=tutano,0,,,,"{'user-agent': 'Mozilla/5.0 (X11; Ubuntu; Linux x86_64; rv:149.0) Gecko/20100101 Firefox/149.0', 'accept': '*/*', 'accept-language': 'en-US,en;q=0.9', 'accept-encoding': 'gzip, deflate, br, zstd', 'te': 'trailers'}",,,,known_tracker
2026-05-13T18:15:47.485864,GET,www.google.com,/complete/search?client=firefox&channel=fen&q=tutanot,0,,,,"{'user-agent': 'Mozilla/5.0 (X11; Ubuntu; Linux x86_64; rv:149.0) Gecko/20100101 Firefox/149.0', 'accept': '*/*', 'accept-language': 'en-US,en;q=0.9', 'accept-encoding': 'gzip, deflate, br, zstd', 'te': 'trailers'}",,,,known_tracker
2026-05-13T18:15:47.576753,GET,www.google.com,/complete/search?client=firefox&channel=fen&q=tutanota,0,526,text/javascript; charset=UTF-8,200,"{'user-agent': 'Mozilla/5.0 (X11; Ubuntu; Linux x86_64; rv:149.0) Gecko/20100101 Firefox/149.0', 'accept': '*/*', 'accept-language': 'en-US,en;q=0.9', 'accept-encoding': 'gzip, deflate, br, zstd', 'te': 'trailers'}",,"{'date': 'Wed, 13 May 2026 18:15:57 GMT', 'pragma': 'no-cache', 'expires': '-1', 'cache-control': 'no-cache, must-revalidate', 'content-type': 'text/javascript; charset=UTF-8', 'strict-transport-security': 'max-age=31536000', 'content-security-policy': ""object-src 'none';base-uri 'self';script-src 'nonce-KbdDX8fclTxSMtQu_8hZuw' 'strict-dynamic' 'report-sample' 'unsafe-eval' 'unsafe-inline' https: http:;report-uri https://csp.withgoogle.com/csp/gws/fff"", 'cross-origin-opener-policy': 'same-origin-allow-popups; report-to=""gws""', 'report-to': '{""group"":""gws"",""max_age"":2592000,""endpoints"":[{""url"":""https://csp.withgoogle.com/csp/report-to/gws/fff""}]}', 'accept-ch': 'Sec-CH-Prefers-Color-Scheme', 'content-disposition': 'attachment; filename=""f.txt""', 'content-encoding': 'br', 'server': 'gws', 'x-xss-protection': '0', 'x-frame-options': 'SAMEORIGIN', 'alt-svc': 'h3="":443""; ma=2592000,h3-29="":443""; ma=2592000'}",,known_tracker
2026-05-13T18:15:48.192020,GET,www.google.com,/complete/search?client=firefox&channel=fen&q=tutanot,0,,,,"{'user-agent': 'Mozilla/5.0 (X11; Ubuntu; Linux x86_64; rv:149.0) Gecko/20100101 Firefox/149.0', 'accept': '*/*', 'accept-language': 'en-US,en;q=0.9', 'accept-encoding': 'gzip, deflate, br, zstd', 'te': 'trailers'}",,,,known_tracker
2026-05-13T18:15:48.406518,GET,www.google.com,/complete/search?client=firefox&channel=fen&q=tutano,0,,,,"{'user-agent': 'Mozilla/5.0 (X11; Ubuntu; Linux x86_64; rv:149.0) Gecko/20100101 Firefox/149.0', 'accept': '*/*', 'accept-language': 'en-US,en;q=0.9', 'accept-encoding': 'gzip, deflate, br, zstd', 'te': 'trailers'}",,,,known_tracker
2026-05-13T18:15:48.585661,GET,www.google.com,/complete/search?client=firefox&channel=fen&q=tutan,0,,,,"{'user-agent': 'Mozilla/5.0 (X11; Ubuntu; Linux x86_64; rv:149.0) Gecko/20100101 Firefox/149.0', 'accept': '*/*', 'accept-language': 'en-US,en;q=0.9', 'accept-encoding': 'gzip, deflate, br, zstd', 'te': 'trailers'}",,,,known_tracker
2026-05-13T18:15:48.680172,GET,www.google.com,/complete/search?client=firefox&channel=fen&q=tuta,0,1923,text/javascript; charset=UTF-8,200,"{'user-agent': 'Mozilla/5.0 (X11; Ubuntu; Linux x86_64; rv:149.0) Gecko/20100101 Firefox/149.0', 'accept': '*/*', 'accept-language': 'en-US,en;q=0.9', 'accept-encoding': 'gzip, deflate, br, zstd', 'te': 'trailers'}",,"{'date': 'Wed, 13 May 2026 18:15:58 GMT', 'pragma': 'no-cache', 'expires': '-1', 'cache-control': 'no-cache, must-revalidate', 'content-type': 'text/javascript; charset=UTF-8', 'strict-transport-security': 'max-age=31536000', 'content-security-policy': ""object-src 'none';base-uri 'self';script-src 'nonce-3I-uc4okxP6fVkRToG70ew' 'strict-dynamic' 'report-sample' 'unsafe-eval' 'unsafe-inline' https: http:;report-uri https://csp.withgoogle.com/csp/gws/fff"", 'cross-origin-opener-policy': 'same-origin-allow-popups; report-to=""gws""', 'report-to': '{""group"":""gws"",""max_age"":2592000,""endpoints"":[{""url"":""https://csp.withgoogle.com/csp/report-to/gws/fff""}]}', 'accept-ch': 'Sec-CH-Prefers-Color-Scheme', 'content-disposition': 'attachment; filename=""f.txt""', 'content-encoding': 'br', 'server': 'gws', 'x-xss-protection': '0', 'x-frame-options': 'SAMEORIGIN', 'alt-svc': 'h3="":443""; ma=2592000,h3-29="":443""; ma=2592000'}",,known_tracker
2026-05-13T18:15:49.511991,GET,www.google.com,/complete/search?client=firefox&channel=fen&q=tuta.,0,239,text/javascript; charset=UTF-8,200,"{'user-agent': 'Mozilla/5.0 (X11; Ubuntu; Linux x86_64; rv:149.0) Gecko/20100101 Firefox/149.0', 'accept': '*/*', 'accept-language': 'en-US,en;q=0.9', 'accept-encoding': 'gzip, deflate, br, zstd', 'te': 'trailers'}",,"{'date': 'Wed, 13 May 2026 18:15:59 GMT', 'pragma': 'no-cache', 'expires': '-1', 'cache-control': 'no-cache, must-revalidate', 'content-type': 'text/javascript; charset=UTF-8', 'strict-transport-security': 'max-age=31536000', 'content-security-policy': ""object-src 'none';base-uri 'self';script-src 'nonce-b5UVQbllVP6nS10FXHsE3A' 'strict-dynamic' 'report-sample' 'unsafe-eval' 'unsafe-inline' https: http:;report-uri https://csp.withgoogle.com/csp/gws/fff"", 'cross-origin-opener-policy': 'same-origin-allow-popups; report-to=""gws""', 'report-to': '{""group"":""gws"",""max_age"":2592000,""endpoints"":[{""url"":""https://csp.withgoogle.com/csp/report-to/gws/fff""}]}', 'accept-ch': 'Sec-CH-Prefers-Color-Scheme', 'content-disposition': 'attachment; filename=""f.txt""', 'content-encoding': 'br', 'server': 'gws', 'x-xss-protection': '0', 'x-frame-options': 'SAMEORIGIN', 'alt-svc': 'h3="":443""; ma=2592000,h3-29="":443""; ma=2592000'}",,known_tracker
2026-05-13T18:15:50.256430,GET,www.google.com,/complete/search?client=firefox&channel=fen&q=tuta.c,0,,,,"{'user-agent': 'Mozilla/5.0 (X11; Ubuntu; Linux x86_64; rv:149.0) Gecko/20100101 Firefox/149.0', 'accept': '*/*', 'accept-language': 'en-US,en;q=0.9', 'accept-encoding': 'gzip, deflate, br, zstd', 'te': 'trailers'}",,,,known_tracker
2026-05-13T18:15:50.356849,GET,www.google.com,/complete/search?client=firefox&channel=fen&q=tuta.co,0,,,,"{'user-agent': 'Mozilla/5.0 (X11; Ubuntu; Linux x86_64; rv:149.0) Gecko/20100101 Firefox/149.0', 'accept': '*/*', 'accept-language': 'en-US,en;q=0.9', 'accept-encoding': 'gzip, deflate, br, zstd', 'te': 'trailers'}",,,,known_tracker
2026-05-13T18:15:50.507101,GET,www.google.com,/complete/search?client=firefox&channel=fen&q=tuta.com,0,,,,"{'user-agent': 'Mozilla/5.0 (X11; Ubuntu; Linux x86_64; rv:149.0) Gecko/20100101 Firefox/149.0', 'accept': '*/*', 'accept-language': 'en-US,en;q=0.9', 'accept-encoding': 'gzip, deflate, br, zstd', 'te': 'trailers'}",,,,known_tracker
2026-05-13T18:15:50.866766,GET,www.google.com,/search?client=ubuntu-sn&channel=fs&q=tuta.com,0,90517,text/html; charset=UTF-8,200,"{'user-agent': 'Mozilla/5.0 (X11; Ubuntu; Linux x86_64; rv:149.0) Gecko/20100101 Firefox/149.0', 'accept': 'text/html,application/xhtml+xml,application/xml;q=0.9,*/*;q=0.8', 'accept-language': 'en-US,en;q=0.9', 'accept-encoding': 'gzip, deflate, br, zstd', 'upgrade-insecure-requests': '1', 'sec-fetch-dest': 'document', 'sec-fetch-mode': 'navigate', 'sec-fetch-site': 'none', 'sec-fetch-user': '?1', 'priority': 'u=0, i', 'te': 'trailers'}",,"{'content-type': 'text/html; charset=UTF-8', 'strict-transport-security': 'max-age=31536000', 'content-security-policy': ""object-src 'none';base-uri 'self';script-src 'nonce-W_YvN2GY0tdT5LE_xZCGvA' 'strict-dynamic' 'report-sample' 'unsafe-eval' 'unsafe-inline' https: http:;report-uri https://csp.withgoogle.com/csp/gws/fff"", 'cross-origin-opener-policy': 'same-origin-allow-popups; report-to=""gws""', 'report-to': '{""group"":""gws"",""max_age"":2592000,""endpoints"":[{""url"":""https://csp.withgoogle.com/csp/report-to/gws/fff""}]}', 'accept-ch': 'Sec-CH-Prefers-Color-Scheme', 'p3p': 'CP=""This is not a P3P policy! See g.co/p3phelp for more info.""', 'content-encoding': 'br', 'date': 'Wed, 13 May 2026 18:16:00 GMT', 'server': 'gws', 'x-xss-protection': '0', 'x-frame-options': 'SAMEORIGIN', 'expires': 'Wed, 13 May 2026 18:16:00 GMT', 'cache-control': 'private', 'set-cookie': '__Secure-STRP=AEEP7gLJJYzPRvmWdA9JbW8Jrv2ik3uPm_sfQc5csvQUwUSdnkG-Qw3ksepJyYVbMI9LUQQaCvi8nYrBfUAUP1E73u6VZ43PjD8Z; expires=Wed, 13-May-2026 18:21:00 GMT; path=/; domain=.google.com; Secure; SameSite=strict, AEC=AaJma5sYLEJ0So-nIhfykxbNmqtfGzjkDv0h5dpSTqqgZpQBCIi5QB2UPcw; expires=Mon, 09-Nov-2026 18:16:00 GMT; path=/; domain=.google.com; Secure; HttpOnly; SameSite=lax, NID=531=czGI6zDnCbcwLQiWec44V0h6GS9GIiS-wtdZTrbRRBcwA8piVyB1fCI3B-HbWGtVssdtNK1yc5AdCh4Jpl0c6GAflyCl7I6QMoQAovhc0W8YP4e7qeh1XctT6-XI4_rlp_WU8uezgAqDbC_vgAO2_WDUjP9akXBpczE2vfC2g2ggC2qkD4pB5gcYhn2oJQ0Ob5ohOtBQZHmwOSd2Rg4_TgrSSxPEzg; expires=Thu, 12-Nov-2026 18:16:00 GMT; path=/; domain=.google.com; Secure; HttpOnly; SameSite=none, __Secure-BUCKET=CIAC; expires=Mon, 09-Nov-2026 18:16:00 GMT; path=/; domain=.google.com; Secure; HttpOnly', 'alt-svc': 'h3="":443""; ma=2592000,h3-29="":443""; ma=2592000'}","__Secure-STRP=AEEP7gLJJYzPRvmWdA9JbW8Jrv2ik3uPm_sfQc5csvQUwUSdnkG-Qw3ksepJyYVbMI9LUQQaCvi8nYrBfUAUP1E73u6VZ43PjD8Z; expires=Wed, 13-May-2026 18:21:00 GMT; path=/; domain=.google.com; Secure; SameSite=strict, AEC=AaJma5sYLEJ0So-nIhfykxbNmqtfGzjkDv0h5dpSTqqgZpQBCIi5QB2UPcw; expires=Mon, 09-Nov-2026 18:16:00 GMT; path=/; domain=.google.com; Secure; HttpOnly; SameSite=lax, NID=531=czGI6zDnCbcwLQiWec44V0h6GS9GIiS-wtdZTrbRRBcwA8piVyB1fCI3B-HbWGtVssdtNK1yc5AdCh4Jpl0c6GAflyCl7I6QMoQAovhc0W8YP4e7qeh1XctT6-XI4_rlp_WU8uezgAqDbC_vgAO2_WDUjP9akXBpczE2vfC2g2ggC2qkD4pB5gcYhn2oJQ0Ob5ohOtBQZHmwOSd2Rg4_TgrSSxPEzg; expires=Thu, 12-Nov-2026 18:16:00 GMT; path=/; domain=.google.com; Secure; HttpOnly; SameSite=none, __Secure-BUCKET=CIAC; expires=Mon, 09-Nov-2026 18:16:00 GMT; path=/; domain=.google.com; Secure; HttpOnly",known_tracker
2026-05-13T18:15:52.458677,GET,www.google.com,/favicon.ico,0,5430,image/x-icon,200,"{'user-agent': 'Mozilla/5.0 (X11; Ubuntu; Linux x86_64; rv:149.0) Gecko/20100101 Firefox/149.0', 'accept': 'image/avif,image/webp,image/png,image/svg+xml,image/*;q=0.8,*/*;q=0.5', 'accept-language': 'en-US,en;q=0.9', 'accept-encoding': 'gzip, deflate, br, zstd', 'referer': 'https://www.google.com/search?client=ubuntu-sn&channel=fs&q=tuta.com', 'cookie': '__Secure-STRP=AEEP7gLJJYzPRvmWdA9JbW8Jrv2ik3uPm_sfQc5csvQUwUSdnkG-Qw3ksepJyYVbMI9LUQQaCvi8nYrBfUAUP1E73u6VZ43PjD8Z, AEC=AaJma5sYLEJ0So-nIhfykxbNmqtfGzjkDv0h5dpSTqqgZpQBCIi5QB2UPcw, NID=531=czGI6zDnCbcwLQiWec44V0h6GS9GIiS-wtdZTrbRRBcwA8piVyB1fCI3B-HbWGtVssdtNK1yc5AdCh4Jpl0c6GAflyCl7I6QMoQAovhc0W8YP4e7qeh1XctT6-XI4_rlp_WU8uezgAqDbC_vgAO2_WDUjP9akXBpczE2vfC2g2ggC2qkD4pB5gcYhn2oJQ0Ob5ohOtBQZHmwOSd2Rg4_TgrSSxPEzg, __Secure-BUCKET=CIAC, SG_SS=*c0-aTyvyAAawM784kDN9AMUwYAzf69AEAEABEArZ1JRaPGJ8durmSjOJxQZAL2ZZRhldg11d-po9IcUBnPkDeI6Ha5lJTfXF2rBgJz2m8VmSD8wwlHgvdGAxPQAAAd5tAAAASVcBB0EANZH5pd-GHmCrMCQOVx-JvQV_N5Nzs_PWsvQJACcPs7dzfadlvOdus0LSga4XLtdOF6dzabelpgNIUGwsOrhOht8a-zpPThKEt5-1TC-frNzK8Nbm8WPDWLmW8Qt3fAxqe0qvIQdv5qk6LuEFgiTsUCKsHtX0N-HRneONHEWj3QduHGReHjFWTGMJUuHVz9Omz5DCpW2G-kipURX3ZuiDJAO2_OO4pOCzBe8eiSVVsT-uaSO42VRFMlRiOlZlvwli8OT3pv3N1_Cf5rv5f8m5U6kA4ojEakxHPXKOOgoKSU01CXu10eW2KNnwDsRjzZqL7CJKO0hk5nsYt6Z5RPyvZVDBlrIW3Tg2H2m14mTNzmzKH-wOzNEsZbxW68ijUXIuKXCSrxd4f1cAPG5xwA91nE6AJCu-q9ZhO2PpJNJ2upXfBKAJdy1tJssNyqjPLm4kxa-mLiBg5V7rvrJ6z8Ics11pzTWaGgMN-tmFmgwgKX5HWTTIcgRq2re5FIInJr-H382QWd_KWoBLsla1HOO4vjQY-MsRhKBu3AuJHZOpGKPFJP2z8rHKDbjv5QN4xRtgvY7uQuzCtYb_uu88ierXgsaI_dIhWNi2RznexF0SbuwaBVW2qt5hqLBKmRUqgX9qklnsRKadHc01VBPVpIPIKS-HO3cF-9XzdmjB1PJo9uJAWthOZMbtSTZJIlzdawBYL2bgvik3sogu_-zuR-OQSzhjCBJoO6Zek0bxcW3_nEMU_ZVACbxwvPns_6D08zFBa5dDaxVWpG7S7BeD09lSN57HxHmC7-BUVU7489ndBgHO7745G0DSr1b7t9WdzGL_UqRWsDdtxzmCgWqo0jbw3f2kFsZGf1sLAwEgy8sBSAAiN5WqOEjvEV-5QwoY7k25NnbRP9pDEDc3HWTAApPOfvXtvpy5QRX10QC_JHEJeqGyhhscR-laoMOC6b-NbX2X9kza3mXlPIWZWUYx6CPL5xC9CCpZ7A3Rk9m_8o4_0dke2ZHl4_t-cJ86ZWwQ_pnzfxQcDUEhVWBzJfuzCsstOzKYUveQLYDnBF_J-XtFa4tJ6-Y64YBSHCK6AxXI22Mwkrfv7npGx4_55zdrEju71uAmJTuuB-J3O5A8toVolouSxU8Dxk5vrdMoKpdlnHqft7g12k9TdP-C-hfEZ4ZXl3Oy94uxT4IGIsCkjQHO9k8B', 'sec-fetch-dest': 'image', 'sec-fetch-mode': 'no-cors', 'sec-fetch-site': 'same-origin', 'priority': 'u=6', 'te': 'trailers'}",,"{'accept-ranges': 'bytes', 'content-encoding': 'gzip', 'cross-origin-resource-policy': 'cross-origin', 'cross-origin-opener-policy-report-only': 'same-origin; report-to=""static-on-bigtable""', 'report-to': '{""group"":""static-on-bigtable"",""max_age"":2592000,""endpoints"":[{""url"":""https://csp.withgoogle.com/csp/report-to/static-on-bigtable""}]}', 'content-length': '1494', 'x-content-type-options': 'nosniff', 'server': 'sffe', 'x-xss-protection': '0', 'date': 'Sun, 10 May 2026 13:27:04 GMT', 'expires': 'Mon, 18 May 2026 13:27:04 GMT', 'cache-control': 'public, max-age=691200', 'last-modified': 'Tue, 22 Oct 2019 18:30:00 GMT', 'content-type': 'image/x-icon', 'vary': 'Accept-Encoding', 'age': '276538', 'alt-svc': 'h3="":443""; ma=2592000,h3-29="":443""; ma=2592000'}",,known_tracker
2026-05-13T18:15:52.399991,GET,www.google.com,/search?client=ubuntu-sn&channel=fs&q=tuta.com&sei=4L8EavfzK4eNp84P7P_cqQg,0,371390,text/html; charset=UTF-8,200,"{'user-agent': 'Mozilla/5.0 (X11; Ubuntu; Linux x86_64; rv:149.0) Gecko/20100101 Firefox/149.0', 'accept': 'text/html,application/xhtml+xml,application/xml;q=0.9,*/*;q=0.8', 'accept-language': 'en-US,en;q=0.9', 'accept-encoding': 'gzip, deflate, br, zstd', 'referer': 'https://www.google.com/search?client=ubuntu-sn&channel=fs&q=tuta.com', 'cookie': '__Secure-STRP=AEEP7gLJJYzPRvmWdA9JbW8Jrv2ik3uPm_sfQc5csvQUwUSdnkG-Qw3ksepJyYVbMI9LUQQaCvi8nYrBfUAUP1E73u6VZ43PjD8Z, AEC=AaJma5sYLEJ0So-nIhfykxbNmqtfGzjkDv0h5dpSTqqgZpQBCIi5QB2UPcw, NID=531=czGI6zDnCbcwLQiWec44V0h6GS9GIiS-wtdZTrbRRBcwA8piVyB1fCI3B-HbWGtVssdtNK1yc5AdCh4Jpl0c6GAflyCl7I6QMoQAovhc0W8YP4e7qeh1XctT6-XI4_rlp_WU8uezgAqDbC_vgAO2_WDUjP9akXBpczE2vfC2g2ggC2qkD4pB5gcYhn2oJQ0Ob5ohOtBQZHmwOSd2Rg4_TgrSSxPEzg, __Secure-BUCKET=CIAC, SG_SS=*c0-aTyvyAAawM784kDN9AMUwYAzf69AEAEABEArZ1JRaPGJ8durmSjOJxQZAL2ZZRhldg11d-po9IcUBnPkDeI6Ha5lJTfXF2rBgJz2m8VmSD8wwlHgvdGAxPQAAAd5tAAAASVcBB0EANZH5pd-GHmCrMCQOVx-JvQV_N5Nzs_PWsvQJACcPs7dzfadlvOdus0LSga4XLtdOF6dzabelpgNIUGwsOrhOht8a-zpPThKEt5-1TC-frNzK8Nbm8WPDWLmW8Qt3fAxqe0qvIQdv5qk6LuEFgiTsUCKsHtX0N-HRneONHEWj3QduHGReHjFWTGMJUuHVz9Omz5DCpW2G-kipURX3ZuiDJAO2_OO4pOCzBe8eiSVVsT-uaSO42VRFMlRiOlZlvwli8OT3pv3N1_Cf5rv5f8m5U6kA4ojEakxHPXKOOgoKSU01CXu10eW2KNnwDsRjzZqL7CJKO0hk5nsYt6Z5RPyvZVDBlrIW3Tg2H2m14mTNzmzKH-wOzNEsZbxW68ijUXIuKXCSrxd4f1cAPG5xwA91nE6AJCu-q9ZhO2PpJNJ2upXfBKAJdy1tJssNyqjPLm4kxa-mLiBg5V7rvrJ6z8Ics11pzTWaGgMN-tmFmgwgKX5HWTTIcgRq2re5FIInJr-H382QWd_KWoBLsla1HOO4vjQY-MsRhKBu3AuJHZOpGKPFJP2z8rHKDbjv5QN4xRtgvY7uQuzCtYb_uu88ierXgsaI_dIhWNi2RznexF0SbuwaBVW2qt5hqLBKmRUqgX9qklnsRKadHc01VBPVpIPIKS-HO3cF-9XzdmjB1PJo9uJAWthOZMbtSTZJIlzdawBYL2bgvik3sogu_-zuR-OQSzhjCBJoO6Zek0bxcW3_nEMU_ZVACbxwvPns_6D08zFBa5dDaxVWpG7S7BeD09lSN57HxHmC7-BUVU7489ndBgHO7745G0DSr1b7t9WdzGL_UqRWsDdtxzmCgWqo0jbw3f2kFsZGf1sLAwEgy8sBSAAiN5WqOEjvEV-5QwoY7k25NnbRP9pDEDc3HWTAApPOfvXtvpy5QRX10QC_JHEJeqGyhhscR-laoMOC6b-NbX2X9kza3mXlPIWZWUYx6CPL5xC9CCpZ7A3Rk9m_8o4_0dke2ZHl4_t-cJ86ZWwQ_pnzfxQcDUEhVWBzJfuzCsstOzKYUveQLYDnBF_J-XtFa4tJ6-Y64YBSHCK6AxXI22Mwkrfv7npGx4_55zdrEju71uAmJTuuB-J3O5A8toVolouSxU8Dxk5vrdMoKpdlnHqft7g12k9TdP-C-hfEZ4ZXl3Oy94uxT4IGIsCkjQHO9k8B', 'upgrade-insecure-requests': '1', 'sec-fetch-dest': 'document', 'sec-fetch-mode': 'navigate', 'sec-fetch-site': 'same-origin', 'priority': 'u=0, i', 'te': 'trailers'}",,"{'date': 'Wed, 13 May 2026 18:16:02 GMT', 'expires': '-1', 'cache-control': 'private, max-age=0', 'content-type': 'text/html; charset=UTF-8', 'strict-transport-security': 'max-age=31536000', 'content-security-policy': ""object-src 'none';base-uri 'self';script-src 'nonce-heSN4CTWTLrM6pz6kI9v5A' 'strict-dynamic' 'report-sample' 'unsafe-eval' 'unsafe-inline' https: http:;report-uri https://csp.withgoogle.com/csp/gws/fff"", 'cross-origin-opener-policy': 'same-origin-allow-popups; report-to=""gws""', 'report-to': '{""group"":""gws"",""max_age"":2592000,""endpoints"":[{""url"":""https://csp.withgoogle.com/csp/report-to/gws/fff""}]}', 'accept-ch': 'Sec-CH-Prefers-Color-Scheme', 'p3p': 'CP=""This is not a P3P policy! See g.co/p3phelp for more info.""', 'content-encoding': 'br', 'server': 'gws', 'x-xss-protection': '0', 'x-frame-options': 'SAMEORIGIN', 'set-cookie': 'SG_SS=0;Expires=Mon, 01-Jan-1990 00:00:00 GMT, NID=531=bw91z9vV66jb7Wsu0oeAJM-ITQjQVsl36wcouF8t_nr6cbQaxHTXcV9Hm4fWOf-2T5WCA4GJ0upSGPEliEvStqBPOzMGu7mNO2gHDv0VHvt3y6g82ab2KI7TCXpWZd2cuz3ElO9gpN71tDu2lFUFBJORjUL9Hmbt2Ba7br5in5qQ9lz5rp5fr94SchFySkG1dDsvREnaek82BoxJoFmbc92DMyO7isq5GP-TbZonoIuRP5_2-iotUcCwhw; expires=Thu, 12-Nov-2026 18:16:00 GMT; path=/; domain=.google.com; Secure; HttpOnly; SameSite=none', 'alt-svc': 'h3="":443""; ma=2592000,h3-29="":443""; ma=2592000'}","SG_SS=0;Expires=Mon, 01-Jan-1990 00:00:00 GMT, NID=531=bw91z9vV66jb7Wsu0oeAJM-ITQjQVsl36wcouF8t_nr6cbQaxHTXcV9Hm4fWOf-2T5WCA4GJ0upSGPEliEvStqBPOzMGu7mNO2gHDv0VHvt3y6g82ab2KI7TCXpWZd2cuz3ElO9gpN71tDu2lFUFBJORjUL9Hmbt2Ba7br5in5qQ9lz5rp5fr94SchFySkG1dDsvREnaek82BoxJoFmbc92DMyO7isq5GP-TbZonoIuRP5_2-iotUcCwhw; expires=Thu, 12-Nov-2026 18:16:00 GMT; path=/; domain=.google.com; Secure; HttpOnly; SameSite=none",known_tracker
2026-05-13T18:15:53.171015,GET,www.google.com,"/xjs/_/ss/k=xjs.s.KCXexc3Z3gY.L.F4.O/am=AACEAAAAQQAAABAAAAAAAAACAIgAAAAAAAAAAAAAAAAAAAAIAAIAABAAAAAAAAAAAAEAAAAAAIAAAAAAAACAAAABAAAAAAAAAKAAAAAAABoQAQAIAAAAAAAAACikDwAAQAMAAAAAADwAGCBEAAAAAAAAAAAAAAABAAAAEgAAAAAAAAAgAAAAAAAAAgAAIAAAAAAAAAABAEAAEQAAAAABAAAAIAAAgAAAAAAAAAAAAAAoAAAAAAAIAAAAAAAAwAEAAAAAAAAAAAAAAQAAAAAAABAAAADAAEAaAAAAAAAAAGEAAAAAAAAAAAAABAAAAQAAAAAAAAAQkAAEAEDAAAAAAAADAAAAAAAAAAAgAIAgIBAAgACgAAQEAAAAAAcAAAAAAAAACAAAAAAAAAQAQAAAAgIQAggAAAAAAAQAAAAgAAAAgBwAAAAAAAAAAiAAAAAAgBFkAAASBQAQAQAgAAAEAAARkwAAAKAACAABAAAAAAAAAAAAAGAEAAAAAAAAAAAAkADwUggEAAAAAAAAAAAAAAAAAAMAAAAAAAAAAAAAAAAAAAAAAAAAAAAAAAAAAAIAAAAAAAAAAAAAAAAAAAAAAAAAAAAAAACA/d=1/ed=1/br=1/cb=loaded_h_0/rs=ACT90oHfYqtNzcnp5yF38HDxU0r5vRZ-5A/m=X3N0Bf,attn,cdos,gwc,hsm,jsa,mb4ZUb,cEt90b,SNUn3,qddgKe,sTsDMc,dtl0hd,eHDfl,YV5bee,d,csi?cb=121509378",0,2808,text/css; charset=UTF-8,200,"{'user-agent': 'Mozilla/5.0 (X11; Ubuntu; Linux x86_64; rv:149.0) Gecko/20100101 Firefox/149.0', 'accept': 'text/css,*/*;q=0.1', 'accept-language': 'en-US,en;q=0.9', 'accept-encoding': 'gzip, deflate, br, zstd', 'referer': 'https://www.google.com/', 'cookie': '__Secure-STRP=AEEP7gLJJYzPRvmWdA9JbW8Jrv2ik3uPm_sfQc5csvQUwUSdnkG-Qw3ksepJyYVbMI9LUQQaCvi8nYrBfUAUP1E73u6VZ43PjD8Z, AEC=AaJma5sYLEJ0So-nIhfykxbNmqtfGzjkDv0h5dpSTqqgZpQBCIi5QB2UPcw, NID=531=bw91z9vV66jb7Wsu0oeAJM-ITQjQVsl36wcouF8t_nr6cbQaxHTXcV9Hm4fWOf-2T5WCA4GJ0upSGPEliEvStqBPOzMGu7mNO2gHDv0VHvt3y6g82ab2KI7TCXpWZd2cuz3ElO9gpN71tDu2lFUFBJORjUL9Hmbt2Ba7br5in5qQ9lz5rp5fr94SchFySkG1dDsvREnaek82BoxJoFmbc92DMyO7isq5GP-TbZonoIuRP5_2-iotUcCwhw, __Secure-BUCKET=CIAC', 'sec-fetch-dest': 'style', 'sec-fetch-mode': 'no-cors', 'sec-fetch-site': 'same-origin', 'priority': 'u=2', 'te': 'trailers'}",,"{'accept-ranges': 'bytes', 'content-encoding': 'br', 'content-security-policy-report-only': ""require-trusted-types-for 'script'; report-uri https://csp.withgoogle.com/csp/gws-team"", 'cross-origin-resource-policy': 'cross-origin', 'cross-origin-opener-policy': 'same-origin; report-to=""gws-team""', 'report-to': '{""group"":""gws-team"",""max_age"":2592000,""endpoints"":[{""url"":""https://csp.withgoogle.com/csp/report-to/gws-team""}]}', 'content-length': '1290', 'x-content-type-options': 'nosniff', 'server': 'sffe', 'x-xss-protection': '0', 'date': 'Wed, 13 May 2026 17:49:09 GMT', 'expires': 'Thu, 13 May 2027 17:49:09 GMT', 'cache-control': 'public, immutable, max-age=31536000', 'last-modified': 'Wed, 13 May 2026 16:44:55 GMT', 'content-type': 'text/css; charset=UTF-8', 'vary': 'Accept-Encoding, Origin', 'age': '1613', 'alt-svc': 'h3="":443""; ma=2592000,h3-29="":443""; ma=2592000'}",,known_tracker
2026-05-13T18:15:53.474560,GET,fonts.gstatic.com,/s/googlesans/v29/4UaGrENHsxJlGDuGo1OIlL3Owp4.woff2,0,39516,font/woff2,200,"{'user-agent': 'Mozilla/5.0 (X11; Ubuntu; Linux x86_64; rv:149.0) Gecko/20100101 Firefox/149.0', 'accept': 'application/font-woff2;q=1.0,application/font-woff;q=0.9,*/*;q=0.8', 'accept-language': 'en-US,en;q=0.9', 'accept-encoding': 'identity', 'referer': 'https://www.google.com/', 'origin': 'https://www.google.com', 'sec-fetch-dest': 'font', 'sec-fetch-mode': 'cors', 'sec-fetch-site': 'cross-site', 'te': 'trailers'}",,"{'accept-ranges': 'bytes', 'access-control-allow-origin': '*', 'content-security-policy-report-only': ""require-trusted-types-for 'script'; report-uri https://csp.withgoogle.com/csp/apps-themes"", 'cross-origin-resource-policy': 'cross-origin', 'cross-origin-opener-policy': 'same-origin; report-to=""apps-themes""', 'report-to': '{""group"":""apps-themes"",""max_age"":2592000,""endpoints"":[{""url"":""https://csp.withgoogle.com/csp/report-to/apps-themes""}]}', 'timing-allow-origin': '*', 'content-length': '39516', 'x-content-type-options': 'nosniff', 'server': 'sffe', 'x-xss-protection': '0', 'date': 'Sat, 09 May 2026 19:18:06 GMT', 'expires': 'Sun, 09 May 2027 19:18:06 GMT', 'cache-control': 'public, max-age=31536000', 'age': '341877', 'last-modified': 'Tue, 23 Feb 2021 01:47:39 GMT', 'content-type': 'font/woff2', 'alt-svc': 'h3="":443""; ma=2592000,h3-29="":443""; ma=2592000'}",,known_tracker
2026-05-13T18:15:53.449643,GET,www.gstatic.com,"/og/_/js/k=og.asy.en_US.8O7hiE3msEQ.2019.O/rt=j/m=_ac,_awd,ada,lldp,qads/exm=/d=1/ed=1/rs=AA2YrTv07YhAb0eggjeMCZa6Nd35sTdeVA",0,228529,text/javascript; charset=UTF-8,200,"{'user-agent': 'Mozilla/5.0 (X11; Ubuntu; Linux x86_64; rv:149.0) Gecko/20100101 Firefox/149.0', 'accept': '*/*', 'accept-language': 'en-US,en;q=0.9', 'accept-encoding': 'gzip, deflate, br, zstd', 'referer': 'https://www.google.com/', 'sec-fetch-storage-access': 'none', 'sec-fetch-dest': 'script', 'sec-fetch-mode': 'no-cors', 'sec-fetch-site': 'cross-site', 'te': 'trailers'}",,"{'accept-ranges': 'bytes', 'content-encoding': 'gzip', 'content-security-policy-report-only': ""require-trusted-types-for 'script'; report-uri https://csp.withgoogle.com/csp/one-google-eng"", 'cross-origin-resource-policy': 'cross-origin', 'cross-origin-opener-policy': 'same-origin; report-to=""one-google-eng""', 'report-to': '{""group"":""one-google-eng"",""max_age"":2592000,""endpoints"":[{""url"":""https://csp.withgoogle.com/csp/report-to/one-google-eng""}]}', 'content-length': '82970', 'x-content-type-options': 'nosniff', 'server': 'sffe', 'x-xss-protection': '0', 'date': 'Mon, 11 May 2026 13:14:32 GMT', 'expires': 'Tue, 11 May 2027 13:14:32 GMT', 'cache-control': 'public, max-age=31536000', 'last-modified': 'Mon, 11 May 2026 01:31:25 GMT', 'content-type': 'text/javascript; charset=UTF-8', 'vary': 'Accept-Encoding, Origin', 'age': '190891', 'alt-svc': 'h3="":443""; ma=2592000,h3-29="":443""; ma=2592000'}",,known_tracker
2026-05-13T18:15:53.576468,GET,www.google.com,/verify/ANZVzsTJ6dqfnGq--poW7qzmQSYf2N0oG7PkLnZQOEI9SfC8SlnRLjmLh1C4Bk1WcBL3vj6MaohEjakLSnNmn0R0OeZHZrUvy9unWjrAZ7vhVtMfl-tPdKCbcZJcoaH2sR1_yod9YgUHzERrHZhMOWx95w,0,0,text/plain; charset=UTF-8,204,"{'user-agent': 'Mozilla/5.0 (X11; Ubuntu; Linux x86_64; rv:149.0) Gecko/20100101 Firefox/149.0', 'accept': 'image/avif,image/webp,image/png,image/svg+xml,image/*;q=0.8,*/*;q=0.5', 'accept-language': 'en-US,en;q=0.9', 'accept-encoding': 'gzip, deflate, br, zstd', 'referer': 'https://www.google.com/', 'cookie': '__Secure-STRP=AEEP7gLJJYzPRvmWdA9JbW8Jrv2ik3uPm_sfQc5csvQUwUSdnkG-Qw3ksepJyYVbMI9LUQQaCvi8nYrBfUAUP1E73u6VZ43PjD8Z, AEC=AaJma5sYLEJ0So-nIhfykxbNmqtfGzjkDv0h5dpSTqqgZpQBCIi5QB2UPcw, NID=531=bw91z9vV66jb7Wsu0oeAJM-ITQjQVsl36wcouF8t_nr6cbQaxHTXcV9Hm4fWOf-2T5WCA4GJ0upSGPEliEvStqBPOzMGu7mNO2gHDv0VHvt3y6g82ab2KI7TCXpWZd2cuz3ElO9gpN71tDu2lFUFBJORjUL9Hmbt2Ba7br5in5qQ9lz5rp5fr94SchFySkG1dDsvREnaek82BoxJoFmbc92DMyO7isq5GP-TbZonoIuRP5_2-iotUcCwhw, __Secure-BUCKET=CIAC', 'sec-fetch-dest': 'image', 'sec-fetch-mode': 'no-cors', 'sec-fetch-site': 'same-origin', 'priority': 'u=5, i', 'te': 'trailers'}",,"{'content-type': 'text/plain; charset=UTF-8', 'date': 'Wed, 13 May 2026 18:16:03 GMT', 'pragma': 'no-cache', 'expires': 'Fri, 01 Jan 1990 00:00:00 GMT', 'cache-control': 'no-cache, no-store, must-revalidate', 'cross-origin-resource-policy': 'cross-origin', 'content-security-policy-report-only': ""script-src 'none'; form-action 'none'; frame-src 'none'; report-uri https://csp.withgoogle.com/csp/scaffolding/zkilcrhshc:239:0"", 'cross-origin-opener-policy-report-only': 'same-origin; report-to=zkilcrhshc:239:0', 'report-to': '{""group"":""zkilcrhshc:239:0"",""max_age"":2592000,""endpoints"":[{""url"":""https://csp.withgoogle.com/csp/report-to/scaffolding/zkilcrhshc:239:0""}],}', 'server': 'scaffolding on HTTPServer2', 'content-length': '0', 'x-xss-protection': '0', 'x-frame-options': 'SAMEORIGIN', 'alt-svc': 'h3="":443""; ma=2592000,h3-29="":443""; ma=2592000'}",,known_tracker
2026-05-13T18:15:53.612489,GET,www.google.com,/images/nav_logo321.webp,0,5494,image/webp,200,"{'user-agent': 'Mozilla/5.0 (X11; Ubuntu; Linux x86_64; rv:149.0) Gecko/20100101 Firefox/149.0', 'accept': 'image/avif,image/webp,image/png,image/svg+xml,image/*;q=0.8,*/*;q=0.5', 'accept-language': 'en-US,en;q=0.9', 'accept-encoding': 'gzip, deflate, br, zstd', 'referer': 'https://www.google.com/', 'cookie': '__Secure-STRP=AEEP7gLJJYzPRvmWdA9JbW8Jrv2ik3uPm_sfQc5csvQUwUSdnkG-Qw3ksepJyYVbMI9LUQQaCvi8nYrBfUAUP1E73u6VZ43PjD8Z, AEC=AaJma5sYLEJ0So-nIhfykxbNmqtfGzjkDv0h5dpSTqqgZpQBCIi5QB2UPcw, NID=531=bw91z9vV66jb7Wsu0oeAJM-ITQjQVsl36wcouF8t_nr6cbQaxHTXcV9Hm4fWOf-2T5WCA4GJ0upSGPEliEvStqBPOzMGu7mNO2gHDv0VHvt3y6g82ab2KI7TCXpWZd2cuz3ElO9gpN71tDu2lFUFBJORjUL9Hmbt2Ba7br5in5qQ9lz5rp5fr94SchFySkG1dDsvREnaek82BoxJoFmbc92DMyO7isq5GP-TbZonoIuRP5_2-iotUcCwhw, __Secure-BUCKET=CIAC', 'sec-fetch-dest': 'image', 'sec-fetch-mode': 'no-cors', 'sec-fetch-site': 'same-origin', 'priority': 'u=4, i', 'te': 'trailers'}",,"{'accept-ranges': 'bytes', 'content-type': 'image/webp', 'cross-origin-resource-policy': 'cross-origin', 'cross-origin-opener-policy-report-only': 'same-origin; report-to=""static-on-bigtable""', 'report-to': '{""group"":""static-on-bigtable"",""max_age"":2592000,""endpoints"":[{""url"":""https://csp.withgoogle.com/csp/report-to/static-on-bigtable""}]}', 'content-length': '5494', 'date': 'Wed, 13 May 2026 18:16:03 GMT', 'expires': 'Wed, 13 May 2026 18:16:03 GMT', 'cache-control': 'private, max-age=31536000', 'last-modified': 'Fri, 23 Aug 2024 07:30:00 GMT', 'x-content-type-options': 'nosniff', 'server': 'sffe', 'x-xss-protection': '0', 'alt-svc': 'h3="":443""; ma=2592000,h3-29="":443""; ma=2592000'}",,known_tracker
2026-05-13T18:15:53.809603,POST,www.google.com,"/gen_204?s=web&t=aft&atyp=csi&ei=4r8Eas3YCIG_p84P_62AuAo&rt=wsrt.637,hst.141,sgl.1584,sct.318,frts.332,prt.642,frvt.869,afti.869,afts.332,aft.869,sgls.1584&imn=7&dtc=495&stc=133&ima=1&imad=0&imac=0&wh=683&nt=navigate&ts=0&nhp=h2&ant=replace&opi=89978449",0,0,text/html; charset=UTF-8,204,"{'user-agent': 'Mozilla/5.0 (X11; Ubuntu; Linux x86_64; rv:149.0) Gecko/20100101 Firefox/149.0', 'accept': '*/*', 'accept-language': 'en-US,en;q=0.9', 'accept-encoding': 'gzip, deflate, br, zstd', 'referer': 'https://www.google.com/', 'content-type': 'text/plain;charset=UTF-8', 'content-length': '0', 'origin': 'https://www.google.com', 'cookie': '__Secure-STRP=AEEP7gLJJYzPRvmWdA9JbW8Jrv2ik3uPm_sfQc5csvQUwUSdnkG-Qw3ksepJyYVbMI9LUQQaCvi8nYrBfUAUP1E73u6VZ43PjD8Z, AEC=AaJma5sYLEJ0So-nIhfykxbNmqtfGzjkDv0h5dpSTqqgZpQBCIi5QB2UPcw, NID=531=bw91z9vV66jb7Wsu0oeAJM-ITQjQVsl36wcouF8t_nr6cbQaxHTXcV9Hm4fWOf-2T5WCA4GJ0upSGPEliEvStqBPOzMGu7mNO2gHDv0VHvt3y6g82ab2KI7TCXpWZd2cuz3ElO9gpN71tDu2lFUFBJORjUL9Hmbt2Ba7br5in5qQ9lz5rp5fr94SchFySkG1dDsvREnaek82BoxJoFmbc92DMyO7isq5GP-TbZonoIuRP5_2-iotUcCwhw, __Secure-BUCKET=CIAC', 'sec-fetch-dest': 'empty', 'sec-fetch-mode': 'no-cors', 'sec-fetch-site': 'same-origin', 'priority': 'u=6', 'te': 'trailers'}",,"{'content-type': 'text/html; charset=UTF-8', 'content-security-policy': ""object-src 'none';base-uri 'self';script-src 'nonce-oszr7dlH5wrTjvBmwDCrUA' 'strict-dynamic' 'report-sample' 'unsafe-eval' 'unsafe-inline' https: http:;report-uri https://csp.withgoogle.com/csp/gws/other"", 'cross-origin-opener-policy': 'same-origin-allow-popups; report-to=""gws""', 'report-to': '{""group"":""gws"",""max_age"":2592000,""endpoints"":[{""url"":""https://csp.withgoogle.com/csp/report-to/gws/other""}]}', 'date': 'Wed, 13 May 2026 18:16:03 GMT', 'server': 'gws', 'content-length': '0', 'x-xss-protection': '0', 'x-frame-options': 'SAMEORIGIN', 'alt-svc': 'h3="":443""; ma=2592000,h3-29="":443""; ma=2592000'}",,known_tracker
2026-05-13T18:15:53.839225,GET,www.google.com,/pagead/1p-conversion/16521530460/?gad_source=1&adview_type=4&adview_query_id=CKnQqMfvtpQDFQk61AEdAIodNA,0,0,text/css; charset=UTF-8,204,"{'user-agent': 'Mozilla/5.0 (X11; Ubuntu; Linux x86_64; rv:149.0) Gecko/20100101 Firefox/149.0', 'accept': 'image/avif,image/webp,image/png,image/svg+xml,image/*;q=0.8,*/*;q=0.5', 'accept-language': 'en-US,en;q=0.9', 'accept-encoding': 'gzip, deflate, br, zstd', 'referer': 'https://www.google.com/', 'cookie': '__Secure-STRP=AEEP7gLJJYzPRvmWdA9JbW8Jrv2ik3uPm_sfQc5csvQUwUSdnkG-Qw3ksepJyYVbMI9LUQQaCvi8nYrBfUAUP1E73u6VZ43PjD8Z, AEC=AaJma5sYLEJ0So-nIhfykxbNmqtfGzjkDv0h5dpSTqqgZpQBCIi5QB2UPcw, NID=531=bw91z9vV66jb7Wsu0oeAJM-ITQjQVsl36wcouF8t_nr6cbQaxHTXcV9Hm4fWOf-2T5WCA4GJ0upSGPEliEvStqBPOzMGu7mNO2gHDv0VHvt3y6g82ab2KI7TCXpWZd2cuz3ElO9gpN71tDu2lFUFBJORjUL9Hmbt2Ba7br5in5qQ9lz5rp5fr94SchFySkG1dDsvREnaek82BoxJoFmbc92DMyO7isq5GP-TbZonoIuRP5_2-iotUcCwhw, __Secure-BUCKET=CIAC', 'sec-fetch-dest': 'image', 'sec-fetch-mode': 'no-cors', 'sec-fetch-site': 'same-origin', 'priority': 'u=5, i', 'te': 'trailers'}",,"{'p3p': 'policyref=""https://www.googleadservices.com/pagead/p3p.xml"", CP=""NOI DEV PSA PSD IVA IVD OTP OUR OTR IND OTC""', 'timing-allow-origin': '*', 'cross-origin-resource-policy': 'cross-origin', 'content-type': 'text/css; charset=UTF-8', 'date': 'Wed, 13 May 2026 18:16:03 GMT', 'pragma': 'no-cache', 'expires': 'Fri, 01 Jan 1990 00:00:00 GMT', 'cache-control': 'no-cache, no-store, must-revalidate', 'x-content-type-options': 'nosniff', 'server': 'cafe', 'content-length': '0', 'x-xss-protection': '0', 'alt-svc': 'h3="":443""; ma=2592000,h3-29="":443""; ma=2592000'}",,known_tracker
2026-05-13T18:15:54.063631,GET,www.gstatic.com,"/og/_/ss/k=og.asy.ul95gLr40GU.L.F4.O/m=ll_tdm,adcgm3,ll_fw/excm=/d=1/ed=1/ct=zgms/rs=AA2YrTvqKPRCXqZHA-33rhnLnNXYAYRemw",0,5470,text/css; charset=UTF-8,200,"{'user-agent': 'Mozilla/5.0 (X11; Ubuntu; Linux x86_64; rv:149.0) Gecko/20100101 Firefox/149.0', 'accept': 'text/css,*/*;q=0.1', 'accept-language': 'en-US,en;q=0.9', 'accept-encoding': 'gzip, deflate, br, zstd', 'referer': 'https://www.google.com/', 'sec-fetch-storage-access': 'none', 'sec-fetch-dest': 'style', 'sec-fetch-mode': 'no-cors', 'sec-fetch-site': 'cross-site', 'priority': 'u=4', 'te': 'trailers'}",,"{'accept-ranges': 'bytes', 'content-encoding': 'gzip', 'content-security-policy-report-only': ""require-trusted-types-for 'script'; report-uri https://csp.withgoogle.com/csp/one-google-eng"", 'cross-origin-resource-policy': 'cross-origin', 'cross-origin-opener-policy': 'same-origin; report-to=""one-google-eng""', 'report-to': '{""group"":""one-google-eng"",""max_age"":2592000,""endpoints"":[{""url"":""https://csp.withgoogle.com/csp/report-to/one-google-eng""}]}', 'content-length': '1611', 'x-content-type-options': 'nosniff', 'server': 'sffe', 'x-xss-protection': '0', 'date': 'Tue, 12 May 2026 12:31:14 GMT', 'expires': 'Wed, 12 May 2027 12:31:14 GMT', 'cache-control': 'public, max-age=31536000', 'last-modified': 'Thu, 07 May 2026 01:36:23 GMT', 'content-type': 'text/css; charset=UTF-8', 'vary': 'Accept-Encoding, Origin', 'age': '107089', 'alt-svc': 'h3="":443""; ma=2592000,h3-29="":443""; ma=2592000'}",,known_tracker
2026-05-13T18:15:54.039326,GET,www.google.com,/shared_dict/srp/8e79e9e8513d0d5b35ff1a05c3c0a2137347d6c3c07fd30bbae232f5e6d6bceb.dict,0,261544,text/plain,200,"{'user-agent': 'Mozilla/5.0 (X11; Ubuntu; Linux x86_64; rv:149.0) Gecko/20100101 Firefox/149.0', 'accept': '*/*', 'accept-language': 'en-US,en;q=0.9', 'accept-encoding': 'gzip, deflate, br, zstd', 'referer': 'https://www.google.com/', 'cookie': '__Secure-STRP=AEEP7gLJJYzPRvmWdA9JbW8Jrv2ik3uPm_sfQc5csvQUwUSdnkG-Qw3ksepJyYVbMI9LUQQaCvi8nYrBfUAUP1E73u6VZ43PjD8Z, AEC=AaJma5sYLEJ0So-nIhfykxbNmqtfGzjkDv0h5dpSTqqgZpQBCIi5QB2UPcw, NID=531=bw91z9vV66jb7Wsu0oeAJM-ITQjQVsl36wcouF8t_nr6cbQaxHTXcV9Hm4fWOf-2T5WCA4GJ0upSGPEliEvStqBPOzMGu7mNO2gHDv0VHvt3y6g82ab2KI7TCXpWZd2cuz3ElO9gpN71tDu2lFUFBJORjUL9Hmbt2Ba7br5in5qQ9lz5rp5fr94SchFySkG1dDsvREnaek82BoxJoFmbc92DMyO7isq5GP-TbZonoIuRP5_2-iotUcCwhw, __Secure-BUCKET=CIAC', 'sec-fetch-dest': 'empty', 'sec-fetch-mode': 'cors', 'sec-fetch-site': 'same-origin', 'te': 'trailers'}",,"{'accept-ranges': 'bytes', 'content-encoding': 'br', 'content-security-policy': ""require-trusted-types-for 'script'; report-uri https://csp.withgoogle.com/csp/search-dictionary-policy"", 'cross-origin-resource-policy': 'same-origin', 'cross-origin-opener-policy': 'same-origin; report-to=""search-dictionary-policy""', 'report-to': '{""group"":""search-dictionary-policy"",""max_age"":2592000,""endpoints"":[{""url"":""https://csp.withgoogle.com/csp/report-to/search-dictionary-policy""}]}', 'content-length': '77286', 'x-content-type-options': 'nosniff', 'use-as-dictionary': 'match=""/search*""', 'server': 'sffe', 'x-xss-protection': '0', 'date': 'Mon, 11 May 2026 13:52:57 GMT', 'expires': 'Tue, 11 May 2027 13:52:57 GMT', 'cache-control': 'public, max-age=31536000', 'last-modified': 'Mon, 11 May 2026 12:00:00 GMT', 'content-type': 'text/plain', 'vary': 'Accept-Encoding', 'age': '188586', 'alt-svc': 'h3="":443""; ma=2592000,h3-29="":443""; ma=2592000'}",,known_tracker
2026-05-13T18:15:54.079367,GET,www.google.com,/verify/ANZVzsTJ6dqfnGq--poW7qzmQSYf2N0oG7PkLnZQOEI9SfC8SlnRLjmLh1C4Bk1WcBL3vj6MaohEjakLSnNmn0R0OeZHZrUvy9unWjrAZ7vhVtMfl-tPdKCbcZJcoaH2sR1_yod9YgUHzERrHZhMOWx95w,0,0,text/plain; charset=UTF-8,204,"{'user-agent': 'Mozilla/5.0 (X11; Ubuntu; Linux x86_64; rv:149.0) Gecko/20100101 Firefox/149.0', 'accept': 'image/avif,image/webp,image/png,image/svg+xml,image/*;q=0.8,*/*;q=0.5', 'accept-language': 'en-US,en;q=0.9', 'accept-encoding': 'gzip, deflate, br, zstd', 'referer': 'https://www.google.com/', 'cookie': '__Secure-STRP=AEEP7gLJJYzPRvmWdA9JbW8Jrv2ik3uPm_sfQc5csvQUwUSdnkG-Qw3ksepJyYVbMI9LUQQaCvi8nYrBfUAUP1E73u6VZ43PjD8Z, AEC=AaJma5sYLEJ0So-nIhfykxbNmqtfGzjkDv0h5dpSTqqgZpQBCIi5QB2UPcw, NID=531=bw91z9vV66jb7Wsu0oeAJM-ITQjQVsl36wcouF8t_nr6cbQaxHTXcV9Hm4fWOf-2T5WCA4GJ0upSGPEliEvStqBPOzMGu7mNO2gHDv0VHvt3y6g82ab2KI7TCXpWZd2cuz3ElO9gpN71tDu2lFUFBJORjUL9Hmbt2Ba7br5in5qQ9lz5rp5fr94SchFySkG1dDsvREnaek82BoxJoFmbc92DMyO7isq5GP-TbZonoIuRP5_2-iotUcCwhw, __Secure-BUCKET=CIAC', 'sec-fetch-dest': 'image', 'sec-fetch-mode': 'no-cors', 'sec-fetch-site': 'same-origin', 'priority': 'u=5, i', 'te': 'trailers'}",,"{'content-type': 'text/plain; charset=UTF-8', 'date': 'Wed, 13 May 2026 18:16:03 GMT', 'pragma': 'no-cache', 'expires': 'Fri, 01 Jan 1990 00:00:00 GMT', 'cache-control': 'no-cache, no-store, must-revalidate', 'cross-origin-resource-policy': 'cross-origin', 'content-security-policy-report-only': ""script-src 'none'; form-action 'none'; frame-src 'none'; report-uri https://csp.withgoogle.com/csp/scaffolding/zkilcrhshc:239:0"", 'cross-origin-opener-policy-report-only': 'same-origin; report-to=zkilcrhshc:239:0', 'report-to': '{""group"":""zkilcrhshc:239:0"",""max_age"":2592000,""endpoints"":[{""url"":""https://csp.withgoogle.com/csp/report-to/scaffolding/zkilcrhshc:239:0""}],}', 'server': 'scaffolding on HTTPServer2', 'content-length': '0', 'x-xss-protection': '0', 'x-frame-options': 'SAMEORIGIN', 'alt-svc': 'h3="":443""; ma=2592000,h3-29="":443""; ma=2592000'}",,known_tracker
2026-05-13T18:15:54.186532,POST,csp.withgoogle.com,/csp/gws/fff,741,0,text/html; charset=utf-8,204,"{'user-agent': 'Mozilla/5.0 (X11; Ubuntu; Linux x86_64; rv:149.0) Gecko/20100101 Firefox/149.0', 'accept': '*/*', 'accept-language': 'en-US,en;q=0.9', 'accept-encoding': 'gzip, deflate, br, zstd', 'content-type': 'application/csp-report', 'content-length': '741', 'sec-fetch-storage-access': 'none', 'origin': 'https://www.google.com', 'sec-fetch-dest': 'report', 'sec-fetch-mode': 'no-cors', 'sec-fetch-site': 'cross-site', 'priority': 'u=4', 'te': 'trailers'}","{""csp-report"":{""blocked-uri"":""inline"",""column-number"":1,""disposition"":""enforce"",""document-uri"":""https://www.google.com/search?client=ubuntu-sn&channel=fs&q=tuta.com&sei=4L8EavfzK4eNp84P7P_cqQg"",""effective-directive"":""script-src-attr"",""original-policy"":""object-src 'none'; base-uri 'self'; script-src 'nonce-heSN4CTWTLrM6pz6kI9v5A' 'strict-dynamic' 'report-sample' 'unsafe-eval' 'unsafe-inline' https: http:; report-uri https://csp.withgoogle.com/csp/gws/fff"",""referrer"":""https://www.google.com/search","{'content-type': 'text/html; charset=utf-8', 'vary': 'Sec-Fetch-Dest, Sec-Fetch-Mode, Sec-Fetch-Site', 'cache-control': 'no-cache, no-store, max-age=0, must-revalidate', 'pragma': 'no-cache', 'expires': 'Mon, 01 Jan 1990 00:00:00 GMT', 'date': 'Wed, 13 May 2026 18:16:03 GMT', 'content-security-policy': ""require-trusted-types-for 'script';report-uri /csp/_/CspCollectorHttp/cspreport, script-src 'nonce-sOV0dOHXMtD4yJpnf-rHmw' 'unsafe-inline';object-src 'none';base-uri 'self';report-uri /csp/_/CspCollectorHttp/cspreport;worker-src 'self', script-src 'unsafe-inline' 'unsafe-eval' blob: data: 'self' https://apis.google.com https://ssl.gstatic.com https://www.google.com https://www.googletagmanager.com https://www.gstatic.com https://www.google-analytics.com;report-uri /csp/_/CspCollectorHttp/cspreport/allowlist"", 'cross-origin-resource-policy': 'cross-origin', 'accept-ch': 'Sec-CH-UA-Arch, Sec-CH-UA-Bitness, Sec-CH-UA-Full-Version, Sec-CH-UA-Full-Version-List, Sec-CH-UA-Model, Sec-CH-UA-WoW64, Sec-CH-UA-Form-Factors, Sec-CH-UA-Platform, Sec-CH-UA-Platform-Version', 'cross-origin-opener-policy': 'same-origin', 'permissions-policy': 'ch-ua-arch=*, ch-ua-bitness=*, ch-ua-full-version=*, ch-ua-full-version-list=*, ch-ua-model=*, ch-ua-wow64=*, ch-ua-form-factors=*, ch-ua-platform=*, ch-ua-platform-version=*', 'reporting-endpoints': 'default=""/csp/_/CspCollectorHttp/web-reports?context=eJzj4tDikmII1JBiEOLhePx_0gU2gQ27r_5hUtJLyi-ML05NLi3KLKnUTS4u0E3Oz8lJTS7JL9LNKCkpiDcyMDIzMDU01DOwiC8wAABcVBf0""', 'server': 'ESF', 'content-length': '0', 'x-xss-protection': '0', 'x-frame-options': 'SAMEORIGIN', 'x-content-type-options': 'nosniff', 'alt-svc': 'h3="":443""; ma=2592000,h3-29="":443""; ma=2592000'}",,unknown_third_party
2026-05-13T18:15:54.275979,GET,www.googleadservices.com,/pagead/conversion/16521530460/?gad_source=1&adview_type=1&adview_query_id=CKnQqMfvtpQDFQk61AEdAIodNA,0,0,text/css; charset=UTF-8,204,"{'user-agent': 'Mozilla/5.0 (X11; Ubuntu; Linux x86_64; rv:149.0) Gecko/20100101 Firefox/149.0', 'accept': 'image/avif,image/webp,image/png,image/svg+xml,image/*;q=0.8,*/*;q=0.5', 'accept-language': 'en-US,en;q=0.9', 'accept-encoding': 'gzip, deflate, br, zstd', 'referer': 'https://www.google.com/', 'sec-fetch-storage-access': 'none', 'sec-fetch-dest': 'image', 'sec-fetch-mode': 'no-cors', 'sec-fetch-site': 'cross-site', 'priority': 'u=5, i', 'te': 'trailers'}",,"{'p3p': 'policyref=""https://www.googleadservices.com/pagead/p3p.xml"", CP=""NOI DEV PSA PSD IVA IVD OTP OUR OTR IND OTC""', 'timing-allow-origin': '*', 'cross-origin-resource-policy': 'cross-origin', 'content-type': 'text/css; charset=UTF-8', 'date': 'Wed, 13 May 2026 18:16:03 GMT', 'pragma': 'no-cache', 'expires': 'Fri, 01 Jan 1990 00:00:00 GMT', 'cache-control': 'no-cache, no-store, must-revalidate', 'x-content-type-options': 'nosniff', 'server': 'cafe', 'content-length': '0', 'x-xss-protection': '0', 'alt-svc': 'h3="":443""; ma=2592000,h3-29="":443""; ma=2592000'}",,known_tracker
2026-05-13T18:15:54.317078,GET,www.google.com,"/xjs/_/js/k=xjs.s.en.Rpi3FXCHzG4.2019.O/am=AAAAAAAAAAAAAAAAAAAAAAAAAAAAAAAAAAAAAAAAAAAAAAAAAAAAAAAAAAAAAAAAAAAAAAAAAAAAAAAAAAAAAAAAAACCAAgAAIAEAAgAIAAAAAAAAAAAAAAAAAAAAyAAQAAAAAAAAAAAAAAAAAAAAAAAAABAQAABAAAAEgAAAAAAAAAgAAAAAAACAAAAAAAAAABgAAABAEAAkRAAAAAUAAAAAAAAAAAAAAAAAAAAACAIAAAAQAIJAADgb-MboAEAAAAAAAAAAAAAAAAAAAAAAAAAAAAAgAQAAAAAAAAAAADAAgAAAAiFAQAABAABARAAAAAAAAAAAAAAAAAAACAAAAAAAAAAAAAAAAAAAAAgAAAAAACgAAAAAAAEAAAAAAAAAAAAAAAAAAAAAAgAAAAAAAAAAAAAAAAAAAQAAAUAAAAAABwAAAAAAAAAAAIAAAAAAAAAAAAAAAAAAAAAgAAGAAAAkwAAAKAAACDADwAQAAEAAAAAAOAAAAAAACEQAAAAAADAUggEABgAAAAAIAfA4wE4RFMAAAAAAAAAAAAAAAAAAAAAAAAAAAFQAONA8gMCIAAAAAAAAAAAAAAAAAAAAAAAAAAAAACkCJoAAAAAAABsCQAI/d=1/ed=1/dg=4/br=1/ichc=1/rs=ACT90oEpfcflcod0LgwaUCbVW8AywzhvRA/ee=ALeJib:B8gLwd;AfeaP:TkrAjf;BMxAGc:E5bFse;BgS6mb:fidj5d;BjwMce:cXX2Wb;CIZTGb:Kqhykb;CxXAWb:YyRLvc;DM55c:imLrKe;DQEued:Fevhcf;DULqB:RKfG5c;Dkk6ge:JZmW9e;DpcR3d:zL72xf;Du7NI:C6zLgf;EABSZ:MXZt9d;ESrPQc:mNTJvc;EVNhjf:pw70Gc;EjXHpb:pSHqh;EmZ2Bf:zr1jrb;EnlcNd:WeHg4;F54IAe:ZgsFh;F9mqte:UoRcbe;FSxmUe:fiZR8b;Fkukfc:i8H2c;Fmv9Nc:O1Tzwc;FqHJkd:yQamIb;G0KhTb:LIaoZ;G6wU6e:hezEbd;GEkGdd:e1RzQd;GleZL:J1A7Od;HMDDWe:G8QUdb;HtPxrd:Gx8jAb;IBADCc:RYquRb;IoGlCf:b5lhvb;IsdWVc:qzxzOb;JXJSm:ii1RGf;JXS8fb:Qj0suc;JqSq7d:y9ePhe;JsbNhc:Xd8iUd;K5nYTd:ZDZcre;KA3P2:C3JnCe;KDb6nb:fE9n2;KOxcK:OZqGte;KQzWid:ZMKkN;KpRAue:Tia57b;LBgRLc:SdcwHb,XVMNvd;LBn8Cf:bJ9L0c;LEikZe:byfTOb,lsjVmc;LXA8b:q7OdKd;LsNahb:ucGLNb;MNkAde:KMCd1d;NJ1rfe:qTnoBf;NPKaK:SdcwHb;NSEoX:lazG7b;NjIwef:YVgi7d;Np8Qkd:Dpx6qc;Nyt6ic:jn2sGd;OIfWUb:qfOYcd;OgagBe:cNTe0;OiqE2c:TFpEK;OoK5v:Sp69O;OohIYe:mpEAQb;Pjplud:PoEs9b;PpTLXd:pJYjx;PqHfGe:im2cZe;Q1Ow7b:x5CSu;QE20Be:yxCHBd;QFOGlf:PQ2Aoe;QGR0gd:Mlhmy;QYLF2b:pAQYUd;Qw8Feb:jpavUe;R4IIIb:QWfeKf;R9Ulx:CR7Ufe;RCF5Sd:X1kBmd;RZtOEd:DvKcFe;SLtqO:Kh1xYe;SMDL4c:fTfGO;SNUn3:ZwDk9d,xD8Kp;SNk4Je:wWMhg;ScI3Yc:e7Hzgb,e7Hzgb;ShpF6e:N0pvGc;Snahre:mGCtob;SwCqAd:fXbCZc;SzQQ3e:dNhofb;TIUVQd:lWTJwd;TroZ1d:vVVzjb;U96pRd:FsR04;UBKJZ:LGDJGb;UDrY1c:N0F29d,W50NVd,eps46d,rw5jGd,wciyUe;UVmjEd:EesRsb;UVzb9c:IvPZ6d;UYRIEb:HzTAQc;UyG7Kb:wQd0G;V2HTTe:RolTY;VGRfx:VFqbr;VMuEm:pL7sBc;VN6jIc:ddQyuf;VOcgDe:YquhTb;VhA7bd:vAmQFf;VsAqSb:PGf2Re;W9QSQe:ynCWwc;WDGyFe:jcVOxd;WXtNeb:QU9BMd;Wfmdue:g3MJlb;Wl55ib:NcYlP;Y3c5sd:FGbfLe;YIZmRd:A1yn5d;YV5bee:IvPZ6d;YnHUBf:sNsSob;ZMvdv:PHFPjb;ZSH6tc:QAvyLe;ZWEUA:afR4Cf;Zen4yb:jMF88c;ZlFEdf:fQTtic;ZlOOMb:P0I0Ec;ZnPvub:Acmyhd;a56pNe:JEfCwb;aAJE9c:WHW6Ef;aCJ9tf:qKftvc;aVZq3e:EMeVIb;aZ61od:arTwJ;aci7y:Z5Tr6c;bDXwRe:UsyOtc;bUIkwb:WMwEHe;bcPXSc:gSZLJb;cEt90b:ws9Tlc;cFTWae:gT8qnd;coJ8e:KvoW8;dIoSBb:ZgGg9b;dLlj2:Qqt3Gf;dXdZV:a7QTqd;dowIGb:ebZ3mb,ebZ3mb;dtl0hd:lLQWFe;eBAeSb:Ck63tb;eBZ5Nd:audvde;eHDfl:ofjVkb;eJKchc:ATg1be;eO3lse:UefOmb;euOXY:OZjbQ;g8nkx:U4MzKc;gaub4:TN6bMe;gtVSi:ekUOYd;h3MYod:ws9Tlc;hK67qb:QWEO5b;hVic1b:Kqhykb;heHB1:sFczq;hjRo6e:F62sG;hlqGX:FWz1ic;hsLsYc:Vl118;hwoVHd:zw4U8c;iFQyKf:QIhFr;iySzae:a6xXfd;jJj2G:kF2o2b;k1O0rf:pnOULd;k2Qxcb:XY51pe;kbAm9d:MkHyGd;lOO0Vd:OTA3Ae;lbfkyf:MqGdUd;liAz7d:kF2o2b;lkq0A:JyBE3e;mWzs9c:fz5ukf;nBZnZe:CvErjb;nJw4Gd:dPFZH;nrDcw:SuEoDe;oGtAuc:sOXFj;oSUNyd:fTfGO,fTfGO;oUlnpc:RagDlc;oiBhre:OuMkRd;okUaUd:wItadb;pKJiXd:VCenhc;pNsl2d:j9Yuyc;pXdRYb:JKoKVe;pj82le:ww04Df;qGV2uc:HHi04c;qQEoOc:KUM7Z,d7YSfd;qZx2Fc:j0xrE;qaS3gd:yiLg6e;qafBPd:sgY6Zb;qavrXe:I0C9u;qddgKe:d7YSfd,x4FYXe;rdexKf:FEkKD;rmWaj:PMS6Sd;ropkZ:UT1DG;sTsDMc:kHVSUb;sZmdvc:rdGEfc;tH4IIe:Ymry6;teSRSb:BMLai;tosKvd:ZCqP3;trZL0b:qY8PFe;twgzJd:Ix7YEd;uknmt:GkPrzb;uuQkY:u2V3ud;vEYCNb:FaqsVd;vRlMvf:Iw9Xo;vfVwPd:lcrkwe;w3bZCb:ZPGaIb;w4rSdf:XKiZ9;w9w86d:XwhUEb,dt4g2b,gKD90c,lWVZVe;wQlYve:aLUfP;wR5FRb:O1Gjze,TtcOte;wV5Pjc:L8KGxe;x9N9ie:KH4Qof;xBbsrc:NEW1Qc;xbe2wc:wbTLEd;ysNiMc:CpIBjd;yxTchf:KUM7Z;z97YGf:oug9te;zaIgPb:Sl0pxd/cb=loaded_h_0/m=X3N0Bf,attn,cdos,gwc,hsm,jsa,mb4ZUb,cEt90b,SNUn3,qddgKe,sTsDMc,dtl0hd,eHDfl,YV5bee,d,csi?cb=121509378",0,1418506,text/javascript; charset=UTF-8,200,"{'user-agent': 'Mozilla/5.0 (X11; Ubuntu; Linux x86_64; rv:149.0) Gecko/20100101 Firefox/149.0', 'accept': '*/*', 'accept-language': 'en-US,en;q=0.9', 'accept-encoding': 'gzip, deflate, br, zstd', 'referer': 'https://www.google.com/', 'cookie': '__Secure-STRP=AEEP7gLJJYzPRvmWdA9JbW8Jrv2ik3uPm_sfQc5csvQUwUSdnkG-Qw3ksepJyYVbMI9LUQQaCvi8nYrBfUAUP1E73u6VZ43PjD8Z, AEC=AaJma5sYLEJ0So-nIhfykxbNmqtfGzjkDv0h5dpSTqqgZpQBCIi5QB2UPcw, NID=531=bw91z9vV66jb7Wsu0oeAJM-ITQjQVsl36wcouF8t_nr6cbQaxHTXcV9Hm4fWOf-2T5WCA4GJ0upSGPEliEvStqBPOzMGu7mNO2gHDv0VHvt3y6g82ab2KI7TCXpWZd2cuz3ElO9gpN71tDu2lFUFBJORjUL9Hmbt2Ba7br5in5qQ9lz5rp5fr94SchFySkG1dDsvREnaek82BoxJoFmbc92DMyO7isq5GP-TbZonoIuRP5_2-iotUcCwhw, __Secure-BUCKET=CIAC', 'sec-fetch-dest': 'script', 'sec-fetch-mode': 'no-cors', 'sec-fetch-site': 'same-origin', 'te': 'trailers'}",,"{'accept-ranges': 'bytes', 'content-encoding': 'br', 'content-security-policy-report-only': ""require-trusted-types-for 'script'; report-uri https://csp.withgoogle.com/csp/gws-team"", 'cross-origin-resource-policy': 'cross-origin', 'cross-origin-opener-policy': 'same-origin; report-to=""gws-team""', 'report-to': '{""group"":""gws-team"",""max_age"":2592000,""endpoints"":[{""url"":""https://csp.withgoogle.com/csp/report-to/gws-team""}]}', 'content-length': '513446', 'x-content-type-options': 'nosniff', 'server': 'sffe', 'x-xss-protection': '0', 'date': 'Wed, 13 May 2026 17:31:03 GMT', 'expires': 'Thu, 13 May 2027 17:31:03 GMT', 'cache-control': 'public, immutable, max-age=31536000', 'last-modified': 'Wed, 13 May 2026 16:44:55 GMT', 'content-type': 'text/javascript; charset=UTF-8', 'vary': 'Accept-Encoding, Origin', 'age': '2700', 'alt-svc': 'h3="":443""; ma=2592000,h3-29="":443""; ma=2592000'}",,known_tracker
2026-05-13T18:15:54.724643,GET,www.googletagmanager.com,/gtm.js?id=GTM-16521530460&preconnect=1&type=8&qid=CKnQqMfvtpQDFQk61AEdAIodNA,0,0,text/html,204,"{'user-agent': 'Mozilla/5.0 (X11; Ubuntu; Linux x86_64; rv:149.0) Gecko/20100101 Firefox/149.0', 'accept': 'image/avif,image/webp,image/png,image/svg+xml,image/*;q=0.8,*/*;q=0.5', 'accept-language': 'en-US,en;q=0.9', 'accept-encoding': 'gzip, deflate, br, zstd', 'referer': 'https://www.google.com/', 'sec-fetch-storage-access': 'none', 'sec-fetch-dest': 'image', 'sec-fetch-mode': 'no-cors', 'sec-fetch-site': 'cross-site', 'priority': 'u=5, i', 'te': 'trailers'}",,"{'date': 'Wed, 13 May 2026 18:16:04 GMT', 'content-type': 'text/html', 'server': 'Google Tag Manager', 'content-length': '0', 'x-xss-protection': '0', 'alt-svc': 'h3="":443""; ma=2592000,h3-29="":443""; ma=2592000'}",,known_tracker
2026-05-13T18:15:54.803703,GET,www.googletagmanager.com,/gtag/js?id=AW-16521530460&preconnect=1&type=7&qid=CKnQqMfvtpQDFQk61AEdAIodNA,0,0,text/html,204,"{'user-agent': 'Mozilla/5.0 (X11; Ubuntu; Linux x86_64; rv:149.0) Gecko/20100101 Firefox/149.0', 'accept': 'image/avif,image/webp,image/png,image/svg+xml,image/*;q=0.8,*/*;q=0.5', 'accept-language': 'en-US,en;q=0.9', 'accept-encoding': 'gzip, deflate, br, zstd', 'referer': 'https://www.google.com/', 'sec-fetch-storage-access': 'none', 'sec-fetch-dest': 'image', 'sec-fetch-mode': 'no-cors', 'sec-fetch-site': 'cross-site', 'priority': 'u=5, i', 'te': 'trailers'}",,"{'date': 'Wed, 13 May 2026 18:16:04 GMT', 'content-type': 'text/html', 'server': 'Google Tag Manager', 'content-length': '0', 'x-xss-protection': '0', 'alt-svc': 'h3="":443""; ma=2592000,h3-29="":443""; ma=2592000'}",,known_tracker
2026-05-13T18:15:54.926789,OPTIONS,ogads-pa.clients6.google.com,/$rpc/google.internal.onegoogle.asyncdata.v1.AsyncDataService/GetAsyncData,0,0,text/html,200,"{'user-agent': 'Mozilla/5.0 (X11; Ubuntu; Linux x86_64; rv:149.0) Gecko/20100101 Firefox/149.0', 'accept': '*/*', 'accept-language': 'en-US,en;q=0.9', 'accept-encoding': 'gzip, deflate, br, zstd', 'access-control-request-method': 'POST', 'access-control-request-headers': 'content-type,x-goog-api-key,x-user-agent', 'referer': 'https://www.google.com/', 'origin': 'https://www.google.com', 'sec-fetch-dest': 'empty', 'sec-fetch-mode': 'cors', 'sec-fetch-site': 'same-site', 'priority': 'u=4', 'te': 'trailers'}",,"{'access-control-allow-origin': 'https://www.google.com', 'vary': 'origin, referer, x-origin', 'access-control-allow-credentials': 'true', 'access-control-allow-methods': 'DELETE,GET,HEAD,OPTIONS,PATCH,POST,PUT', 'access-control-allow-headers': 'content-type,x-goog-api-key,x-user-agent', 'access-control-max-age': '3600', 'date': 'Wed, 13 May 2026 18:16:04 GMT', 'content-type': 'text/html', 'server': 'ESF', 'content-length': '0', 'x-xss-protection': '0', 'x-frame-options': 'SAMEORIGIN', 'x-content-type-options': 'nosniff', 'server-timing': 'gfet4t7; dur=11', 'alt-svc': 'h3="":443""; ma=2592000,h3-29="":443""; ma=2592000'}",,known_tracker
2026-05-13T18:15:55.003644,GET,www.gstatic.com,/images/branding/searchlogo/ico/favicon.ico,0,1322,image/x-icon,200,"{'user-agent': 'Mozilla/5.0 (X11; Ubuntu; Linux x86_64; rv:149.0) Gecko/20100101 Firefox/149.0', 'accept': 'image/avif,image/webp,image/png,image/svg+xml,image/*;q=0.8,*/*;q=0.5', 'accept-language': 'en-US,en;q=0.9', 'accept-encoding': 'gzip, deflate, br, zstd', 'referer': 'https://www.google.com/', 'sec-fetch-storage-access': 'none', 'sec-fetch-dest': 'image', 'sec-fetch-mode': 'no-cors', 'sec-fetch-site': 'cross-site', 'priority': 'u=6', 'te': 'trailers'}",,"{'accept-ranges': 'bytes', 'cross-origin-resource-policy': 'cross-origin', 'cross-origin-opener-policy-report-only': 'same-origin; report-to=""static-on-bigtable""', 'report-to': '{""group"":""static-on-bigtable"",""max_age"":2592000,""endpoints"":[{""url"":""https://csp.withgoogle.com/csp/report-to/static-on-bigtable""}]}', 'content-length': '1345', 'x-content-type-options': 'nosniff', 'content-encoding': 'gzip', 'server': 'sffe', 'x-xss-protection': '0', 'date': 'Wed, 13 May 2026 13:59:15 GMT', 'expires': 'Thu, 13 May 2027 13:59:15 GMT', 'cache-control': 'public, max-age=31536000', 'age': '15409', 'last-modified': 'Fri, 16 May 2025 22:08:00 GMT', 'content-type': 'image/x-icon', 'vary': 'Accept-Encoding', 'alt-svc': 'h3="":443""; ma=2592000,h3-29="":443""; ma=2592000'}",,known_tracker
2026-05-13T18:15:55.111142,POST,ogads-pa.clients6.google.com,/$rpc/google.internal.onegoogle.asyncdata.v1.AsyncDataService/GetAsyncData,83,53,application/json+protobuf; charset=UTF-8,200,"{'user-agent': 'Mozilla/5.0 (X11; Ubuntu; Linux x86_64; rv:149.0) Gecko/20100101 Firefox/149.0', 'accept': '*/*', 'accept-language': 'en-US,en;q=0.9', 'accept-encoding': 'gzip, deflate, br, zstd', 'referer': 'https://www.google.com/', 'x-goog-api-key': 'AIzaSyCbsbvGCe7C9mCtdaTycZB2eUFuzsYKG_E', 'content-type': 'application/json+protobuf', 'x-user-agent': 'grpc-web-javascript/0.1', 'content-length': '83', 'origin': 'https://www.google.com', 'cookie': '__Secure-STRP=AEEP7gLJJYzPRvmWdA9JbW8Jrv2ik3uPm_sfQc5csvQUwUSdnkG-Qw3ksepJyYVbMI9LUQQaCvi8nYrBfUAUP1E73u6VZ43PjD8Z, AEC=AaJma5sYLEJ0So-nIhfykxbNmqtfGzjkDv0h5dpSTqqgZpQBCIi5QB2UPcw, NID=531=bw91z9vV66jb7Wsu0oeAJM-ITQjQVsl36wcouF8t_nr6cbQaxHTXcV9Hm4fWOf-2T5WCA4GJ0upSGPEliEvStqBPOzMGu7mNO2gHDv0VHvt3y6g82ab2KI7TCXpWZd2cuz3ElO9gpN71tDu2lFUFBJORjUL9Hmbt2Ba7br5in5qQ9lz5rp5fr94SchFySkG1dDsvREnaek82BoxJoFmbc92DMyO7isq5GP-TbZonoIuRP5_2-iotUcCwhw, __Secure-BUCKET=CIAC', 'sec-fetch-dest': 'empty', 'sec-fetch-mode': 'cors', 'sec-fetch-site': 'same-site', 'te': 'trailers'}","[1,"""",1,""en"",""com"",0,null,0,0,"""","""",1,0,null,89978449,null,[1],null,1,0,{""1001"":0}]","{'content-type': 'application/json+protobuf; charset=UTF-8', 'strict-transport-security': 'max-age=10886400; includeSubdomains', 'vary': 'Origin, X-Origin, Referer', 'content-encoding': 'gzip', 'date': 'Wed, 13 May 2026 18:16:04 GMT', 'server': 'ESF', 'content-length': '30', 'x-xss-protection': '0', 'x-frame-options': 'SAMEORIGIN', 'x-content-type-options': 'nosniff', 'access-control-allow-origin': 'https://www.google.com', 'access-control-allow-credentials': 'true', 'access-control-expose-headers': 'x-google-eom,vary,vary,vary,content-encoding,date,server,content-length', 'server-timing': 'gfet4t7; dur=24', 'alt-svc': 'h3="":443""; ma=2592000,h3-29="":443""; ma=2592000'}",,known_tracker
2026-05-13T18:15:55.621125,OPTIONS,play.google.com,/log?format=json&hasfast=true,0,0,text/plain; charset=UTF-8,200,"{'user-agent': 'Mozilla/5.0 (X11; Ubuntu; Linux x86_64; rv:149.0) Gecko/20100101 Firefox/149.0', 'accept': '*/*', 'accept-language': 'en-US,en;q=0.9', 'accept-encoding': 'gzip, deflate, br, zstd', 'access-control-request-method': 'POST', 'access-control-request-headers': 'content-encoding,content-type', 'referer': 'https://www.google.com/', 'origin': 'https://www.google.com', 'sec-fetch-dest': 'empty', 'sec-fetch-mode': 'cors', 'sec-fetch-site': 'same-site', 'priority': 'u=4', 'te': 'trailers'}",,"{'access-control-allow-origin': 'https://www.google.com', 'access-control-allow-methods': 'GET, POST, OPTIONS', 'access-control-max-age': '86400', 'access-control-allow-credentials': 'true', 'access-control-allow-headers': 'X-Playlog-Web,authorization,content-encoding,content-type,origin', 'content-type': 'text/plain; charset=UTF-8', 'date': 'Wed, 13 May 2026 18:16:05 GMT', 'server': 'Playlog', 'content-length': '0', 'x-xss-protection': '0', 'x-frame-options': 'SAMEORIGIN', 'alt-svc': 'h3="":443""; ma=2592000,h3-29="":443""; ma=2592000'}",,known_tracker
2026-05-13T18:15:55.767029,POST,play.google.com,/log?format=json&hasfast=true,1384,131,text/plain; charset=UTF-8,200,"{'user-agent': 'Mozilla/5.0 (X11; Ubuntu; Linux x86_64; rv:149.0) Gecko/20100101 Firefox/149.0', 'accept': '*/*', 'accept-language': 'en-US,en;q=0.9', 'accept-encoding': 'gzip, deflate, br, zstd', 'referer': 'https://www.google.com/', 'content-encoding': 'gzip', 'content-type': 'application/binary', 'content-length': '296', 'origin': 'https://www.google.com', 'cookie': '__Secure-STRP=AEEP7gLJJYzPRvmWdA9JbW8Jrv2ik3uPm_sfQc5csvQUwUSdnkG-Qw3ksepJyYVbMI9LUQQaCvi8nYrBfUAUP1E73u6VZ43PjD8Z, AEC=AaJma5sYLEJ0So-nIhfykxbNmqtfGzjkDv0h5dpSTqqgZpQBCIi5QB2UPcw, NID=531=bw91z9vV66jb7Wsu0oeAJM-ITQjQVsl36wcouF8t_nr6cbQaxHTXcV9Hm4fWOf-2T5WCA4GJ0upSGPEliEvStqBPOzMGu7mNO2gHDv0VHvt3y6g82ab2KI7TCXpWZd2cuz3ElO9gpN71tDu2lFUFBJORjUL9Hmbt2Ba7br5in5qQ9lz5rp5fr94SchFySkG1dDsvREnaek82BoxJoFmbc92DMyO7isq5GP-TbZonoIuRP5_2-iotUcCwhw, __Secure-BUCKET=CIAC', 'sec-fetch-dest': 'empty', 'sec-fetch-mode': 'cors', 'sec-fetch-site': 'same-site', 'te': 'trailers'}","[[1,null,null,null,null,null,null,null,null,null,[null,null,null,null,""en"",null,null,null,null,[1,0]]],373,[[1778696154384,null,null,null,null,null,null,""[1,40400,1,null,\""913434246.0\"",\""4r8EarPfC4rCwN4P_diq-A0\"",null,null,null,\""en\"",\""USA\"",0,19,2107,null,0,0,null,\""og-98179564-2170-4957-a3be-bcde0bef761e\"",null,null,null,null,null,null,null,null,null,null,null,null,null,null,null,null,null,null,1,null,null,null,null,null,null,null,null,null,null,null,null,0,1,null,null,0,null,[2,5,\""nn\"",144","{'access-control-allow-origin': 'https://www.google.com', 'cross-origin-resource-policy': 'cross-origin', 'access-control-allow-credentials': 'true', 'access-control-allow-headers': 'X-Playlog-Web', 'content-type': 'text/plain; charset=UTF-8', 'content-encoding': 'gzip', 'date': 'Wed, 13 May 2026 18:16:05 GMT', 'server': 'Playlog', 'content-length': '131', 'x-xss-protection': '0', 'x-frame-options': 'SAMEORIGIN', 'alt-svc': 'h3="":443""; ma=2592000,h3-29="":443""; ma=2592000'}",,known_tracker
2026-05-13T18:15:56.229335,POST,www.google.com,/url?sa=t&source=web&rct=j&opi=89978449&url=https://tuta.com/&ved=2ahUKEwjN0aHH77aUAxWB38kDHf8WAKcQFnoECA4QAQ&usg=AOvVaw3h62X2YzmbyyS6ndZC4iYs,0,667,text/html; charset=UTF-8,200,"{'user-agent': 'Mozilla/5.0 (X11; Ubuntu; Linux x86_64; rv:149.0) Gecko/20100101 Firefox/149.0', 'accept': '*/*', 'accept-language': 'en-US,en;q=0.9', 'accept-encoding': 'gzip, deflate, br, zstd', 'referer': 'https://www.google.com/', 'content-type': 'text/plain;charset=UTF-8', 'content-length': '0', 'origin': 'https://www.google.com', 'cookie': '__Secure-STRP=AEEP7gLJJYzPRvmWdA9JbW8Jrv2ik3uPm_sfQc5csvQUwUSdnkG-Qw3ksepJyYVbMI9LUQQaCvi8nYrBfUAUP1E73u6VZ43PjD8Z, AEC=AaJma5sYLEJ0So-nIhfykxbNmqtfGzjkDv0h5dpSTqqgZpQBCIi5QB2UPcw, NID=531=bw91z9vV66jb7Wsu0oeAJM-ITQjQVsl36wcouF8t_nr6cbQaxHTXcV9Hm4fWOf-2T5WCA4GJ0upSGPEliEvStqBPOzMGu7mNO2gHDv0VHvt3y6g82ab2KI7TCXpWZd2cuz3ElO9gpN71tDu2lFUFBJORjUL9Hmbt2Ba7br5in5qQ9lz5rp5fr94SchFySkG1dDsvREnaek82BoxJoFmbc92DMyO7isq5GP-TbZonoIuRP5_2-iotUcCwhw, __Secure-BUCKET=CIAC', 'sec-fetch-dest': 'empty', 'sec-fetch-mode': 'no-cors', 'sec-fetch-site': 'same-origin', 'priority': 'u=6', 'te': 'trailers'}",,"{'date': 'Wed, 13 May 2026 18:16:05 GMT', 'pragma': 'no-cache', 'expires': 'Fri, 01 Jan 1990 00:00:00 GMT', 'cache-control': 'no-cache, must-revalidate', 'content-type': 'text/html; charset=UTF-8', 'strict-transport-security': 'max-age=31536000', 'content-security-policy': ""object-src 'none';base-uri 'self';script-src 'nonce-lwKEa8EP8wQQxIkkrqbsUg' 'strict-dynamic' 'report-sample' 'unsafe-eval' 'unsafe-inline' https: http:;report-uri https://csp.withgoogle.com/csp/gws/other"", 'accept-ch': 'Sec-CH-Prefers-Color-Scheme', 'content-encoding': 'br', 'server': 'gws', 'content-length': '395', 'x-xss-protection': '0', 'alt-svc': 'h3="":443""; ma=2592000,h3-29="":443""; ma=2592000'}",,known_tracker
2026-05-13T18:15:57.110148,POST,www.google.com,/gen_204?atyp=csi&ei=4r8Eas3YCIG_p84P_62AuAo&s=web&nt=navigate&t=fi&et=pointerdown&st=3914&fid=17&zx=1778696157097&opi=89978449,0,0,text/html; charset=UTF-8,204,"{'user-agent': 'Mozilla/5.0 (X11; Ubuntu; Linux x86_64; rv:149.0) Gecko/20100101 Firefox/149.0', 'accept': '*/*', 'accept-language': 'en-US,en;q=0.9', 'accept-encoding': 'gzip, deflate, br, zstd', 'referer': 'https://www.google.com/', 'origin': 'https://www.google.com', 'cookie': '__Secure-STRP=AEEP7gLJJYzPRvmWdA9JbW8Jrv2ik3uPm_sfQc5csvQUwUSdnkG-Qw3ksepJyYVbMI9LUQQaCvi8nYrBfUAUP1E73u6VZ43PjD8Z, AEC=AaJma5sYLEJ0So-nIhfykxbNmqtfGzjkDv0h5dpSTqqgZpQBCIi5QB2UPcw, NID=531=bw91z9vV66jb7Wsu0oeAJM-ITQjQVsl36wcouF8t_nr6cbQaxHTXcV9Hm4fWOf-2T5WCA4GJ0upSGPEliEvStqBPOzMGu7mNO2gHDv0VHvt3y6g82ab2KI7TCXpWZd2cuz3ElO9gpN71tDu2lFUFBJORjUL9Hmbt2Ba7br5in5qQ9lz5rp5fr94SchFySkG1dDsvREnaek82BoxJoFmbc92DMyO7isq5GP-TbZonoIuRP5_2-iotUcCwhw, __Secure-BUCKET=CIAC', 'sec-fetch-dest': 'empty', 'sec-fetch-mode': 'no-cors', 'sec-fetch-site': 'same-origin', 'priority': 'u=6', 'content-length': '0', 'te': 'trailers'}",,"{'content-type': 'text/html; charset=UTF-8', 'content-security-policy': ""object-src 'none';base-uri 'self';script-src 'nonce-S0KP-z12-_SWBsOy5uZYHQ' 'strict-dynamic' 'report-sample' 'unsafe-eval' 'unsafe-inline' https: http:;report-uri https://csp.withgoogle.com/csp/gws/other"", 'cross-origin-opener-policy': 'same-origin-allow-popups; report-to=""gws""', 'report-to': '{""group"":""gws"",""max_age"":2592000,""endpoints"":[{""url"":""https://csp.withgoogle.com/csp/report-to/gws/other""}]}', 'date': 'Wed, 13 May 2026 18:16:06 GMT', 'server': 'gws', 'content-length': '0', 'x-xss-protection': '0', 'x-frame-options': 'SAMEORIGIN', 'alt-svc': 'h3="":443""; ma=2592000,h3-29="":443""; ma=2592000'}",,known_tracker
2026-05-13T18:15:57.158731,POST,www.google.com,"/gen_204?atyp=csi&ei=4r8Eas3YCIG_p84P_62AuAo&s=web&t=all&imn=7&dtc=495&stc=133&ima=1&imad=0&imac=0&wh=683&nt=navigate&ts=0&nhp=h2&ant=replace&thdba=0&thdaa=0&ime=0&imeh=0&imeha=0&imehb=0&imea=0&imeb=0&imel=0&imed=0&imeeb=0&imexb=0&scp=0&fld=1013&cb=92774&ucb=371390&lts=93074&adh=&nv=ne.1,feid.f74dd392-f2f5-4761-9ef6-4fde52c05a8e&hp=&p=bs.false&rt=hst.141,sgls.1584,sgl.1584,sct.318,frts.332,prt.642,frvt.869,afti.869,afts.332,aft.869,dcl.1081,xjspls.1187,xjsls.1187,xjses.3543,xjsee.4182,xjs.4182,fcp.859,lcp.859,wsrt.637,cst.0,dnst.0,rqst.559,rspt.5,sslt.0,rqstt.83,unt.0,ppunt.-3382,cstt.0,dit.1714&zx=1778696157132&opi=89978449",0,0,text/html; charset=UTF-8,204,"{'user-agent': 'Mozilla/5.0 (X11; Ubuntu; Linux x86_64; rv:149.0) Gecko/20100101 Firefox/149.0', 'accept': '*/*', 'accept-language': 'en-US,en;q=0.9', 'accept-encoding': 'gzip, deflate, br, zstd', 'referer': 'https://www.google.com/', 'origin': 'https://www.google.com', 'cookie': '__Secure-STRP=AEEP7gLJJYzPRvmWdA9JbW8Jrv2ik3uPm_sfQc5csvQUwUSdnkG-Qw3ksepJyYVbMI9LUQQaCvi8nYrBfUAUP1E73u6VZ43PjD8Z, AEC=AaJma5sYLEJ0So-nIhfykxbNmqtfGzjkDv0h5dpSTqqgZpQBCIi5QB2UPcw, NID=531=bw91z9vV66jb7Wsu0oeAJM-ITQjQVsl36wcouF8t_nr6cbQaxHTXcV9Hm4fWOf-2T5WCA4GJ0upSGPEliEvStqBPOzMGu7mNO2gHDv0VHvt3y6g82ab2KI7TCXpWZd2cuz3ElO9gpN71tDu2lFUFBJORjUL9Hmbt2Ba7br5in5qQ9lz5rp5fr94SchFySkG1dDsvREnaek82BoxJoFmbc92DMyO7isq5GP-TbZonoIuRP5_2-iotUcCwhw, __Secure-BUCKET=CIAC', 'sec-fetch-dest': 'empty', 'sec-fetch-mode': 'no-cors', 'sec-fetch-site': 'same-origin', 'priority': 'u=6', 'content-length': '0', 'te': 'trailers'}",,"{'content-type': 'text/html; charset=UTF-8', 'content-security-policy': ""object-src 'none';base-uri 'self';script-src 'nonce-oBc66-9gtKfNu5pbyin7SA' 'strict-dynamic' 'report-sample' 'unsafe-eval' 'unsafe-inline' https: http:;report-uri https://csp.withgoogle.com/csp/gws/other"", 'cross-origin-opener-policy': 'same-origin-allow-popups; report-to=""gws""', 'report-to': '{""group"":""gws"",""max_age"":2592000,""endpoints"":[{""url"":""https://csp.withgoogle.com/csp/report-to/gws/other""}]}', 'date': 'Wed, 13 May 2026 18:16:06 GMT', 'server': 'gws', 'content-length': '0', 'x-xss-protection': '0', 'x-frame-options': 'SAMEORIGIN', 'alt-svc': 'h3="":443""; ma=2592000,h3-29="":443""; ma=2592000'}",,known_tracker
2026-05-13T18:15:56.849837,GET,tuta.com,/,0,252556,text/html;charset=utf-8,200,"{'user-agent': 'Mozilla/5.0 (X11; Ubuntu; Linux x86_64; rv:149.0) Gecko/20100101 Firefox/149.0', 'accept': 'text/html,application/xhtml+xml,application/xml;q=0.9,*/*;q=0.8', 'accept-language': 'en-US,en;q=0.9', 'accept-encoding': 'gzip, deflate, br, zstd', 'referer': 'https://www.google.com/', 'upgrade-insecure-requests': '1', 'sec-fetch-dest': 'document', 'sec-fetch-mode': 'navigate', 'sec-fetch-site': 'cross-site', 'sec-fetch-user': '?1', 'priority': 'u=0, i', 'te': 'trailers'}",,"{'date': 'Wed, 13 May 2026 18:16:06 GMT', 'x-frame-options': 'DENY', 'strict-transport-security': 'max-age=63072000; includeSubDomains; preload', 'x-content-type-options': 'nosniff', 'referrer-policy': 'no-referrer', 'access-control-expose-headers': 'Date,app-types-hash', 'content-security-policy': ""default-src 'none'; script-src 'self' 'sha256-WN0hqek1jEauhlhWVVXeQPa5BD3f0rsMdmwSZtw1Cys=' 'sha256-VmEf2BGdqVUwcvyhTyarJo/bY7DNqS2+T2sz4IO/kbw=' 'sha256-eIXWvAmxkr251LJZkjniEK5LcPF3NkapbJepohwYRIc=' 'sha256-Jz4XDAN4f076pEj8cOt8mEdISulquB3CBdxFvEpSSyc=' 'sha256-gPxRf/xXylU+m1MS3X2eO2FaXfC4fdHx0TdnWrwGoOI='; child-src 'self'; frame-src https://*.youtube.com  https://*.vimeo.com; font-src 'self'; img-src http: data: *; media-src 'self'; style-src 'self' 'unsafe-inline'; frame-ancestors 'none'; base-uri 'none'; connect-src 'self' https://tuta.com https://tuta.com data: * wss://app.tuta.com https://app.tuta.com https://api.github.com https://www.reddit.com https://mail.tutanota.com wss://mail.tutanota.com;"", 'vary': 'Accept-Encoding', 'content-encoding': 'gzip', 'etag': 'W/""///+Yas2Zjc/////4snqxo--gzip""', 'last-modified': 'Wed, 13 May 2026 06:41:57 GMT', 'content-length': '65236', 'content-type': 'text/html;charset=utf-8', 'accept-ranges': 'bytes', 'cache-control': 'no-cache,public,no-transform'}",,unknown_third_party
2026-05-13T18:15:57.466657,GET,www.google.com,"/xjs/_/js/k=xjs.s.en.Rpi3FXCHzG4.2019.O/ck=xjs.s.KCXexc3Z3gY.L.F4.O/am=AACEAAAAQQAAABAAAAAAAAACAIgAAAAAAAAAAAAAAAAAAAAIAAIAABAAAAAAAAAAAAEAAAAAAIAAAAAAAACAAAABAACCAAgAAKAEAAgAIBoQAQAIAAAAAAAAACikDyAAQAMAAAAAADwAGCBEAAAAAAAAAABAQAABAAAAEgAAAAAAAAAgAAAAAAACAgAAIAAAAABgAAABAEAAkRAAAAAVAAAAIAAAgAAAAAAAAAAAACAoAAAAQAIJAADgb-Mb4AEAAAAAAAAAAAAAAQAAAAAAABAAAADAgEQaAAAAAAAAAGHAAgAAAAiFAQAABAABARAAAAAAAAAQkAAEAEDAACAAAAADAAAAAAAAAAAgAIAgIBAAgACgAAQEAAAEAAcAAAAAAAAACAAAAAAAAAwAQAAAAgIQAggAAAAAAAQAAAUgAAAAgBwAAAAAAAAAAiIAAAAAgBFkAAASBQAQAQAggAAGAAARkwAAAKAACCDBDwAQAAEAAAAAAOAEAAAAACEQAAAAkADwUggEABgAAAAAIAfA4wE4RFMAAAAAAAAAAAAAAAAAAAAAAAAAAAFQAONA8gMCIAAAAAAAAAAAAAAAAAAAAAAAAAAAAACkCJoAAAAAAABsCQAI/d=0/dg=0/br=1/ujg=1/rs=ACT90oGlw-fcrorbatsWkJUMVBU7hV7kdg/cb=loaded_h_0/m=oG0qee,UMk45c,bplExb,nMfLA,O19q8,xMHx5e,o7oVhd,R6UkWb,tW711b,UX8qee,tDA9G,dMJ4he,sy6b7,sy49g,syrx,sy422,syry,sy41z,sy41y,sy167,sy166,sy163,sy169,sy165,sy168,sy16g,sy16i,sy16j,sy15w,sy17k,sy16b,sy17j,sy17l,sy16l,sy4ef,sy49e,sy15z,sy180,sy162,sy14y,sy14p,sy14x,sy15y,sy14w,sy12j,sy11u,sy11r,sy11p,sy11q,sy17u,sy12i,Eox39d,sy5hi,arTwJ,aZ61od,sy5hk,hspDDf,sy1is,JfINdf,sy95,sy94,syk4,syk3,syjy,syjz,syjx,sykf,sykc,sykb,syka,syk7,syjw,syd1,syd2,syfa,syfb,sydm,syd8,sydn,sydj,sydf,sydi,sydh,syde,syd5,sydc,sydd,sydl,sydq,sydo,syd9,syd0,syd7,syd6,syd4,sycs,sycu,sycr,sycq,sycn,syc7,syc5,sycp,syco,syce,syc8,sych,syfd,syez,syf5,syct,syf2,syet,syes,syen,syem,syel,syek,syer,syeo,syeh,syeg,syee,syed,syef,sye9,sye6,syc9,sycc,syca,sycj,syci,sycg,sycd,sycb,sybr,sybm,sybf,syeb,sydu,sydv,sydw,sycx,syep,syjo,syjv,syjt,syjs,syjr,sy9p,sy9n,sy9k,sy9o,syjq,syhk,syju,syjp,syjn,syjk,syji,sy9t,uxMpU,syj5,syfq,syfp,syey,syfj,syev,syeu,syfm,syff,syfo,syfh,syfn,sycv,sycw,sydx,syfi,syfr,syad,syaa,sya9,sya8,sya7,sya6,sya5,Mlhmy,QGR0gd,PoEs9b,Pjplud,OTA3Ae,sya2,sy9y,sy9x,A1yn5d,YIZmRd,sy9f,sy9d,sy9c,sy9a?cb=121509378&xjs=s3",0,,,,"{'user-agent': 'Mozilla/5.0 (X11; Ubuntu; Linux x86_64; rv:149.0) Gecko/20100101 Firefox/149.0', 'accept': '*/*', 'accept-language': 'en-US,en;q=0.9', 'accept-encoding': 'gzip, deflate, br, zstd', 'referer': 'https://www.google.com/', 'cookie': '__Secure-STRP=AEEP7gLJJYzPRvmWdA9JbW8Jrv2ik3uPm_sfQc5csvQUwUSdnkG-Qw3ksepJyYVbMI9LUQQaCvi8nYrBfUAUP1E73u6VZ43PjD8Z, AEC=AaJma5sYLEJ0So-nIhfykxbNmqtfGzjkDv0h5dpSTqqgZpQBCIi5QB2UPcw, NID=531=bw91z9vV66jb7Wsu0oeAJM-ITQjQVsl36wcouF8t_nr6cbQaxHTXcV9Hm4fWOf-2T5WCA4GJ0upSGPEliEvStqBPOzMGu7mNO2gHDv0VHvt3y6g82ab2KI7TCXpWZd2cuz3ElO9gpN71tDu2lFUFBJORjUL9Hmbt2Ba7br5in5qQ9lz5rp5fr94SchFySkG1dDsvREnaek82BoxJoFmbc92DMyO7isq5GP-TbZonoIuRP5_2-iotUcCwhw, __Secure-BUCKET=CIAC', 'sec-fetch-dest': 'script', 'sec-fetch-mode': 'no-cors', 'sec-fetch-site': 'same-origin', 'priority': 'u=2', 'te': 'trailers'}",,,,known_tracker
2026-05-13T18:15:57.468021,GET,www.google.com,"/xjs/_/js/k=xjs.s.en.Rpi3FXCHzG4.2019.O/ck=xjs.s.KCXexc3Z3gY.L.F4.O/am=AACEAAAAQQAAABAAAAAAAAACAIgAAAAAAAAAAAAAAAAAAAAIAAIAABAAAAAAAAAAAAEAAAAAAIAAAAAAAACAAAABAACCAAgAAKAEAAgAIBoQAQAIAAAAAAAAACikDyAAQAMAAAAAADwAGCBEAAAAAAAAAABAQAABAAAAEgAAAAAAAAAgAAAAAAACAgAAIAAAAABgAAABAEAAkRAAAAAVAAAAIAAAgAAAAAAAAAAAACAoAAAAQAIJAADgb-Mb4AEAAAAAAAAAAAAAAQAAAAAAABAAAADAgEQaAAAAAAAAAGHAAgAAAAiFAQAABAABARAAAAAAAAAQkAAEAEDAACAAAAADAAAAAAAAAAAgAIAgIBAAgACgAAQEAAAEAAcAAAAAAAAACAAAAAAAAAwAQAAAAgIQAggAAAAAAAQAAAUgAAAAgBwAAAAAAAAAAiIAAAAAgBFkAAASBQAQAQAggAAGAAARkwAAAKAACCDBDwAQAAEAAAAAAOAEAAAAACEQAAAAkADwUggEABgAAAAAIAfA4wE4RFMAAAAAAAAAAAAAAAAAAAAAAAAAAAFQAONA8gMCIAAAAAAAAAAAAAAAAAAAAAAAAAAAAACkCJoAAAAAAABsCQAI/d=0/dg=0/br=1/ujg=1/rs=ACT90oGlw-fcrorbatsWkJUMVBU7hV7kdg/cb=loaded_h_0/m=sy99,byfTOb,lsjVmc,LEikZe,sy97,kWgXee,ovKuLd,sgY6Zb,qafBPd,ebZ3mb,dowIGb,sy6bb,sy3gv,DpX64d,uKlGbf,sy6bc,EufiNb,sy63l,syu8,syu1,sytr,sytw,syuv,XCToU,sy1ij,gHhSjd,sy1it,uUzMF,kN1Sic,sy1ix,sy1iu,Zby8rf,sy3he,w4UyN,sy3u9,sy3t2,sy3u7,sy9nl,sy86w,sy7zm,sy7yc,sy7ww,sy7wt,sy7vq,sy7uy,sy7hz,sy79x,sy77h,sy72a,sy71x,sy71w,sy71v,sy70e,sy70b,sy70a,sy701,sy6yj,sy6us,sy6tg,sy6te,sy6t2,sy6ki,sy5xv,sy5xp,sy4y4,sy4st,sy4ff,sy4ez,sy4cf,sy4ca,sy3uj,sy3tt,sy28n,sy28m,mGCtob,Snahre,sy3uo,sy9nk,QtOnSd,kNibNd,phtgnf,hvtMT,u09RR,HTSAKd,sy4xt,sy3uf,yMpBcb,sy5ib,sy3sq,y9WHyc,NJJMEe,QMVPaf,L8KGxe,wV5Pjc,ZNKFGf,sy2s2,sy1ro,sy1rp,g9xvRd,sy3uh,sy3ug,sy3un,sy3ui,sy5hq,sy50f,sy4zq,sy4go,sy4be,sy3um,sy3ue,sy3uc,PJdUfd,sy3tu,sy16m,sy164,sy3tv,sy3tw,sy3sr,sy15t,sy15q,sy15p,sy141,sy15r,sy15e,sy15f,sy15d,sy156,sy157,sy155,sy154,sy15u,sy15b,sy15c,sy153,sy158,sy391,sy392,sy11x,sy11y,syhl,sy3ub,sy3to,sy2pn,sys9,sy3tp,sy3ty,sy3tn,sy3t3,sy3hy,sy3hx,sy3hs,sy111,Sp69O,OoK5v,PMS6Sd,rmWaj,syvi,syti,syrz,Mbif2,ipWLfe,sy343,sy342,Kqhykb,CIZTGb,sy1np,sy1no,sy1nn,HIg7cd,syvl,QVaUhf,sy1nu,sy1nt,sy1nr,sy1ns,SJpD2c,eAR4Hf,wWQ0Lc,sy6bu,nN2e1e,kQvlef,btdpvd,sy37x,WlNQGd,sy1ts,syy3,sy1up,Tia57b,KpRAue,X8jtef,sy6bv,OXpAmf,sy5s1,sy36p,sy13q,syxr,syxi,sy1sm,sy1sk,sy1sn?cb=121509378&xjs=s3",0,,,,"{'user-agent': 'Mozilla/5.0 (X11; Ubuntu; Linux x86_64; rv:149.0) Gecko/20100101 Firefox/149.0', 'accept': '*/*', 'accept-language': 'en-US,en;q=0.9', 'accept-encoding': 'gzip, deflate, br, zstd', 'referer': 'https://www.google.com/', 'cookie': '__Secure-STRP=AEEP7gLJJYzPRvmWdA9JbW8Jrv2ik3uPm_sfQc5csvQUwUSdnkG-Qw3ksepJyYVbMI9LUQQaCvi8nYrBfUAUP1E73u6VZ43PjD8Z, AEC=AaJma5sYLEJ0So-nIhfykxbNmqtfGzjkDv0h5dpSTqqgZpQBCIi5QB2UPcw, NID=531=bw91z9vV66jb7Wsu0oeAJM-ITQjQVsl36wcouF8t_nr6cbQaxHTXcV9Hm4fWOf-2T5WCA4GJ0upSGPEliEvStqBPOzMGu7mNO2gHDv0VHvt3y6g82ab2KI7TCXpWZd2cuz3ElO9gpN71tDu2lFUFBJORjUL9Hmbt2Ba7br5in5qQ9lz5rp5fr94SchFySkG1dDsvREnaek82BoxJoFmbc92DMyO7isq5GP-TbZonoIuRP5_2-iotUcCwhw, __Secure-BUCKET=CIAC', 'sec-fetch-dest': 'script', 'sec-fetch-mode': 'no-cors', 'sec-fetch-site': 'same-origin', 'priority': 'u=1', 'te': 'trailers'}",,,,known_tracker
2026-05-13T18:15:57.538384,GET,www.google.com,/client_204?atyp=i&biw=1213&bih=683&dpr=1&ei=4r8Eas3YCIG_p84P_62AuAo&opi=89978449,0,0,text/html; charset=UTF-8,204,"{'user-agent': 'Mozilla/5.0 (X11; Ubuntu; Linux x86_64; rv:149.0) Gecko/20100101 Firefox/149.0', 'accept': 'image/avif,image/webp,image/png,image/svg+xml,image/*;q=0.8,*/*;q=0.5', 'accept-language': 'en-US,en;q=0.9', 'accept-encoding': 'gzip, deflate, br, zstd', 'referer': 'https://www.google.com/', 'cookie': '__Secure-STRP=AEEP7gLJJYzPRvmWdA9JbW8Jrv2ik3uPm_sfQc5csvQUwUSdnkG-Qw3ksepJyYVbMI9LUQQaCvi8nYrBfUAUP1E73u6VZ43PjD8Z, AEC=AaJma5sYLEJ0So-nIhfykxbNmqtfGzjkDv0h5dpSTqqgZpQBCIi5QB2UPcw, NID=531=bw91z9vV66jb7Wsu0oeAJM-ITQjQVsl36wcouF8t_nr6cbQaxHTXcV9Hm4fWOf-2T5WCA4GJ0upSGPEliEvStqBPOzMGu7mNO2gHDv0VHvt3y6g82ab2KI7TCXpWZd2cuz3ElO9gpN71tDu2lFUFBJORjUL9Hmbt2Ba7br5in5qQ9lz5rp5fr94SchFySkG1dDsvREnaek82BoxJoFmbc92DMyO7isq5GP-TbZonoIuRP5_2-iotUcCwhw, __Secure-BUCKET=CIAC', 'sec-fetch-dest': 'image', 'sec-fetch-mode': 'no-cors', 'sec-fetch-site': 'same-origin', 'priority': 'u=5, i', 'te': 'trailers'}",,"{'content-type': 'text/html; charset=UTF-8', 'strict-transport-security': 'max-age=31536000', 'content-security-policy': ""object-src 'none';base-uri 'self';script-src 'nonce-xNWxdogVDvFAenm8xKOKBw' 'strict-dynamic' 'report-sample' 'unsafe-eval' 'unsafe-inline' https: http:;report-uri https://csp.withgoogle.com/csp/gws/fff"", 'cross-origin-opener-policy': 'same-origin-allow-popups; report-to=""gws""', 'report-to': '{""group"":""gws"",""max_age"":2592000,""endpoints"":[{""url"":""https://csp.withgoogle.com/csp/report-to/gws/fff""}]}', 'date': 'Wed, 13 May 2026 18:16:06 GMT', 'server': 'gws', 'content-length': '0', 'x-xss-protection': '0', 'x-frame-options': 'SAMEORIGIN', 'set-cookie': '__Secure-STRP=AEEP7gKyeIP5AtmqaSpxxl9rGVaErT5xu-PGv_qWSU4iDGsxEFnmY7fZCKAMEk5f8zqLq18zBCiG3O_A1gMzjaM8eXa7WMTGv1fF; expires=Wed, 13-May-2026 18:21:06 GMT; path=/; domain=.google.com; Secure; SameSite=strict', 'alt-svc': 'h3="":443""; ma=2592000,h3-29="":443""; ma=2592000'}","__Secure-STRP=AEEP7gKyeIP5AtmqaSpxxl9rGVaErT5xu-PGv_qWSU4iDGsxEFnmY7fZCKAMEk5f8zqLq18zBCiG3O_A1gMzjaM8eXa7WMTGv1fF; expires=Wed, 13-May-2026 18:21:06 GMT; path=/; domain=.google.com; Secure; SameSite=strict",known_tracker
2026-05-13T18:15:57.608335,GET,tuta.com,/font/MDIO-Semibold.woff2,0,49868,font/woff2,200,"{'user-agent': 'Mozilla/5.0 (X11; Ubuntu; Linux x86_64; rv:149.0) Gecko/20100101 Firefox/149.0', 'accept': 'application/font-woff2;q=1.0,application/font-woff;q=0.9,*/*;q=0.8', 'accept-language': 'en-US,en;q=0.9', 'accept-encoding': 'gzip, deflate, br, zstd', 'sec-fetch-dest': 'font', 'sec-fetch-mode': 'cors', 'sec-fetch-site': 'same-origin', 'priority': 'u=2', 'te': 'trailers'}",,"{'date': 'Wed, 13 May 2026 18:16:06 GMT', 'x-frame-options': 'DENY', 'strict-transport-security': 'max-age=63072000; includeSubDomains; preload', 'x-content-type-options': 'nosniff', 'referrer-policy': 'no-referrer', 'access-control-expose-headers': 'Date,app-types-hash', 'etag': 'W/""AAABnltcVdsAAAAAHtSztI""', 'last-modified': 'Wed, 13 May 2026 06:37:51 GMT', 'content-length': '49868', 'content-type': 'font/woff2', 'accept-ranges': 'bytes', 'cache-control': 'no-cache,public,no-transform'}",,unknown_third_party
2026-05-13T18:15:57.625910,GET,tuta.com,/switch/plate.gltf,0,258994,application/octet-stream,200,"{'user-agent': 'Mozilla/5.0 (X11; Ubuntu; Linux x86_64; rv:149.0) Gecko/20100101 Firefox/149.0', 'accept': '*/*', 'accept-language': 'en-US,en;q=0.9', 'accept-encoding': 'gzip, deflate, br, zstd', 'sec-fetch-dest': 'empty', 'sec-fetch-mode': 'cors', 'sec-fetch-site': 'same-origin', 'te': 'trailers'}",,"{'date': 'Wed, 13 May 2026 18:16:06 GMT', 'x-frame-options': 'DENY', 'strict-transport-security': 'max-age=63072000; includeSubDomains; preload', 'x-content-type-options': 'nosniff', 'referrer-policy': 'no-referrer', 'access-control-expose-headers': 'Date,app-types-hash', 'etag': 'W/""///+YasGT64/////4sL5ck""', 'last-modified': 'Wed, 13 May 2026 06:37:51 GMT', 'content-length': '258994', 'content-type': 'application/octet-stream', 'accept-ranges': 'bytes', 'cache-control': 'no-cache,public,no-transform'}",,unknown_third_party
2026-05-13T18:15:57.656323,GET,tuta.com,/assets/index.BKjMfLqs.css,0,5888,text/css;charset=utf-8,200,"{'user-agent': 'Mozilla/5.0 (X11; Ubuntu; Linux x86_64; rv:149.0) Gecko/20100101 Firefox/149.0', 'accept': 'text/css,*/*;q=0.1', 'accept-language': 'en-US,en;q=0.9', 'accept-encoding': 'gzip, deflate, br, zstd', 'sec-fetch-dest': 'style', 'sec-fetch-mode': 'no-cors', 'sec-fetch-site': 'same-origin', 'priority': 'u=2', 'te': 'trailers'}",,"{'date': 'Wed, 13 May 2026 18:16:07 GMT', 'x-frame-options': 'DENY', 'strict-transport-security': 'max-age=63072000; includeSubDomains; preload', 'x-content-type-options': 'nosniff', 'referrer-policy': 'no-referrer', 'access-control-expose-headers': 'Date,app-types-hash', 'cache-control': 'public, immutable, max-age=31536000', 'vary': 'Accept-Encoding', 'content-encoding': 'gzip', 'etag': 'W/""///+YYWO0RQ/////6WAAAI--gzip""', 'last-modified': 'Wed, 13 May 2026 06:38:19 GMT', 'content-length': '1334', 'content-type': 'text/css;charset=utf-8', 'accept-ranges': 'bytes'}",,unknown_third_party
2026-05-13T18:15:57.659433,GET,tuta.com,/assets/button.BFtb-chZ.css,0,4806,text/css;charset=utf-8,200,"{'user-agent': 'Mozilla/5.0 (X11; Ubuntu; Linux x86_64; rv:149.0) Gecko/20100101 Firefox/149.0', 'accept': 'text/css,*/*;q=0.1', 'accept-language': 'en-US,en;q=0.9', 'accept-encoding': 'gzip, deflate, br, zstd', 'sec-fetch-dest': 'style', 'sec-fetch-mode': 'no-cors', 'sec-fetch-site': 'same-origin', 'priority': 'u=2', 'te': 'trailers'}",,"{'date': 'Wed, 13 May 2026 18:16:07 GMT', 'x-frame-options': 'DENY', 'strict-transport-security': 'max-age=63072000; includeSubDomains; preload', 'x-content-type-options': 'nosniff', 'referrer-policy': 'no-referrer', 'access-control-expose-headers': 'Date,app-types-hash', 'cache-control': 'public, immutable, max-age=31536000', 'vary': 'Accept-Encoding', 'content-encoding': 'gzip', 'etag': 'W/""///+YcDncEg/////+Dpj8g--gzip""', 'last-modified': 'Wed, 13 May 2026 06:38:29 GMT', 'content-length': '940', 'content-type': 'text/css;charset=utf-8', 'accept-ranges': 'bytes'}",,unknown_third_party
2026-05-13T18:15:57.663572,GET,tuta.com,/assets/business.jI_gJ-0S.css,0,16119,text/css;charset=utf-8,200,"{'user-agent': 'Mozilla/5.0 (X11; Ubuntu; Linux x86_64; rv:149.0) Gecko/20100101 Firefox/149.0', 'accept': 'text/css,*/*;q=0.1', 'accept-language': 'en-US,en;q=0.9', 'accept-encoding': 'gzip, deflate, br, zstd', 'sec-fetch-dest': 'style', 'sec-fetch-mode': 'no-cors', 'sec-fetch-site': 'same-origin', 'priority': 'u=2', 'te': 'trailers'}",,"{'date': 'Wed, 13 May 2026 18:16:07 GMT', 'x-frame-options': 'DENY', 'strict-transport-security': 'max-age=63072000; includeSubDomains; preload', 'x-content-type-options': 'nosniff', 'referrer-policy': 'no-referrer', 'access-control-expose-headers': 'Date,app-types-hash', 'cache-control': 'public, immutable, max-age=31536000', 'vary': 'Accept-Encoding', 'content-encoding': 'gzip', 'etag': 'W/""///+Yb8ykUU/////588aaQ--gzip""', 'last-modified': 'Wed, 13 May 2026 06:38:19 GMT', 'content-length': '2250', 'content-type': 'text/css;charset=utf-8', 'accept-ranges': 'bytes'}",,unknown_third_party
2026-05-13T18:15:57.673131,GET,tuta.com,/assets/_page_.C7sujWc8.css,0,5741,text/css;charset=utf-8,200,"{'user-agent': 'Mozilla/5.0 (X11; Ubuntu; Linux x86_64; rv:149.0) Gecko/20100101 Firefox/149.0', 'accept': 'text/css,*/*;q=0.1', 'accept-language': 'en-US,en;q=0.9', 'accept-encoding': 'gzip, deflate, br, zstd', 'sec-fetch-dest': 'style', 'sec-fetch-mode': 'no-cors', 'sec-fetch-site': 'same-origin', 'priority': 'u=2', 'te': 'trailers'}",,"{'date': 'Wed, 13 May 2026 18:16:07 GMT', 'x-frame-options': 'DENY', 'strict-transport-security': 'max-age=63072000; includeSubDomains; preload', 'x-content-type-options': 'nosniff', 'referrer-policy': 'no-referrer', 'access-control-expose-headers': 'Date,app-types-hash', 'cache-control': 'public, immutable, max-age=31536000', 'vary': 'Accept-Encoding', 'content-encoding': 'gzip', 'etag': 'W/""AAABnigJGdsAAAAAAgHyaA--gzip""', 'last-modified': 'Wed, 13 May 2026 06:38:19 GMT', 'content-length': '1307', 'content-type': 'text/css;charset=utf-8', 'accept-ranges': 'bytes'}",,unknown_third_party
2026-05-13T18:15:57.674392,GET,tuta.com,/assets/black-friday.BlopEaE3.css,0,4424,text/css;charset=utf-8,200,"{'user-agent': 'Mozilla/5.0 (X11; Ubuntu; Linux x86_64; rv:149.0) Gecko/20100101 Firefox/149.0', 'accept': 'text/css,*/*;q=0.1', 'accept-language': 'en-US,en;q=0.9', 'accept-encoding': 'gzip, deflate, br, zstd', 'sec-fetch-dest': 'style', 'sec-fetch-mode': 'no-cors', 'sec-fetch-site': 'same-origin', 'priority': 'u=2', 'te': 'trailers'}",,"{'date': 'Wed, 13 May 2026 18:16:07 GMT', 'x-frame-options': 'DENY', 'strict-transport-security': 'max-age=63072000; includeSubDomains; preload', 'x-content-type-options': 'nosniff', 'referrer-policy': 'no-referrer', 'access-control-expose-headers': 'Date,app-types-hash', 'cache-control': 'public, immutable, max-age=31536000', 'vary': 'Accept-Encoding', 'content-encoding': 'gzip', 'etag': 'W/""///+YYdmyhg/////6doHUY--gzip""', 'last-modified': 'Wed, 13 May 2026 06:38:19 GMT', 'content-length': '1264', 'content-type': 'text/css;charset=utf-8', 'accept-ranges': 'bytes'}",,unknown_third_party
2026-05-13T18:15:57.627433,GET,tuta.com,/switch/button.gltf,0,194712,application/octet-stream,200,"{'user-agent': 'Mozilla/5.0 (X11; Ubuntu; Linux x86_64; rv:149.0) Gecko/20100101 Firefox/149.0', 'accept': '*/*', 'accept-language': 'en-US,en;q=0.9', 'accept-encoding': 'gzip, deflate, br, zstd', 'sec-fetch-dest': 'empty', 'sec-fetch-mode': 'cors', 'sec-fetch-site': 'same-origin', 'te': 'trailers'}",,"{'date': 'Wed, 13 May 2026 18:16:07 GMT', 'x-frame-options': 'DENY', 'strict-transport-security': 'max-age=63072000; includeSubDomains; preload', 'x-content-type-options': 'nosniff', 'referrer-policy': 'no-referrer', 'access-control-expose-headers': 'Date,app-types-hash', 'etag': 'W/""///+YeQ/XZI/////8Qz/N8""', 'last-modified': 'Wed, 13 May 2026 06:37:51 GMT', 'content-length': '194712', 'content-type': 'application/octet-stream', 'accept-ranges': 'bytes', 'cache-control': 'no-cache,public,no-transform'}",,unknown_third_party
2026-05-13T18:15:57.717068,GET,tuta.com,/assets/business.LYj9gSqC.css,0,6226,text/css;charset=utf-8,200,"{'user-agent': 'Mozilla/5.0 (X11; Ubuntu; Linux x86_64; rv:149.0) Gecko/20100101 Firefox/149.0', 'accept': 'text/css,*/*;q=0.1', 'accept-language': 'en-US,en;q=0.9', 'accept-encoding': 'gzip, deflate, br, zstd', 'sec-fetch-dest': 'style', 'sec-fetch-mode': 'no-cors', 'sec-fetch-site': 'same-origin', 'priority': 'u=2', 'te': 'trailers'}",,"{'date': 'Wed, 13 May 2026 18:16:07 GMT', 'x-frame-options': 'DENY', 'strict-transport-security': 'max-age=63072000; includeSubDomains; preload', 'x-content-type-options': 'nosniff', 'referrer-policy': 'no-referrer', 'access-control-expose-headers': 'Date,app-types-hash', 'cache-control': 'public, immutable, max-age=31536000', 'vary': 'Accept-Encoding', 'content-encoding': 'gzip', 'etag': 'W/""///+Yc5Es7Y/////+5KbfI--gzip""', 'last-modified': 'Wed, 13 May 2026 06:38:19 GMT', 'content-length': '1406', 'content-type': 'text/css;charset=utf-8', 'accept-ranges': 'bytes'}",,unknown_third_party
2026-05-13T18:15:57.719735,GET,tuta.com,/assets/_page_.hganks3t.css,0,23274,text/css;charset=utf-8,200,"{'user-agent': 'Mozilla/5.0 (X11; Ubuntu; Linux x86_64; rv:149.0) Gecko/20100101 Firefox/149.0', 'accept': 'text/css,*/*;q=0.1', 'accept-language': 'en-US,en;q=0.9', 'accept-encoding': 'gzip, deflate, br, zstd', 'sec-fetch-dest': 'style', 'sec-fetch-mode': 'no-cors', 'sec-fetch-site': 'same-origin', 'priority': 'u=2', 'te': 'trailers'}",,"{'date': 'Wed, 13 May 2026 18:16:07 GMT', 'x-frame-options': 'DENY', 'strict-transport-security': 'max-age=63072000; includeSubDomains; preload', 'x-content-type-options': 'nosniff', 'referrer-policy': 'no-referrer', 'access-control-expose-headers': 'Date,app-types-hash', 'cache-control': 'public, immutable, max-age=31536000', 'vary': 'Accept-Encoding', 'content-encoding': 'gzip', 'etag': 'W/""///+YZcPH/w/////7cBgwA--gzip""', 'last-modified': 'Wed, 13 May 2026 06:38:19 GMT', 'content-length': '5637', 'content-type': 'text/css;charset=utf-8', 'accept-ranges': 'bytes'}",,unknown_third_party
2026-05-13T18:15:57.723274,GET,tuta.com,/assets/hoisted.DTtdIs-x.js,0,588,text/javascript;charset=utf-8,200,"{'user-agent': 'Mozilla/5.0 (X11; Ubuntu; Linux x86_64; rv:149.0) Gecko/20100101 Firefox/149.0', 'accept': '*/*', 'accept-language': 'en-US,en;q=0.9', 'accept-encoding': 'gzip, deflate, br, zstd', 'sec-fetch-dest': 'script', 'sec-fetch-mode': 'cors', 'sec-fetch-site': 'same-origin', 'te': 'trailers'}",,"{'date': 'Wed, 13 May 2026 18:16:07 GMT', 'x-frame-options': 'DENY', 'strict-transport-security': 'max-age=63072000; includeSubDomains; preload', 'x-content-type-options': 'nosniff', 'referrer-policy': 'no-referrer', 'access-control-expose-headers': 'Date,app-types-hash', 'cache-control': 'public, immutable, max-age=31536000', 'vary': 'Accept-Encoding', 'content-encoding': 'gzip', 'etag': 'W/""AAABniEuYiMAAAAAAEgjbU--gzip""', 'last-modified': 'Wed, 13 May 2026 06:38:29 GMT', 'content-length': '385', 'content-type': 'text/javascript;charset=utf-8', 'accept-ranges': 'bytes'}",,unknown_third_party
2026-05-13T18:15:57.724530,GET,tuta.com,/assets/page.Bw_VJw7N.js,0,40,text/javascript;charset=utf-8,200,"{'user-agent': 'Mozilla/5.0 (X11; Ubuntu; Linux x86_64; rv:149.0) Gecko/20100101 Firefox/149.0', 'accept': '*/*', 'accept-language': 'en-US,en;q=0.9', 'accept-encoding': 'gzip, deflate, br, zstd', 'sec-fetch-dest': 'script', 'sec-fetch-mode': 'cors', 'sec-fetch-site': 'same-origin', 'te': 'trailers'}",,"{'date': 'Wed, 13 May 2026 18:16:07 GMT', 'x-frame-options': 'DENY', 'strict-transport-security': 'max-age=63072000; includeSubDomains; preload', 'x-content-type-options': 'nosniff', 'referrer-policy': 'no-referrer', 'access-control-expose-headers': 'Date,app-types-hash', 'cache-control': 'public, immutable, max-age=31536000', 'vary': 'Accept-Encoding', 'content-encoding': 'gzip', 'etag': 'W/""AAABnjLenUsAAAAABLQcC0--gzip""', 'last-modified': 'Wed, 13 May 2026 06:38:29 GMT', 'content-length': '77', 'content-type': 'text/javascript;charset=utf-8', 'accept-ranges': 'bytes'}",,unknown_third_party
2026-05-13T18:15:57.728218,GET,tuta.com,/switch/placeholder.avif,0,2401,image/avif,200,"{'user-agent': 'Mozilla/5.0 (X11; Ubuntu; Linux x86_64; rv:149.0) Gecko/20100101 Firefox/149.0', 'accept': 'image/avif,image/webp,image/png,image/svg+xml,image/*;q=0.8,*/*;q=0.5', 'accept-language': 'en-US,en;q=0.9', 'accept-encoding': 'gzip, deflate, br, zstd', 'sec-fetch-dest': 'image', 'sec-fetch-mode': 'no-cors', 'sec-fetch-site': 'same-origin', 'priority': 'u=5, i', 'te': 'trailers'}",,"{'date': 'Wed, 13 May 2026 18:16:07 GMT', 'x-frame-options': 'DENY', 'strict-transport-security': 'max-age=63072000; includeSubDomains; preload', 'x-content-type-options': 'nosniff', 'referrer-policy': 'no-referrer', 'access-control-expose-headers': 'Date,app-types-hash', 'etag': 'W/""///+YdJiduw//////JsJlg""', 'last-modified': 'Wed, 13 May 2026 06:37:51 GMT', 'content-length': '2401', 'content-type': 'image/avif', 'accept-ranges': 'bytes', 'cache-control': 'no-cache,public,no-transform'}",,unknown_third_party
2026-05-13T18:15:57.736186,GET,tuta.com,/assets/switch-off_small-outline.Cy-fJRcM_qEUd8.avif,0,3127,image/avif,200,"{'user-agent': 'Mozilla/5.0 (X11; Ubuntu; Linux x86_64; rv:149.0) Gecko/20100101 Firefox/149.0', 'accept': 'image/avif,image/webp,image/png,image/svg+xml,image/*;q=0.8,*/*;q=0.5', 'accept-language': 'en-US,en;q=0.9', 'accept-encoding': 'gzip, deflate, br, zstd', 'sec-fetch-dest': 'image', 'sec-fetch-mode': 'no-cors', 'sec-fetch-site': 'same-origin', 'priority': 'u=5, i', 'te': 'trailers'}",,"{'date': 'Wed, 13 May 2026 18:16:07 GMT', 'x-frame-options': 'DENY', 'strict-transport-security': 'max-age=63072000; includeSubDomains; preload', 'x-content-type-options': 'nosniff', 'referrer-policy': 'no-referrer', 'access-control-expose-headers': 'Date,app-types-hash', 'cache-control': 'public, immutable, max-age=31536000', 'etag': 'W/""///+Yf5UXR4/////95GRtw""', 'last-modified': 'Wed, 13 May 2026 06:41:57 GMT', 'content-length': '3127', 'content-type': 'image/avif', 'accept-ranges': 'bytes'}",,unknown_third_party
2026-05-13T18:15:57.739537,GET,tuta.com,/assets/switch-on_small-outline.3Ki7awOH_211K9O.avif,0,2799,image/avif,200,"{'user-agent': 'Mozilla/5.0 (X11; Ubuntu; Linux x86_64; rv:149.0) Gecko/20100101 Firefox/149.0', 'accept': 'image/avif,image/webp,image/png,image/svg+xml,image/*;q=0.8,*/*;q=0.5', 'accept-language': 'en-US,en;q=0.9', 'accept-encoding': 'gzip, deflate, br, zstd', 'sec-fetch-dest': 'image', 'sec-fetch-mode': 'no-cors', 'sec-fetch-site': 'same-origin', 'priority': 'u=5, i', 'te': 'trailers'}",,"{'date': 'Wed, 13 May 2026 18:16:07 GMT', 'x-frame-options': 'DENY', 'strict-transport-security': 'max-age=63072000; includeSubDomains; preload', 'x-content-type-options': 'nosniff', 'referrer-policy': 'no-referrer', 'access-control-expose-headers': 'Date,app-types-hash', 'cache-control': 'public, immutable, max-age=31536000', 'etag': 'W/""///+YapC1Ag/////4pQyRI""', 'last-modified': 'Wed, 13 May 2026 06:41:57 GMT', 'content-length': '2799', 'content-type': 'image/avif', 'accept-ranges': 'bytes'}",,unknown_third_party
2026-05-13T18:15:57.742066,GET,tuta.com,/assets/switch-off_thick-outline.Bt6Xc_Hm_14oYqA.avif,0,3224,image/avif,200,"{'user-agent': 'Mozilla/5.0 (X11; Ubuntu; Linux x86_64; rv:149.0) Gecko/20100101 Firefox/149.0', 'accept': 'image/avif,image/webp,image/png,image/svg+xml,image/*;q=0.8,*/*;q=0.5', 'accept-language': 'en-US,en;q=0.9', 'accept-encoding': 'gzip, deflate, br, zstd', 'sec-fetch-dest': 'image', 'sec-fetch-mode': 'no-cors', 'sec-fetch-site': 'same-origin', 'priority': 'u=5, i', 'te': 'trailers'}",,"{'date': 'Wed, 13 May 2026 18:16:07 GMT', 'x-frame-options': 'DENY', 'strict-transport-security': 'max-age=63072000; includeSubDomains; preload', 'x-content-type-options': 'nosniff', 'referrer-policy': 'no-referrer', 'access-control-expose-headers': 'Date,app-types-hash', 'cache-control': 'public, immutable, max-age=31536000', 'etag': 'W/""AAABnktxlnQAAAAAGtjjRk""', 'last-modified': 'Wed, 13 May 2026 06:41:57 GMT', 'content-length': '3224', 'content-type': 'image/avif', 'accept-ranges': 'bytes'}",,unknown_third_party
2026-05-13T18:15:57.744883,GET,tuta.com,/assets/switch-on_thick-outline.5ydIuPI0_Z1Q6LKY.avif,0,2981,image/avif,200,"{'user-agent': 'Mozilla/5.0 (X11; Ubuntu; Linux x86_64; rv:149.0) Gecko/20100101 Firefox/149.0', 'accept': 'image/avif,image/webp,image/png,image/svg+xml,image/*;q=0.8,*/*;q=0.5', 'accept-language': 'en-US,en;q=0.9', 'accept-encoding': 'gzip, deflate, br, zstd', 'sec-fetch-dest': 'image', 'sec-fetch-mode': 'no-cors', 'sec-fetch-site': 'same-origin', 'priority': 'u=5, i', 'te': 'trailers'}",,"{'date': 'Wed, 13 May 2026 18:16:07 GMT', 'x-frame-options': 'DENY', 'strict-transport-security': 'max-age=63072000; includeSubDomains; preload', 'x-content-type-options': 'nosniff', 'referrer-policy': 'no-referrer', 'access-control-expose-headers': 'Date,app-types-hash', 'cache-control': 'public, immutable, max-age=31536000', 'etag': 'W/""///+Yc98oy8/////+9uv3M""', 'last-modified': 'Wed, 13 May 2026 06:41:57 GMT', 'content-length': '2981', 'content-type': 'image/avif', 'accept-ranges': 'bytes'}",,unknown_third_party
2026-05-13T18:15:57.746792,GET,tuta.com,/assets/finger-1_light_small-outline.pyR9VXaV_rGyDz.avif,0,4411,image/avif,200,"{'user-agent': 'Mozilla/5.0 (X11; Ubuntu; Linux x86_64; rv:149.0) Gecko/20100101 Firefox/149.0', 'accept': 'image/avif,image/webp,image/png,image/svg+xml,image/*;q=0.8,*/*;q=0.5', 'accept-language': 'en-US,en;q=0.9', 'accept-encoding': 'gzip, deflate, br, zstd', 'sec-fetch-dest': 'image', 'sec-fetch-mode': 'no-cors', 'sec-fetch-site': 'same-origin', 'priority': 'u=5, i', 'te': 'trailers'}",,"{'date': 'Wed, 13 May 2026 18:16:07 GMT', 'x-frame-options': 'DENY', 'strict-transport-security': 'max-age=63072000; includeSubDomains; preload', 'x-content-type-options': 'nosniff', 'referrer-policy': 'no-referrer', 'access-control-expose-headers': 'Date,app-types-hash', 'cache-control': 'public, immutable, max-age=31536000', 'etag': 'W/""///+Yew73P8/////8wp2jU""', 'last-modified': 'Wed, 13 May 2026 06:41:57 GMT', 'content-length': '4411', 'content-type': 'image/avif', 'accept-ranges': 'bytes'}",,unknown_third_party
2026-05-13T18:15:57.778985,GET,tuta.com,/assets/finger-2_light_small-outline.BhGAxgYi_t2w8b.avif,0,4073,image/avif,200,"{'user-agent': 'Mozilla/5.0 (X11; Ubuntu; Linux x86_64; rv:149.0) Gecko/20100101 Firefox/149.0', 'accept': 'image/avif,image/webp,image/png,image/svg+xml,image/*;q=0.8,*/*;q=0.5', 'accept-language': 'en-US,en;q=0.9', 'accept-encoding': 'gzip, deflate, br, zstd', 'sec-fetch-dest': 'image', 'sec-fetch-mode': 'no-cors', 'sec-fetch-site': 'same-origin', 'priority': 'u=5, i', 'te': 'trailers'}",,"{'date': 'Wed, 13 May 2026 18:16:07 GMT', 'x-frame-options': 'DENY', 'strict-transport-security': 'max-age=63072000; includeSubDomains; preload', 'x-content-type-options': 'nosniff', 'referrer-policy': 'no-referrer', 'access-control-expose-headers': 'Date,app-types-hash', 'cache-control': 'public, immutable, max-age=31536000', 'etag': 'W/""///+YaB/C18/////4BtE0c""', 'last-modified': 'Wed, 13 May 2026 06:41:57 GMT', 'content-length': '4073', 'content-type': 'image/avif', 'accept-ranges': 'bytes'}",,unknown_third_party
2026-05-13T18:15:57.781894,GET,tuta.com,/assets/finger-3_dark_small-outline.DkPQuX-h_25Nx0C.avif,0,3773,image/avif,200,"{'user-agent': 'Mozilla/5.0 (X11; Ubuntu; Linux x86_64; rv:149.0) Gecko/20100101 Firefox/149.0', 'accept': 'image/avif,image/webp,image/png,image/svg+xml,image/*;q=0.8,*/*;q=0.5', 'accept-language': 'en-US,en;q=0.9', 'accept-encoding': 'gzip, deflate, br, zstd', 'sec-fetch-dest': 'image', 'sec-fetch-mode': 'no-cors', 'sec-fetch-site': 'same-origin', 'priority': 'u=5, i', 'te': 'trailers'}",,"{'date': 'Wed, 13 May 2026 18:16:07 GMT', 'x-frame-options': 'DENY', 'strict-transport-security': 'max-age=63072000; includeSubDomains; preload', 'x-content-type-options': 'nosniff', 'referrer-policy': 'no-referrer', 'access-control-expose-headers': 'Date,app-types-hash', 'cache-control': 'public, immutable, max-age=31536000', 'etag': 'W/""AAABngbVDv4AAAAACbHF7I""', 'last-modified': 'Wed, 13 May 2026 06:41:57 GMT', 'content-length': '3773', 'content-type': 'image/avif', 'accept-ranges': 'bytes'}",,unknown_third_party
2026-05-13T18:15:57.785187,GET,tuta.com,/assets/finger-1_thick-outline.CpobL4ox_Z18bNob.avif,0,4465,image/avif,200,"{'user-agent': 'Mozilla/5.0 (X11; Ubuntu; Linux x86_64; rv:149.0) Gecko/20100101 Firefox/149.0', 'accept': 'image/avif,image/webp,image/png,image/svg+xml,image/*;q=0.8,*/*;q=0.5', 'accept-language': 'en-US,en;q=0.9', 'accept-encoding': 'gzip, deflate, br, zstd', 'sec-fetch-dest': 'image', 'sec-fetch-mode': 'no-cors', 'sec-fetch-site': 'same-origin', 'priority': 'u=5, i', 'te': 'trailers'}",,"{'date': 'Wed, 13 May 2026 18:16:07 GMT', 'x-frame-options': 'DENY', 'strict-transport-security': 'max-age=63072000; includeSubDomains; preload', 'x-content-type-options': 'nosniff', 'referrer-policy': 'no-referrer', 'access-control-expose-headers': 'Date,app-types-hash', 'cache-control': 'public, immutable, max-age=31536000', 'etag': 'W/""///+YdgA4eg//////gS52w""', 'last-modified': 'Wed, 13 May 2026 06:41:57 GMT', 'content-length': '4465', 'content-type': 'image/avif', 'accept-ranges': 'bytes'}",,unknown_third_party
2026-05-13T18:15:57.787317,GET,tuta.com,/assets/finger-2_thick-outline.B640VwbU_Z1b68o.avif,0,4052,image/avif,200,"{'user-agent': 'Mozilla/5.0 (X11; Ubuntu; Linux x86_64; rv:149.0) Gecko/20100101 Firefox/149.0', 'accept': 'image/avif,image/webp,image/png,image/svg+xml,image/*;q=0.8,*/*;q=0.5', 'accept-language': 'en-US,en;q=0.9', 'accept-encoding': 'gzip, deflate, br, zstd', 'sec-fetch-dest': 'image', 'sec-fetch-mode': 'no-cors', 'sec-fetch-site': 'same-origin', 'priority': 'u=5, i', 'te': 'trailers'}",,"{'date': 'Wed, 13 May 2026 18:16:07 GMT', 'x-frame-options': 'DENY', 'strict-transport-security': 'max-age=63072000; includeSubDomains; preload', 'x-content-type-options': 'nosniff', 'referrer-policy': 'no-referrer', 'access-control-expose-headers': 'Date,app-types-hash', 'cache-control': 'public, immutable, max-age=31536000', 'etag': 'W/""///+YeSfJmY/////8SNPkc""', 'last-modified': 'Wed, 13 May 2026 06:41:57 GMT', 'content-length': '4052', 'content-type': 'image/avif', 'accept-ranges': 'bytes'}",,unknown_third_party
2026-05-13T18:15:57.789975,GET,tuta.com,/assets/finger-3_dark_thick-outline.PMSjuu25_1yVp0O.avif,0,3639,image/avif,200,"{'user-agent': 'Mozilla/5.0 (X11; Ubuntu; Linux x86_64; rv:149.0) Gecko/20100101 Firefox/149.0', 'accept': 'image/avif,image/webp,image/png,image/svg+xml,image/*;q=0.8,*/*;q=0.5', 'accept-language': 'en-US,en;q=0.9', 'accept-encoding': 'gzip, deflate, br, zstd', 'sec-fetch-dest': 'image', 'sec-fetch-mode': 'no-cors', 'sec-fetch-site': 'same-origin', 'priority': 'u=5, i', 'te': 'trailers'}",,"{'date': 'Wed, 13 May 2026 18:16:07 GMT', 'x-frame-options': 'DENY', 'strict-transport-security': 'max-age=63072000; includeSubDomains; preload', 'x-content-type-options': 'nosniff', 'referrer-policy': 'no-referrer', 'access-control-expose-headers': 'Date,app-types-hash', 'cache-control': 'public, immutable, max-age=31536000', 'etag': 'W/""AAABnhyasbwAAAAADyIqH4""', 'last-modified': 'Wed, 13 May 2026 06:41:57 GMT', 'content-length': '3639', 'content-type': 'image/avif', 'accept-ranges': 'bytes'}",,unknown_third_party
2026-05-13T18:15:57.792254,GET,tuta.com,/assets/european_digital_sme_alliance_logo.DVqbPoKQ.png,0,26101,image/png,200,"{'user-agent': 'Mozilla/5.0 (X11; Ubuntu; Linux x86_64; rv:149.0) Gecko/20100101 Firefox/149.0', 'accept': 'image/avif,image/webp,image/png,image/svg+xml,image/*;q=0.8,*/*;q=0.5', 'accept-language': 'en-US,en;q=0.9', 'accept-encoding': 'gzip, deflate, br, zstd', 'sec-fetch-dest': 'image', 'sec-fetch-mode': 'no-cors', 'sec-fetch-site': 'same-origin', 'priority': 'u=5, i', 'te': 'trailers'}",,"{'date': 'Wed, 13 May 2026 18:16:07 GMT', 'x-frame-options': 'DENY', 'strict-transport-security': 'max-age=63072000; includeSubDomains; preload', 'x-content-type-options': 'nosniff', 'referrer-policy': 'no-referrer', 'access-control-expose-headers': 'Date,app-types-hash', 'cache-control': 'public, immutable, max-age=31536000', 'etag': 'W/""///+Ye6aioI/////86UBFk""', 'last-modified': 'Wed, 13 May 2026 06:38:29 GMT', 'content-length': '26101', 'content-type': 'image/png', 'accept-ranges': 'bytes'}",,unknown_third_party
2026-05-13T18:15:57.793937,GET,tuta.com,/assets/made_in_germany_label_sideways.Bw67Owq6.svg,0,20296,image/svg+xml,200,"{'user-agent': 'Mozilla/5.0 (X11; Ubuntu; Linux x86_64; rv:149.0) Gecko/20100101 Firefox/149.0', 'accept': 'image/avif,image/webp,image/png,image/svg+xml,image/*;q=0.8,*/*;q=0.5', 'accept-language': 'en-US,en;q=0.9', 'accept-encoding': 'gzip, deflate, br, zstd', 'sec-fetch-dest': 'image', 'sec-fetch-mode': 'no-cors', 'sec-fetch-site': 'same-origin', 'priority': 'u=5, i', 'te': 'trailers'}",,"{'date': 'Wed, 13 May 2026 18:16:07 GMT', 'x-frame-options': 'DENY', 'strict-transport-security': 'max-age=63072000; includeSubDomains; preload', 'x-content-type-options': 'nosniff', 'referrer-policy': 'no-referrer', 'access-control-expose-headers': 'Date,app-types-hash', 'content-security-policy': ""default-src 'none'; script-src 'self' 'sha256-WN0hqek1jEauhlhWVVXeQPa5BD3f0rsMdmwSZtw1Cys=' 'sha256-VmEf2BGdqVUwcvyhTyarJo/bY7DNqS2+T2sz4IO/kbw=' 'sha256-eIXWvAmxkr251LJZkjniEK5LcPF3NkapbJepohwYRIc=' 'sha256-Jz4XDAN4f076pEj8cOt8mEdISulquB3CBdxFvEpSSyc=' 'sha256-gPxRf/xXylU+m1MS3X2eO2FaXfC4fdHx0TdnWrwGoOI='; child-src 'self'; frame-src https://*.youtube.com  https://*.vimeo.com; font-src 'self'; img-src http: data: *; media-src 'self'; style-src 'self' 'unsafe-inline'; frame-ancestors 'none'; base-uri 'none'; connect-src 'self' https://tuta.com https://tuta.com data: * wss://app.tuta.com https://app.tuta.com https://api.github.com https://www.reddit.com https://mail.tutanota.com wss://mail.tutanota.com;"", 'etag': 'W/""AAABnkd+QQYAAAAAGdw5WA""', 'last-modified': 'Wed, 13 May 2026 06:38:29 GMT', 'content-length': '20296', 'content-type': 'image/svg+xml', 'accept-ranges': 'bytes', 'cache-control': 'no-cache,public,no-transform'}",,unknown_third_party
2026-05-13T18:15:58.399394,GET,tuta.com,/assets/mediaQueries.18RYUgtT.js,0,925,text/javascript;charset=utf-8,200,"{'user-agent': 'Mozilla/5.0 (X11; Ubuntu; Linux x86_64; rv:149.0) Gecko/20100101 Firefox/149.0', 'accept': '*/*', 'accept-language': 'en-US,en;q=0.9', 'accept-encoding': 'gzip, deflate, br, zstd', 'sec-fetch-dest': 'script', 'sec-fetch-mode': 'cors', 'sec-fetch-site': 'same-origin', 'te': 'trailers'}",,"{'date': 'Wed, 13 May 2026 18:16:07 GMT', 'x-frame-options': 'DENY', 'strict-transport-security': 'max-age=63072000; includeSubDomains; preload', 'x-content-type-options': 'nosniff', 'referrer-policy': 'no-referrer', 'access-control-expose-headers': 'Date,app-types-hash', 'cache-control': 'public, immutable, max-age=31536000', 'vary': 'Accept-Encoding', 'content-encoding': 'gzip', 'etag': 'W/""AAABnkVbu4IAAAAAGVVVVU--gzip""', 'last-modified': 'Wed, 13 May 2026 06:38:29 GMT', 'content-length': '469', 'content-type': 'text/javascript;charset=utf-8', 'accept-ranges': 'bytes'}",,unknown_third_party
2026-05-13T18:15:58.400465,GET,tuta.com,/assets/hoisted.CZw5vGJE.js,0,3911,text/javascript;charset=utf-8,200,"{'user-agent': 'Mozilla/5.0 (X11; Ubuntu; Linux x86_64; rv:149.0) Gecko/20100101 Firefox/149.0', 'accept': '*/*', 'accept-language': 'en-US,en;q=0.9', 'accept-encoding': 'gzip, deflate, br, zstd', 'sec-fetch-dest': 'script', 'sec-fetch-mode': 'cors', 'sec-fetch-site': 'same-origin', 'te': 'trailers'}",,"{'date': 'Wed, 13 May 2026 18:16:07 GMT', 'x-frame-options': 'DENY', 'strict-transport-security': 'max-age=63072000; includeSubDomains; preload', 'x-content-type-options': 'nosniff', 'referrer-policy': 'no-referrer', 'access-control-expose-headers': 'Date,app-types-hash', 'cache-control': 'public, immutable, max-age=31536000', 'vary': 'Accept-Encoding', 'content-encoding': 'gzip', 'etag': 'W/""///+YfNB0Bc/////9NPMoo--gzip""', 'last-modified': 'Wed, 13 May 2026 06:38:29 GMT', 'content-length': '1710', 'content-type': 'text/javascript;charset=utf-8', 'accept-ranges': 'bytes'}",,unknown_third_party
2026-05-13T18:15:58.412025,GET,tuta.com,/assets/hoisted.D1TIsRiB.js,0,1749,text/javascript;charset=utf-8,200,"{'user-agent': 'Mozilla/5.0 (X11; Ubuntu; Linux x86_64; rv:149.0) Gecko/20100101 Firefox/149.0', 'accept': '*/*', 'accept-language': 'en-US,en;q=0.9', 'accept-encoding': 'gzip, deflate, br, zstd', 'sec-fetch-dest': 'script', 'sec-fetch-mode': 'cors', 'sec-fetch-site': 'same-origin', 'te': 'trailers'}",,"{'date': 'Wed, 13 May 2026 18:16:07 GMT', 'x-frame-options': 'DENY', 'strict-transport-security': 'max-age=63072000; includeSubDomains; preload', 'x-content-type-options': 'nosniff', 'referrer-policy': 'no-referrer', 'access-control-expose-headers': 'Date,app-types-hash', 'cache-control': 'public, immutable, max-age=31536000', 'vary': 'Accept-Encoding', 'content-encoding': 'gzip', 'etag': 'W/""///+YbZ90q4/////5ZzOaE--gzip""', 'last-modified': 'Wed, 13 May 2026 06:38:29 GMT', 'content-length': '743', 'content-type': 'text/javascript;charset=utf-8', 'accept-ranges': 'bytes'}",,unknown_third_party
2026-05-13T18:15:58.441417,GET,tuta.com,/assets/solid.ClzXUA3A.js,0,11340,text/javascript;charset=utf-8,200,"{'user-agent': 'Mozilla/5.0 (X11; Ubuntu; Linux x86_64; rv:149.0) Gecko/20100101 Firefox/149.0', 'accept': '*/*', 'accept-language': 'en-US,en;q=0.9', 'accept-encoding': 'gzip, deflate, br, zstd', 'sec-fetch-dest': 'script', 'sec-fetch-mode': 'cors', 'sec-fetch-site': 'same-origin', 'te': 'trailers'}",,"{'date': 'Wed, 13 May 2026 18:16:07 GMT', 'x-frame-options': 'DENY', 'strict-transport-security': 'max-age=63072000; includeSubDomains; preload', 'x-content-type-options': 'nosniff', 'referrer-policy': 'no-referrer', 'access-control-expose-headers': 'Date,app-types-hash', 'cache-control': 'public, immutable, max-age=31536000', 'vary': 'Accept-Encoding', 'content-encoding': 'gzip', 'etag': 'W/""AAABnmf4tXwAAAAAEf2dHo--gzip""', 'last-modified': 'Wed, 13 May 2026 06:38:29 GMT', 'content-length': '4525', 'content-type': 'text/javascript;charset=utf-8', 'accept-ranges': 'bytes'}",,unknown_third_party
2026-05-13T18:15:58.443217,GET,tuta.com,/assets/utilities.DeB_ni6O.js,0,148,text/javascript;charset=utf-8,200,"{'user-agent': 'Mozilla/5.0 (X11; Ubuntu; Linux x86_64; rv:149.0) Gecko/20100101 Firefox/149.0', 'accept': '*/*', 'accept-language': 'en-US,en;q=0.9', 'accept-encoding': 'gzip, deflate, br, zstd', 'sec-fetch-dest': 'script', 'sec-fetch-mode': 'cors', 'sec-fetch-site': 'same-origin', 'te': 'trailers'}",,"{'date': 'Wed, 13 May 2026 18:16:07 GMT', 'x-frame-options': 'DENY', 'strict-transport-security': 'max-age=63072000; includeSubDomains; preload', 'x-content-type-options': 'nosniff', 'referrer-policy': 'no-referrer', 'access-control-expose-headers': 'Date,app-types-hash', 'cache-control': 'public, immutable, max-age=31536000', 'vary': 'Accept-Encoding', 'content-encoding': 'gzip', 'etag': 'W/""///+YcYyRg4/////+Y8q9A--gzip""', 'last-modified': 'Wed, 13 May 2026 06:38:29 GMT', 'content-length': '154', 'content-type': 'text/javascript;charset=utf-8', 'accept-ranges': 'bytes'}",,unknown_third_party
2026-05-13T18:15:58.444597,GET,tuta.com,/assets/LangStore.B5wgLAHt.js,0,323064,text/javascript;charset=utf-8,200,"{'user-agent': 'Mozilla/5.0 (X11; Ubuntu; Linux x86_64; rv:149.0) Gecko/20100101 Firefox/149.0', 'accept': '*/*', 'accept-language': 'en-US,en;q=0.9', 'accept-encoding': 'gzip, deflate, br, zstd', 'sec-fetch-dest': 'script', 'sec-fetch-mode': 'cors', 'sec-fetch-site': 'same-origin', 'te': 'trailers'}",,"{'date': 'Wed, 13 May 2026 18:16:07 GMT', 'x-frame-options': 'DENY', 'strict-transport-security': 'max-age=63072000; includeSubDomains; preload', 'x-content-type-options': 'nosniff', 'referrer-policy': 'no-referrer', 'access-control-expose-headers': 'Date,app-types-hash', 'cache-control': 'public, immutable, max-age=31536000', 'vary': 'Accept-Encoding', 'content-encoding': 'gzip', 'etag': 'W/""AAABnge5L4EAAAAACezL6M--gzip""', 'last-modified': 'Wed, 13 May 2026 06:38:29 GMT', 'content-length': '71950', 'content-type': 'text/javascript;charset=utf-8', 'accept-ranges': 'bytes'}",,unknown_third_party
2026-05-13T18:15:58.446406,GET,tuta.com,/assets/index.C893PFFG.js,0,2215,text/javascript;charset=utf-8,200,"{'user-agent': 'Mozilla/5.0 (X11; Ubuntu; Linux x86_64; rv:149.0) Gecko/20100101 Firefox/149.0', 'accept': '*/*', 'accept-language': 'en-US,en;q=0.9', 'accept-encoding': 'gzip, deflate, br, zstd', 'sec-fetch-dest': 'script', 'sec-fetch-mode': 'cors', 'sec-fetch-site': 'same-origin', 'te': 'trailers'}",,"{'date': 'Wed, 13 May 2026 18:16:07 GMT', 'x-frame-options': 'DENY', 'strict-transport-security': 'max-age=63072000; includeSubDomains; preload', 'x-content-type-options': 'nosniff', 'referrer-policy': 'no-referrer', 'access-control-expose-headers': 'Date,app-types-hash', 'cache-control': 'public, immutable, max-age=31536000', 'vary': 'Accept-Encoding', 'content-encoding': 'gzip', 'etag': 'W/""AAABnmTiUPIAAAAAETstR8--gzip""', 'last-modified': 'Wed, 13 May 2026 06:38:29 GMT', 'content-length': '1017', 'content-type': 'text/javascript;charset=utf-8', 'accept-ranges': 'bytes'}",,unknown_third_party
2026-05-13T18:15:58.486614,GET,tuta.com,/assets/PSABannerWrap.CZjQuV8j.js,0,2812,text/javascript;charset=utf-8,200,"{'user-agent': 'Mozilla/5.0 (X11; Ubuntu; Linux x86_64; rv:149.0) Gecko/20100101 Firefox/149.0', 'accept': '*/*', 'accept-language': 'en-US,en;q=0.9', 'accept-encoding': 'gzip, deflate, br, zstd', 'sec-fetch-dest': 'script', 'sec-fetch-mode': 'cors', 'sec-fetch-site': 'same-origin', 'te': 'trailers'}",,"{'date': 'Wed, 13 May 2026 18:16:07 GMT', 'x-frame-options': 'DENY', 'strict-transport-security': 'max-age=63072000; includeSubDomains; preload', 'x-content-type-options': 'nosniff', 'referrer-policy': 'no-referrer', 'access-control-expose-headers': 'Date,app-types-hash', 'cache-control': 'public, immutable, max-age=31536000', 'vary': 'Accept-Encoding', 'content-encoding': 'gzip', 'etag': 'W/""///+YZhQDrU/////7he6ZM--gzip""', 'last-modified': 'Wed, 13 May 2026 06:38:29 GMT', 'content-length': '1387', 'content-type': 'text/javascript;charset=utf-8', 'accept-ranges': 'bytes'}",,unknown_third_party
2026-05-13T18:15:58.504991,GET,tuta.com,/assets/client.dkCiq_LC.js,0,901,text/javascript;charset=utf-8,200,"{'user-agent': 'Mozilla/5.0 (X11; Ubuntu; Linux x86_64; rv:149.0) Gecko/20100101 Firefox/149.0', 'accept': '*/*', 'accept-language': 'en-US,en;q=0.9', 'accept-encoding': 'gzip, deflate, br, zstd', 'sec-fetch-dest': 'script', 'sec-fetch-mode': 'cors', 'sec-fetch-site': 'same-origin', 'te': 'trailers'}",,"{'date': 'Wed, 13 May 2026 18:16:07 GMT', 'x-frame-options': 'DENY', 'strict-transport-security': 'max-age=63072000; includeSubDomains; preload', 'x-content-type-options': 'nosniff', 'referrer-policy': 'no-referrer', 'access-control-expose-headers': 'Date,app-types-hash', 'cache-control': 'public, immutable, max-age=31536000', 'vary': 'Accept-Encoding', 'content-encoding': 'gzip', 'etag': 'W/""AAABnivlF1UAAAAAAvr+Zo--gzip""', 'last-modified': 'Wed, 13 May 2026 06:38:29 GMT', 'content-length': '581', 'content-type': 'text/javascript;charset=utf-8', 'accept-ranges': 'bytes'}",,unknown_third_party
2026-05-13T18:15:58.514438,GET,tuta.com,/assets/Header.16MvQNmW.js,0,7909,text/javascript;charset=utf-8,200,"{'user-agent': 'Mozilla/5.0 (X11; Ubuntu; Linux x86_64; rv:149.0) Gecko/20100101 Firefox/149.0', 'accept': '*/*', 'accept-language': 'en-US,en;q=0.9', 'accept-encoding': 'gzip, deflate, br, zstd', 'sec-fetch-dest': 'script', 'sec-fetch-mode': 'cors', 'sec-fetch-site': 'same-origin', 'te': 'trailers'}",,"{'date': 'Wed, 13 May 2026 18:16:07 GMT', 'x-frame-options': 'DENY', 'strict-transport-security': 'max-age=63072000; includeSubDomains; preload', 'x-content-type-options': 'nosniff', 'referrer-policy': 'no-referrer', 'access-control-expose-headers': 'Date,app-types-hash', 'cache-control': 'public, immutable, max-age=31536000', 'vary': 'Accept-Encoding', 'content-encoding': 'gzip', 'etag': 'W/""AAABniQBlgQAAAAAAQPZTs--gzip""', 'last-modified': 'Wed, 13 May 2026 06:38:29 GMT', 'content-length': '2494', 'content-type': 'text/javascript;charset=utf-8', 'accept-ranges': 'bytes'}",,unknown_third_party
2026-05-13T18:15:58.516041,GET,tuta.com,/assets/NotTranslatedLabel.THQDG4Mu.js,0,1030,text/javascript;charset=utf-8,200,"{'user-agent': 'Mozilla/5.0 (X11; Ubuntu; Linux x86_64; rv:149.0) Gecko/20100101 Firefox/149.0', 'accept': '*/*', 'accept-language': 'en-US,en;q=0.9', 'accept-encoding': 'gzip, deflate, br, zstd', 'sec-fetch-dest': 'script', 'sec-fetch-mode': 'cors', 'sec-fetch-site': 'same-origin', 'te': 'trailers'}",,"{'date': 'Wed, 13 May 2026 18:16:07 GMT', 'x-frame-options': 'DENY', 'strict-transport-security': 'max-age=63072000; includeSubDomains; preload', 'x-content-type-options': 'nosniff', 'referrer-policy': 'no-referrer', 'access-control-expose-headers': 'Date,app-types-hash', 'cache-control': 'public, immutable, max-age=31536000', 'vary': 'Accept-Encoding', 'content-encoding': 'gzip', 'etag': 'W/""AAABnmcwbd8AAAAAEc+hJM--gzip""', 'last-modified': 'Wed, 13 May 2026 06:38:29 GMT', 'content-length': '658', 'content-type': 'text/javascript;charset=utf-8', 'accept-ranges': 'bytes'}",,unknown_third_party
2026-05-13T18:15:58.539469,GET,tuta.com,/assets/HeroAnimation.bh-L_n8n.js,0,6470,text/javascript;charset=utf-8,200,"{'user-agent': 'Mozilla/5.0 (X11; Ubuntu; Linux x86_64; rv:149.0) Gecko/20100101 Firefox/149.0', 'accept': '*/*', 'accept-language': 'en-US,en;q=0.9', 'accept-encoding': 'gzip, deflate, br, zstd', 'sec-fetch-dest': 'script', 'sec-fetch-mode': 'cors', 'sec-fetch-site': 'same-origin', 'te': 'trailers'}",,"{'date': 'Wed, 13 May 2026 18:16:07 GMT', 'x-frame-options': 'DENY', 'strict-transport-security': 'max-age=63072000; includeSubDomains; preload', 'x-content-type-options': 'nosniff', 'referrer-policy': 'no-referrer', 'access-control-expose-headers': 'Date,app-types-hash', 'cache-control': 'public, immutable, max-age=31536000', 'vary': 'Accept-Encoding', 'content-encoding': 'gzip', 'etag': 'W/""///+YcDoo7Y/////+DmVyo--gzip""', 'last-modified': 'Wed, 13 May 2026 06:38:29 GMT', 'content-length': '2408', 'content-type': 'text/javascript;charset=utf-8', 'accept-ranges': 'bytes'}",,unknown_third_party
2026-05-13T18:15:58.541248,GET,tuta.com,/assets/TestimonialBubble.Df9jrC4H.js,0,431,text/javascript;charset=utf-8,200,"{'user-agent': 'Mozilla/5.0 (X11; Ubuntu; Linux x86_64; rv:149.0) Gecko/20100101 Firefox/149.0', 'accept': '*/*', 'accept-language': 'en-US,en;q=0.9', 'accept-encoding': 'gzip, deflate, br, zstd', 'sec-fetch-dest': 'script', 'sec-fetch-mode': 'cors', 'sec-fetch-site': 'same-origin', 'te': 'trailers'}",,"{'date': 'Wed, 13 May 2026 18:16:07 GMT', 'x-frame-options': 'DENY', 'strict-transport-security': 'max-age=63072000; includeSubDomains; preload', 'x-content-type-options': 'nosniff', 'referrer-policy': 'no-referrer', 'access-control-expose-headers': 'Date,app-types-hash', 'cache-control': 'public, immutable, max-age=31536000', 'vary': 'Accept-Encoding', 'content-encoding': 'gzip', 'etag': 'W/""///+YZjZRMU/////7jXqLA--gzip""', 'last-modified': 'Wed, 13 May 2026 06:38:29 GMT', 'content-length': '272', 'content-type': 'text/javascript;charset=utf-8', 'accept-ranges': 'bytes'}",,unknown_third_party
2026-05-13T18:15:58.542623,GET,tuta.com,/assets/SwipeContainer.BknLeSmf.js,0,2637,text/javascript;charset=utf-8,200,"{'user-agent': 'Mozilla/5.0 (X11; Ubuntu; Linux x86_64; rv:149.0) Gecko/20100101 Firefox/149.0', 'accept': '*/*', 'accept-language': 'en-US,en;q=0.9', 'accept-encoding': 'gzip, deflate, br, zstd', 'sec-fetch-dest': 'script', 'sec-fetch-mode': 'cors', 'sec-fetch-site': 'same-origin', 'te': 'trailers'}",,"{'date': 'Wed, 13 May 2026 18:16:07 GMT', 'x-frame-options': 'DENY', 'strict-transport-security': 'max-age=63072000; includeSubDomains; preload', 'x-content-type-options': 'nosniff', 'referrer-policy': 'no-referrer', 'access-control-expose-headers': 'Date,app-types-hash', 'cache-control': 'public, immutable, max-age=31536000', 'vary': 'Accept-Encoding', 'content-encoding': 'gzip', 'etag': 'W/""///+YanUA+U/////4na5HI--gzip""', 'last-modified': 'Wed, 13 May 2026 06:38:29 GMT', 'content-length': '1398', 'content-type': 'text/javascript;charset=utf-8', 'accept-ranges': 'bytes'}",,unknown_third_party
2026-05-13T18:15:58.700463,GET,tuta.com,/font/notovar.woff2,0,59788,font/woff2,200,"{'user-agent': 'Mozilla/5.0 (X11; Ubuntu; Linux x86_64; rv:149.0) Gecko/20100101 Firefox/149.0', 'accept': 'application/font-woff2;q=1.0,application/font-woff;q=0.9,*/*;q=0.8', 'accept-language': 'en-US,en;q=0.9', 'accept-encoding': 'identity', 'sec-fetch-dest': 'font', 'sec-fetch-mode': 'cors', 'sec-fetch-site': 'same-origin', 'te': 'trailers'}",,"{'date': 'Wed, 13 May 2026 18:16:07 GMT', 'x-frame-options': 'DENY', 'strict-transport-security': 'max-age=63072000; includeSubDomains; preload', 'x-content-type-options': 'nosniff', 'referrer-policy': 'no-referrer', 'access-control-expose-headers': 'Date,app-types-hash', 'etag': 'W/""///+YZR67OM/////7R0XKo""', 'last-modified': 'Wed, 13 May 2026 06:37:51 GMT', 'content-length': '59788', 'content-type': 'font/woff2', 'accept-ranges': 'bytes', 'cache-control': 'no-cache,public,no-transform'}",,unknown_third_party
2026-05-13T18:15:58.715584,GET,tuta.com,/assets/ModalTrigger.Dz9cTb7e.js,0,800,text/javascript;charset=utf-8,200,"{'user-agent': 'Mozilla/5.0 (X11; Ubuntu; Linux x86_64; rv:149.0) Gecko/20100101 Firefox/149.0', 'accept': '*/*', 'accept-language': 'en-US,en;q=0.9', 'accept-encoding': 'gzip, deflate, br, zstd', 'sec-fetch-dest': 'script', 'sec-fetch-mode': 'cors', 'sec-fetch-site': 'same-origin', 'te': 'trailers'}",,"{'date': 'Wed, 13 May 2026 18:16:08 GMT', 'x-frame-options': 'DENY', 'strict-transport-security': 'max-age=63072000; includeSubDomains; preload', 'x-content-type-options': 'nosniff', 'referrer-policy': 'no-referrer', 'access-control-expose-headers': 'Date,app-types-hash', 'cache-control': 'public, immutable, max-age=31536000', 'vary': 'Accept-Encoding', 'content-encoding': 'gzip', 'etag': 'W/""///+YZ/7e78/////7/1ldU--gzip""', 'last-modified': 'Wed, 13 May 2026 06:38:29 GMT', 'content-length': '537', 'content-type': 'text/javascript;charset=utf-8', 'accept-ranges': 'bytes'}",,unknown_third_party
2026-05-13T18:15:58.725549,GET,tuta.com,/assets/ModalWindow.D5TUADF3.js,0,1480,text/javascript;charset=utf-8,200,"{'user-agent': 'Mozilla/5.0 (X11; Ubuntu; Linux x86_64; rv:149.0) Gecko/20100101 Firefox/149.0', 'accept': '*/*', 'accept-language': 'en-US,en;q=0.9', 'accept-encoding': 'gzip, deflate, br, zstd', 'sec-fetch-dest': 'script', 'sec-fetch-mode': 'cors', 'sec-fetch-site': 'same-origin', 'te': 'trailers'}",,"{'date': 'Wed, 13 May 2026 18:16:08 GMT', 'x-frame-options': 'DENY', 'strict-transport-security': 'max-age=63072000; includeSubDomains; preload', 'x-content-type-options': 'nosniff', 'referrer-policy': 'no-referrer', 'access-control-expose-headers': 'Date,app-types-hash', 'cache-control': 'public, immutable, max-age=31536000', 'vary': 'Accept-Encoding', 'content-encoding': 'gzip', 'etag': 'W/""AAABniD2Bu0AAAAAAD47m8--gzip""', 'last-modified': 'Wed, 13 May 2026 06:38:29 GMT', 'content-length': '852', 'content-type': 'text/javascript;charset=utf-8', 'accept-ranges': 'bytes'}",,unknown_third_party
2026-05-13T18:15:58.895695,GET,tuta.com,/assets/Footer.CYFhxukO.js,0,7008,text/javascript;charset=utf-8,200,"{'user-agent': 'Mozilla/5.0 (X11; Ubuntu; Linux x86_64; rv:149.0) Gecko/20100101 Firefox/149.0', 'accept': '*/*', 'accept-language': 'en-US,en;q=0.9', 'accept-encoding': 'gzip, deflate, br, zstd', 'sec-fetch-dest': 'script', 'sec-fetch-mode': 'cors', 'sec-fetch-site': 'same-origin', 'te': 'trailers'}",,"{'date': 'Wed, 13 May 2026 18:16:08 GMT', 'x-frame-options': 'DENY', 'strict-transport-security': 'max-age=63072000; includeSubDomains; preload', 'x-content-type-options': 'nosniff', 'referrer-policy': 'no-referrer', 'access-control-expose-headers': 'Date,app-types-hash', 'cache-control': 'public, immutable, max-age=31536000', 'vary': 'Accept-Encoding', 'content-encoding': 'gzip', 'etag': 'W/""AAABniigB3IAAAAAAiu8cg--gzip""', 'last-modified': 'Wed, 13 May 2026 06:38:29 GMT', 'content-length': '2504', 'content-type': 'text/javascript;charset=utf-8', 'accept-ranges': 'bytes'}",,unknown_third_party
2026-05-13T18:15:58.912574,GET,tuta.com,/assets/TestimonialBubble.DhwEZEO0.js,0,1254,text/javascript;charset=utf-8,200,"{'user-agent': 'Mozilla/5.0 (X11; Ubuntu; Linux x86_64; rv:149.0) Gecko/20100101 Firefox/149.0', 'accept': '*/*', 'accept-language': 'en-US,en;q=0.9', 'accept-encoding': 'gzip, deflate, br, zstd', 'sec-fetch-dest': 'script', 'sec-fetch-mode': 'cors', 'sec-fetch-site': 'same-origin', 'te': 'trailers'}",,"{'date': 'Wed, 13 May 2026 18:16:08 GMT', 'x-frame-options': 'DENY', 'strict-transport-security': 'max-age=63072000; includeSubDomains; preload', 'x-content-type-options': 'nosniff', 'referrer-policy': 'no-referrer', 'access-control-expose-headers': 'Date,app-types-hash', 'cache-control': 'public, immutable, max-age=31536000', 'vary': 'Accept-Encoding', 'content-encoding': 'gzip', 'etag': 'W/""///+YbW5S+M/////5W3ot8--gzip""', 'last-modified': 'Wed, 13 May 2026 06:38:29 GMT', 'content-length': '641', 'content-type': 'text/javascript;charset=utf-8', 'accept-ranges': 'bytes'}",,unknown_third_party
2026-05-13T18:15:58.914488,GET,tuta.com,/assets/web.D4xQ_pPs.js,0,9445,text/javascript;charset=utf-8,200,"{'user-agent': 'Mozilla/5.0 (X11; Ubuntu; Linux x86_64; rv:149.0) Gecko/20100101 Firefox/149.0', 'accept': '*/*', 'accept-language': 'en-US,en;q=0.9', 'accept-encoding': 'gzip, deflate, br, zstd', 'sec-fetch-dest': 'script', 'sec-fetch-mode': 'cors', 'sec-fetch-site': 'same-origin', 'te': 'trailers'}",,"{'date': 'Wed, 13 May 2026 18:16:08 GMT', 'x-frame-options': 'DENY', 'strict-transport-security': 'max-age=63072000; includeSubDomains; preload', 'x-content-type-options': 'nosniff', 'referrer-policy': 'no-referrer', 'access-control-expose-headers': 'Date,app-types-hash', 'cache-control': 'public, immutable, max-age=31536000', 'vary': 'Accept-Encoding', 'content-encoding': 'gzip', 'etag': 'W/""///+Ybm6jKk/////5m0RQY--gzip""', 'last-modified': 'Wed, 13 May 2026 06:38:29 GMT', 'content-length': '3960', 'content-type': 'text/javascript;charset=utf-8', 'accept-ranges': 'bytes'}",,unknown_third_party
2026-05-13T18:15:58.925535,GET,tuta.com,/assets/Icon.DVEe-4F7.js,0,488,text/javascript;charset=utf-8,200,"{'user-agent': 'Mozilla/5.0 (X11; Ubuntu; Linux x86_64; rv:149.0) Gecko/20100101 Firefox/149.0', 'accept': '*/*', 'accept-language': 'en-US,en;q=0.9', 'accept-encoding': 'gzip, deflate, br, zstd', 'sec-fetch-dest': 'script', 'sec-fetch-mode': 'cors', 'sec-fetch-site': 'same-origin', 'te': 'trailers'}",,"{'date': 'Wed, 13 May 2026 18:16:08 GMT', 'x-frame-options': 'DENY', 'strict-transport-security': 'max-age=63072000; includeSubDomains; preload', 'x-content-type-options': 'nosniff', 'referrer-policy': 'no-referrer', 'access-control-expose-headers': 'Date,app-types-hash', 'cache-control': 'public, immutable, max-age=31536000', 'vary': 'Accept-Encoding', 'content-encoding': 'gzip', 'etag': 'W/""AAABnj7JQ98AAAAAB7Hr30--gzip""', 'last-modified': 'Wed, 13 May 2026 06:38:29 GMT', 'content-length': '354', 'content-type': 'text/javascript;charset=utf-8', 'accept-ranges': 'bytes'}",,unknown_third_party
2026-05-13T18:15:58.931001,GET,tuta.com,/assets/sanitization.tb9f6-f1.js,0,22523,text/javascript;charset=utf-8,200,"{'user-agent': 'Mozilla/5.0 (X11; Ubuntu; Linux x86_64; rv:149.0) Gecko/20100101 Firefox/149.0', 'accept': '*/*', 'accept-language': 'en-US,en;q=0.9', 'accept-encoding': 'gzip, deflate, br, zstd', 'sec-fetch-dest': 'script', 'sec-fetch-mode': 'cors', 'sec-fetch-site': 'same-origin', 'te': 'trailers'}",,"{'date': 'Wed, 13 May 2026 18:16:08 GMT', 'x-frame-options': 'DENY', 'strict-transport-security': 'max-age=63072000; includeSubDomains; preload', 'x-content-type-options': 'nosniff', 'referrer-policy': 'no-referrer', 'access-control-expose-headers': 'Date,app-types-hash', 'cache-control': 'public, immutable, max-age=31536000', 'vary': 'Accept-Encoding', 'content-encoding': 'gzip', 'etag': 'W/""AAABnkw4hpgAAAAAGw2PLk--gzip""', 'last-modified': 'Wed, 13 May 2026 06:38:29 GMT', 'content-length': '8932', 'content-type': 'text/javascript;charset=utf-8', 'accept-ranges': 'bytes'}",,unknown_third_party
2026-05-13T18:15:58.944754,GET,tuta.com,/assets/Link.CIhCD_ss.js,0,773,text/javascript;charset=utf-8,200,"{'user-agent': 'Mozilla/5.0 (X11; Ubuntu; Linux x86_64; rv:149.0) Gecko/20100101 Firefox/149.0', 'accept': '*/*', 'accept-language': 'en-US,en;q=0.9', 'accept-encoding': 'gzip, deflate, br, zstd', 'sec-fetch-dest': 'script', 'sec-fetch-mode': 'cors', 'sec-fetch-site': 'same-origin', 'te': 'trailers'}",,"{'date': 'Wed, 13 May 2026 18:16:08 GMT', 'x-frame-options': 'DENY', 'strict-transport-security': 'max-age=63072000; includeSubDomains; preload', 'x-content-type-options': 'nosniff', 'referrer-policy': 'no-referrer', 'access-control-expose-headers': 'Date,app-types-hash', 'cache-control': 'public, immutable, max-age=31536000', 'vary': 'Accept-Encoding', 'content-encoding': 'gzip', 'etag': 'W/""///+YZq9IZ4/////7qzz0E--gzip""', 'last-modified': 'Wed, 13 May 2026 06:38:29 GMT', 'content-length': '501', 'content-type': 'text/javascript;charset=utf-8', 'accept-ranges': 'bytes'}",,unknown_third_party
2026-05-13T18:15:58.946328,GET,tuta.com,/assets/BaseIcons.i1jH1fYR.js,0,2171,text/javascript;charset=utf-8,200,"{'user-agent': 'Mozilla/5.0 (X11; Ubuntu; Linux x86_64; rv:149.0) Gecko/20100101 Firefox/149.0', 'accept': '*/*', 'accept-language': 'en-US,en;q=0.9', 'accept-encoding': 'gzip, deflate, br, zstd', 'sec-fetch-dest': 'script', 'sec-fetch-mode': 'cors', 'sec-fetch-site': 'same-origin', 'te': 'trailers'}",,"{'date': 'Wed, 13 May 2026 18:16:08 GMT', 'x-frame-options': 'DENY', 'strict-transport-security': 'max-age=63072000; includeSubDomains; preload', 'x-content-type-options': 'nosniff', 'referrer-policy': 'no-referrer', 'access-control-expose-headers': 'Date,app-types-hash', 'cache-control': 'public, immutable, max-age=31536000', 'vary': 'Accept-Encoding', 'content-encoding': 'gzip', 'etag': 'W/""///+YdTzRss//////T9o/o--gzip""', 'last-modified': 'Wed, 13 May 2026 06:38:29 GMT', 'content-length': '665', 'content-type': 'text/javascript;charset=utf-8', 'accept-ranges': 'bytes'}",,unknown_third_party
2026-05-13T18:15:58.948835,GET,tuta.com,/assets/mobile-mail-e2ee-screen.D-opJHWP_i2vwk.webp,0,78092,image/webp,200,"{'user-agent': 'Mozilla/5.0 (X11; Ubuntu; Linux x86_64; rv:149.0) Gecko/20100101 Firefox/149.0', 'accept': 'image/avif,image/webp,image/png,image/svg+xml,image/*;q=0.8,*/*;q=0.5', 'accept-language': 'en-US,en;q=0.9', 'accept-encoding': 'gzip, deflate, br, zstd', 'sec-fetch-dest': 'image', 'sec-fetch-mode': 'no-cors', 'sec-fetch-site': 'same-origin', 'priority': 'u=5, i', 'te': 'trailers'}",,"{'date': 'Wed, 13 May 2026 18:16:08 GMT', 'x-frame-options': 'DENY', 'strict-transport-security': 'max-age=63072000; includeSubDomains; preload', 'x-content-type-options': 'nosniff', 'referrer-policy': 'no-referrer', 'access-control-expose-headers': 'Date,app-types-hash', 'cache-control': 'public, immutable, max-age=31536000', 'etag': 'W/""///+YfvcyzQ/////9vP7fE""', 'last-modified': 'Wed, 13 May 2026 06:41:57 GMT', 'content-length': '78092', 'content-type': 'image/webp', 'accept-ranges': 'bytes'}",,unknown_third_party
2026-05-13T18:15:59.020965,GET,tuta.com,/assets/_page_.b6017c39.lvLj_a-l.js,0,1268,text/javascript;charset=utf-8,200,"{'user-agent': 'Mozilla/5.0 (X11; Ubuntu; Linux x86_64; rv:149.0) Gecko/20100101 Firefox/149.0', 'accept': '*/*', 'accept-language': 'en-US,en;q=0.9', 'accept-encoding': 'gzip, deflate, br, zstd', 'sec-fetch-dest': 'script', 'sec-fetch-mode': 'cors', 'sec-fetch-site': 'same-origin', 'te': 'trailers'}",,"{'date': 'Wed, 13 May 2026 18:16:08 GMT', 'x-frame-options': 'DENY', 'strict-transport-security': 'max-age=63072000; includeSubDomains; preload', 'x-content-type-options': 'nosniff', 'referrer-policy': 'no-referrer', 'access-control-expose-headers': 'Date,app-types-hash', 'cache-control': 'public, immutable, max-age=31536000', 'vary': 'Accept-Encoding', 'content-encoding': 'gzip', 'etag': 'W/""AAABnlKoka0AAAAAHKmeBM--gzip""', 'last-modified': 'Wed, 13 May 2026 06:38:29 GMT', 'content-length': '539', 'content-type': 'text/javascript;charset=utf-8', 'accept-ranges': 'bytes'}",,unknown_third_party
2026-05-13T18:15:59.039035,GET,tuta.com,/assets/planUtils.CWa51Csv.js,0,1357,text/javascript;charset=utf-8,200,"{'user-agent': 'Mozilla/5.0 (X11; Ubuntu; Linux x86_64; rv:149.0) Gecko/20100101 Firefox/149.0', 'accept': '*/*', 'accept-language': 'en-US,en;q=0.9', 'accept-encoding': 'gzip, deflate, br, zstd', 'sec-fetch-dest': 'script', 'sec-fetch-mode': 'cors', 'sec-fetch-site': 'same-origin', 'te': 'trailers'}",,"{'date': 'Wed, 13 May 2026 18:16:08 GMT', 'x-frame-options': 'DENY', 'strict-transport-security': 'max-age=63072000; includeSubDomains; preload', 'x-content-type-options': 'nosniff', 'referrer-policy': 'no-referrer', 'access-control-expose-headers': 'Date,app-types-hash', 'cache-control': 'public, immutable, max-age=31536000', 'vary': 'Accept-Encoding', 'content-encoding': 'gzip', 'etag': 'W/""///+YaX7oz0/////4X1Szo--gzip""', 'last-modified': 'Wed, 13 May 2026 06:38:29 GMT', 'content-length': '649', 'content-type': 'text/javascript;charset=utf-8', 'accept-ranges': 'bytes'}",,unknown_third_party
2026-05-13T18:15:59.042829,GET,tuta.com,/assets/enums.DUUhw6NA.js,0,1549,text/javascript;charset=utf-8,200,"{'user-agent': 'Mozilla/5.0 (X11; Ubuntu; Linux x86_64; rv:149.0) Gecko/20100101 Firefox/149.0', 'accept': '*/*', 'accept-language': 'en-US,en;q=0.9', 'accept-encoding': 'gzip, deflate, br, zstd', 'sec-fetch-dest': 'script', 'sec-fetch-mode': 'cors', 'sec-fetch-site': 'same-origin', 'te': 'trailers'}",,"{'date': 'Wed, 13 May 2026 18:16:08 GMT', 'x-frame-options': 'DENY', 'strict-transport-security': 'max-age=63072000; includeSubDomains; preload', 'x-content-type-options': 'nosniff', 'referrer-policy': 'no-referrer', 'access-control-expose-headers': 'Date,app-types-hash', 'cache-control': 'public, immutable, max-age=31536000', 'vary': 'Accept-Encoding', 'content-encoding': 'gzip', 'etag': 'W/""AAABnm60HYIAAAAAE669sU--gzip""', 'last-modified': 'Wed, 13 May 2026 06:38:29 GMT', 'content-length': '631', 'content-type': 'text/javascript;charset=utf-8', 'accept-ranges': 'bytes'}",,unknown_third_party
2026-05-13T18:15:59.045672,GET,tuta.com,/assets/TrustInnerHTML.Dw3xMXCx.js,0,1193,text/javascript;charset=utf-8,200,"{'user-agent': 'Mozilla/5.0 (X11; Ubuntu; Linux x86_64; rv:149.0) Gecko/20100101 Firefox/149.0', 'accept': '*/*', 'accept-language': 'en-US,en;q=0.9', 'accept-encoding': 'gzip, deflate, br, zstd', 'sec-fetch-dest': 'script', 'sec-fetch-mode': 'cors', 'sec-fetch-site': 'same-origin', 'te': 'trailers'}",,"{'date': 'Wed, 13 May 2026 18:16:08 GMT', 'x-frame-options': 'DENY', 'strict-transport-security': 'max-age=63072000; includeSubDomains; preload', 'x-content-type-options': 'nosniff', 'referrer-policy': 'no-referrer', 'access-control-expose-headers': 'Date,app-types-hash', 'cache-control': 'public, immutable, max-age=31536000', 'vary': 'Accept-Encoding', 'content-encoding': 'gzip', 'etag': 'W/""AAABnnZhxb0AAAAAFZvLF4--gzip""', 'last-modified': 'Wed, 13 May 2026 06:38:29 GMT', 'content-length': '451', 'content-type': 'text/javascript;charset=utf-8', 'accept-ranges': 'bytes'}",,unknown_third_party
2026-05-13T18:15:59.048159,GET,tuta.com,/assets/BrandIcons.DZSirZ2K.js,0,32673,text/javascript;charset=utf-8,200,"{'user-agent': 'Mozilla/5.0 (X11; Ubuntu; Linux x86_64; rv:149.0) Gecko/20100101 Firefox/149.0', 'accept': '*/*', 'accept-language': 'en-US,en;q=0.9', 'accept-encoding': 'gzip, deflate, br, zstd', 'sec-fetch-dest': 'script', 'sec-fetch-mode': 'cors', 'sec-fetch-site': 'same-origin', 'te': 'trailers'}",,"{'date': 'Wed, 13 May 2026 18:16:08 GMT', 'x-frame-options': 'DENY', 'strict-transport-security': 'max-age=63072000; includeSubDomains; preload', 'x-content-type-options': 'nosniff', 'referrer-policy': 'no-referrer', 'access-control-expose-headers': 'Date,app-types-hash', 'cache-control': 'public, immutable, max-age=31536000', 'vary': 'Accept-Encoding', 'content-encoding': 'gzip', 'etag': 'W/""AAABnhkC1eYAAAAADkMRw0--gzip""', 'last-modified': 'Wed, 13 May 2026 06:38:29 GMT', 'content-length': '13216', 'content-type': 'text/javascript;charset=utf-8', 'accept-ranges': 'bytes'}",,unknown_third_party
2026-05-13T18:15:59.050159,GET,tuta.com,/assets/PricingIcons.flhILxsb.js,0,20739,text/javascript;charset=utf-8,200,"{'user-agent': 'Mozilla/5.0 (X11; Ubuntu; Linux x86_64; rv:149.0) Gecko/20100101 Firefox/149.0', 'accept': '*/*', 'accept-language': 'en-US,en;q=0.9', 'accept-encoding': 'gzip, deflate, br, zstd', 'sec-fetch-dest': 'script', 'sec-fetch-mode': 'cors', 'sec-fetch-site': 'same-origin', 'te': 'trailers'}",,"{'date': 'Wed, 13 May 2026 18:16:08 GMT', 'x-frame-options': 'DENY', 'strict-transport-security': 'max-age=63072000; includeSubDomains; preload', 'x-content-type-options': 'nosniff', 'referrer-policy': 'no-referrer', 'access-control-expose-headers': 'Date,app-types-hash', 'cache-control': 'public, immutable, max-age=31536000', 'vary': 'Accept-Encoding', 'content-encoding': 'gzip', 'etag': 'W/""///+YZDUPhI/////7Dagls--gzip""', 'last-modified': 'Wed, 13 May 2026 06:38:29 GMT', 'content-length': '7439', 'content-type': 'text/javascript;charset=utf-8', 'accept-ranges': 'bytes'}",,unknown_third_party
2026-05-13T18:15:59.302427,GET,tuta.com,/assets/en.BbWAIDay.js,0,438919,text/javascript;charset=utf-8,200,"{'user-agent': 'Mozilla/5.0 (X11; Ubuntu; Linux x86_64; rv:149.0) Gecko/20100101 Firefox/149.0', 'accept': '*/*', 'accept-language': 'en-US,en;q=0.9', 'accept-encoding': 'gzip, deflate, br, zstd', 'sec-fetch-dest': 'script', 'sec-fetch-mode': 'cors', 'sec-fetch-site': 'same-origin', 'te': 'trailers'}",,"{'date': 'Wed, 13 May 2026 18:16:08 GMT', 'x-frame-options': 'DENY', 'strict-transport-security': 'max-age=63072000; includeSubDomains; preload', 'x-content-type-options': 'nosniff', 'referrer-policy': 'no-referrer', 'access-control-expose-headers': 'Date,app-types-hash', 'cache-control': 'public, immutable, max-age=31536000', 'vary': 'Accept-Encoding', 'content-encoding': 'gzip', 'etag': 'W/""///+YafSkeA/////4fazjU--gzip""', 'last-modified': 'Wed, 13 May 2026 06:38:29 GMT', 'content-length': '128164', 'content-type': 'text/javascript;charset=utf-8', 'accept-ranges': 'bytes'}",,unknown_third_party
2026-05-13T18:15:59.341417,GET,tuta.com,/assets/european_digital_sme_alliance_logo.DSTHHD4X.js,0,128,text/javascript;charset=utf-8,200,"{'user-agent': 'Mozilla/5.0 (X11; Ubuntu; Linux x86_64; rv:149.0) Gecko/20100101 Firefox/149.0', 'accept': '*/*', 'accept-language': 'en-US,en;q=0.9', 'accept-encoding': 'gzip, deflate, br, zstd', 'sec-fetch-dest': 'script', 'sec-fetch-mode': 'cors', 'sec-fetch-site': 'same-origin', 'te': 'trailers'}",,"{'date': 'Wed, 13 May 2026 18:16:08 GMT', 'x-frame-options': 'DENY', 'strict-transport-security': 'max-age=63072000; includeSubDomains; preload', 'x-content-type-options': 'nosniff', 'referrer-policy': 'no-referrer', 'access-control-expose-headers': 'Date,app-types-hash', 'cache-control': 'public, immutable, max-age=31536000', 'vary': 'Accept-Encoding', 'content-encoding': 'gzip', 'etag': 'W/""///+YfcXrME/////9cZQQs--gzip""', 'last-modified': 'Wed, 13 May 2026 06:38:29 GMT', 'content-length': '186', 'content-type': 'text/javascript;charset=utf-8', 'accept-ranges': 'bytes'}",,unknown_third_party
2026-05-13T18:15:59.363202,GET,tuta.com,/assets/Tooltip.CYxNIS0Y.js,0,961,text/javascript;charset=utf-8,200,"{'user-agent': 'Mozilla/5.0 (X11; Ubuntu; Linux x86_64; rv:149.0) Gecko/20100101 Firefox/149.0', 'accept': '*/*', 'accept-language': 'en-US,en;q=0.9', 'accept-encoding': 'gzip, deflate, br, zstd', 'sec-fetch-dest': 'script', 'sec-fetch-mode': 'cors', 'sec-fetch-site': 'same-origin', 'te': 'trailers'}",,"{'date': 'Wed, 13 May 2026 18:16:08 GMT', 'x-frame-options': 'DENY', 'strict-transport-security': 'max-age=63072000; includeSubDomains; preload', 'x-content-type-options': 'nosniff', 'referrer-policy': 'no-referrer', 'access-control-expose-headers': 'Date,app-types-hash', 'cache-control': 'public, immutable, max-age=31536000', 'vary': 'Accept-Encoding', 'content-encoding': 'gzip', 'etag': 'W/""///+YZwg7no/////7wuAPE--gzip""', 'last-modified': 'Wed, 13 May 2026 06:38:29 GMT', 'content-length': '597', 'content-type': 'text/javascript;charset=utf-8', 'accept-ranges': 'bytes'}",,unknown_third_party
2026-05-13T18:15:59.364166,GET,tuta.com,/assets/SocialIcons.DyWg4h_v.js,0,3999,text/javascript;charset=utf-8,200,"{'user-agent': 'Mozilla/5.0 (X11; Ubuntu; Linux x86_64; rv:149.0) Gecko/20100101 Firefox/149.0', 'accept': '*/*', 'accept-language': 'en-US,en;q=0.9', 'accept-encoding': 'gzip, deflate, br, zstd', 'sec-fetch-dest': 'script', 'sec-fetch-mode': 'cors', 'sec-fetch-site': 'same-origin', 'te': 'trailers'}",,"{'date': 'Wed, 13 May 2026 18:16:08 GMT', 'x-frame-options': 'DENY', 'strict-transport-security': 'max-age=63072000; includeSubDomains; preload', 'x-content-type-options': 'nosniff', 'referrer-policy': 'no-referrer', 'access-control-expose-headers': 'Date,app-types-hash', 'cache-control': 'public, immutable, max-age=31536000', 'vary': 'Accept-Encoding', 'content-encoding': 'gzip', 'etag': 'W/""AAABng+vXoMAAAAAC+hvFY--gzip""', 'last-modified': 'Wed, 13 May 2026 06:38:29 GMT', 'content-length': '1998', 'content-type': 'text/javascript;charset=utf-8', 'accept-ranges': 'bytes'}",,unknown_third_party
2026-05-13T18:15:59.581818,GET,tuta.com,/favicon/logo-favicon.svg,0,919,image/svg+xml,200,"{'user-agent': 'Mozilla/5.0 (X11; Ubuntu; Linux x86_64; rv:149.0) Gecko/20100101 Firefox/149.0', 'accept': 'image/avif,image/webp,image/png,image/svg+xml,image/*;q=0.8,*/*;q=0.5', 'accept-language': 'en-US,en;q=0.9', 'accept-encoding': 'gzip, deflate, br, zstd', 'sec-fetch-dest': 'image', 'sec-fetch-mode': 'no-cors', 'sec-fetch-site': 'same-origin', 'priority': 'u=6', 'te': 'trailers'}",,"{'date': 'Wed, 13 May 2026 18:16:08 GMT', 'x-frame-options': 'DENY', 'strict-transport-security': 'max-age=63072000; includeSubDomains; preload', 'x-content-type-options': 'nosniff', 'referrer-policy': 'no-referrer', 'access-control-expose-headers': 'Date,app-types-hash', 'content-security-policy': ""default-src 'none'; script-src 'self' 'sha256-WN0hqek1jEauhlhWVVXeQPa5BD3f0rsMdmwSZtw1Cys=' 'sha256-VmEf2BGdqVUwcvyhTyarJo/bY7DNqS2+T2sz4IO/kbw=' 'sha256-eIXWvAmxkr251LJZkjniEK5LcPF3NkapbJepohwYRIc=' 'sha256-Jz4XDAN4f076pEj8cOt8mEdISulquB3CBdxFvEpSSyc=' 'sha256-gPxRf/xXylU+m1MS3X2eO2FaXfC4fdHx0TdnWrwGoOI='; child-src 'self'; frame-src https://*.youtube.com  https://*.vimeo.com; font-src 'self'; img-src http: data: *; media-src 'self'; style-src 'self' 'unsafe-inline'; frame-ancestors 'none'; base-uri 'none'; connect-src 'self' https://tuta.com https://tuta.com data: * wss://app.tuta.com https://app.tuta.com https://api.github.com https://www.reddit.com https://mail.tutanota.com wss://mail.tutanota.com;"", 'etag': 'W/""///+YYE8kNc/////6EyyoU""', 'last-modified': 'Wed, 13 May 2026 06:37:51 GMT', 'content-length': '919', 'content-type': 'image/svg+xml', 'accept-ranges': 'bytes', 'cache-control': 'no-cache,public,no-transform'}",,unknown_third_party
2026-05-13T18:16:10.654136,GET,app.tuta.com,/signup?websiteLang=en,0,0,,302,"{'user-agent': 'Mozilla/5.0 (X11; Ubuntu; Linux x86_64; rv:149.0) Gecko/20100101 Firefox/149.0', 'accept': 'text/html,application/xhtml+xml,application/xml;q=0.9,*/*;q=0.8', 'accept-language': 'en-US,en;q=0.9', 'accept-encoding': 'gzip, deflate, br, zstd', 'upgrade-insecure-requests': '1', 'sec-fetch-dest': 'document', 'sec-fetch-mode': 'navigate', 'sec-fetch-site': 'same-site', 'sec-fetch-user': '?1', 'priority': 'u=0, i', 'te': 'trailers'}",,"{'date': 'Wed, 13 May 2026 18:16:19 GMT', 'x-frame-options': 'DENY', 'strict-transport-security': 'max-age=63072000; includeSubDomains; preload', 'x-content-type-options': 'nosniff', 'referrer-policy': 'no-referrer', 'access-control-expose-headers': 'Date,app-types-hash', 'location': 'https://app.tuta.com/?r=/signup&websiteLang=en', 'content-length': '0'}",,unknown_third_party
2026-05-13T18:16:10.843628,GET,app.tuta.com,/?r=/signup&websiteLang=en,0,2486,text/html;charset=utf-8,200,"{'user-agent': 'Mozilla/5.0 (X11; Ubuntu; Linux x86_64; rv:149.0) Gecko/20100101 Firefox/149.0', 'accept': 'text/html,application/xhtml+xml,application/xml;q=0.9,*/*;q=0.8', 'accept-language': 'en-US,en;q=0.9', 'accept-encoding': 'gzip, deflate, br, zstd', 'upgrade-insecure-requests': '1', 'sec-fetch-dest': 'document', 'sec-fetch-mode': 'navigate', 'sec-fetch-site': 'none', 'sec-fetch-user': '?1', 'priority': 'u=0, i', 'te': 'trailers'}",,"{'date': 'Wed, 13 May 2026 18:16:19 GMT', 'x-frame-options': 'DENY', 'strict-transport-security': 'max-age=63072000; includeSubDomains; preload', 'x-content-type-options': 'nosniff', 'referrer-policy': 'no-referrer', 'access-control-expose-headers': 'Date,app-types-hash', 'content-security-policy': ""default-src 'none'; script-src 'self'; frame-src 'none'; worker-src 'self'; font-src 'self'; img-src http: blob: data: *; media-src blob: data: *;style-src 'unsafe-inline'; frame-ancestors 'none'; base-uri 'none'; connect-src 'self' https://app.tuta.com https://tutanota.com https://tuta.com https://tuta.com wss://app.tuta.com https://*.api.tuta.com;"", 'vary': 'Accept-Encoding', 'content-encoding': 'gzip', 'etag': 'W/""///+YmA2Qr8/////5xejpk--gzip""', 'last-modified': 'Wed, 06 May 2026 08:30:18 GMT', 'content-length': '908', 'content-type': 'text/html;charset=utf-8', 'accept-ranges': 'bytes', 'cache-control': 'no-cache,public,no-transform'}",,unknown_third_party
2026-05-13T18:16:11.204664,GET,app.tuta.com,/polyfill.js,0,632,text/javascript;charset=utf-8,200,"{'user-agent': 'Mozilla/5.0 (X11; Ubuntu; Linux x86_64; rv:149.0) Gecko/20100101 Firefox/149.0', 'accept': '*/*', 'accept-language': 'en-US,en;q=0.9', 'accept-encoding': 'gzip, deflate, br, zstd', 'sec-fetch-dest': 'script', 'sec-fetch-mode': 'no-cors', 'sec-fetch-site': 'same-origin', 'te': 'trailers'}",,"{'date': 'Wed, 13 May 2026 18:16:19 GMT', 'x-frame-options': 'DENY', 'strict-transport-security': 'max-age=63072000; includeSubDomains; preload', 'x-content-type-options': 'nosniff', 'referrer-policy': 'no-referrer', 'access-control-expose-headers': 'Date,app-types-hash', 'vary': 'Accept-Encoding', 'content-encoding': 'gzip', 'etag': 'W/""AAABnZ4NTVAAAAAAGJpPxg--gzip""', 'last-modified': 'Wed, 06 May 2026 08:25:34 GMT', 'content-length': '317', 'content-type': 'text/javascript;charset=utf-8', 'accept-ranges': 'bytes', 'cache-control': 'no-cache,public,no-transform'}",,unknown_third_party
2026-05-13T18:16:11.212328,GET,app.tuta.com,/index.js,0,8479,text/javascript;charset=utf-8,200,"{'user-agent': 'Mozilla/5.0 (X11; Ubuntu; Linux x86_64; rv:149.0) Gecko/20100101 Firefox/149.0', 'accept': '*/*', 'accept-language': 'en-US,en;q=0.9', 'accept-encoding': 'gzip, deflate, br, zstd', 'sec-fetch-dest': 'script', 'sec-fetch-mode': 'no-cors', 'sec-fetch-site': 'same-origin', 'te': 'trailers'}",,"{'date': 'Wed, 13 May 2026 18:16:19 GMT', 'x-frame-options': 'DENY', 'strict-transport-security': 'max-age=63072000; includeSubDomains; preload', 'x-content-type-options': 'nosniff', 'referrer-policy': 'no-referrer', 'access-control-expose-headers': 'Date,app-types-hash', 'vary': 'Accept-Encoding', 'content-encoding': 'gzip', 'etag': 'W/""///+Yi2nWF0/////9HPvNI--gzip""', 'last-modified': 'Wed, 06 May 2026 08:30:18 GMT', 'content-length': '1492', 'content-type': 'text/javascript;charset=utf-8', 'accept-ranges': 'bytes', 'cache-control': 'no-cache,public,no-transform'}",,unknown_third_party
2026-05-13T18:16:11.508896,GET,app.tuta.com,/app.js,0,150135,text/javascript;charset=utf-8,200,"{'user-agent': 'Mozilla/5.0 (X11; Ubuntu; Linux x86_64; rv:149.0) Gecko/20100101 Firefox/149.0', 'accept': '*/*', 'accept-language': 'en-US,en;q=0.9', 'accept-encoding': 'gzip, deflate, br, zstd', 'sec-fetch-dest': 'script', 'sec-fetch-mode': 'cors', 'sec-fetch-site': 'same-origin', 'te': 'trailers'}",,"{'date': 'Wed, 13 May 2026 18:16:19 GMT', 'x-frame-options': 'DENY', 'strict-transport-security': 'max-age=63072000; includeSubDomains; preload', 'x-content-type-options': 'nosniff', 'referrer-policy': 'no-referrer', 'access-control-expose-headers': 'Date,app-types-hash', 'vary': 'Accept-Encoding', 'content-encoding': 'gzip', 'etag': 'W/""AAABnZFTNY4AAAAAG05umk--gzip""', 'last-modified': 'Wed, 06 May 2026 08:30:18 GMT', 'content-length': '49410', 'content-type': 'text/javascript;charset=utf-8', 'accept-ranges': 'bytes', 'cache-control': 'no-cache,public,no-transform'}",,unknown_third_party
2026-05-13T18:16:11.593175,GET,app.tuta.com,/images/logo-favicon-192.png,0,4538,image/png,200,"{'user-agent': 'Mozilla/5.0 (X11; Ubuntu; Linux x86_64; rv:149.0) Gecko/20100101 Firefox/149.0', 'accept': 'image/avif,image/webp,image/png,image/svg+xml,image/*;q=0.8,*/*;q=0.5', 'accept-language': 'en-US,en;q=0.9', 'accept-encoding': 'gzip, deflate, br, zstd', 'sec-fetch-dest': 'image', 'sec-fetch-mode': 'no-cors', 'sec-fetch-site': 'same-origin', 'priority': 'u=6', 'te': 'trailers'}",,"{'date': 'Wed, 13 May 2026 18:16:19 GMT', 'x-frame-options': 'DENY', 'strict-transport-security': 'max-age=63072000; includeSubDomains; preload', 'x-content-type-options': 'nosniff', 'referrer-policy': 'no-referrer', 'access-control-expose-headers': 'Date,app-types-hash', 'etag': 'W/""///+YhdWcok/////+syEwM""', 'last-modified': 'Wed, 06 May 2026 08:25:34 GMT', 'content-length': '4538', 'content-type': 'image/png', 'accept-ranges': 'bytes', 'cache-control': 'no-cache,public,no-transform'}",,unknown_third_party
2026-05-13T18:16:11.600876,GET,app.tuta.com,/images/logo-favicon.svg,0,919,image/svg+xml,200,"{'user-agent': 'Mozilla/5.0 (X11; Ubuntu; Linux x86_64; rv:149.0) Gecko/20100101 Firefox/149.0', 'accept': 'image/avif,image/webp,image/png,image/svg+xml,image/*;q=0.8,*/*;q=0.5', 'accept-language': 'en-US,en;q=0.9', 'accept-encoding': 'gzip, deflate, br, zstd', 'sec-fetch-dest': 'image', 'sec-fetch-mode': 'no-cors', 'sec-fetch-site': 'same-origin', 'priority': 'u=6', 'te': 'trailers'}",,"{'date': 'Wed, 13 May 2026 18:16:19 GMT', 'x-frame-options': 'DENY', 'strict-transport-security': 'max-age=63072000; includeSubDomains; preload', 'x-content-type-options': 'nosniff', 'referrer-policy': 'no-referrer', 'access-control-expose-headers': 'Date,app-types-hash', 'etag': 'W/""AAABnbPsOgcAAAAAE+ISaA""', 'last-modified': 'Wed, 06 May 2026 08:25:34 GMT', 'content-length': '919', 'content-type': 'image/svg+xml', 'accept-ranges': 'bytes', 'cache-control': 'no-cache,public,no-transform'}",,unknown_third_party
2026-05-13T18:16:12.413130,GET,app.tuta.com,/common-min-CBFWIJX5.js,0,59353,text/javascript;charset=utf-8,200,"{'user-agent': 'Mozilla/5.0 (X11; Ubuntu; Linux x86_64; rv:149.0) Gecko/20100101 Firefox/149.0', 'accept': '*/*', 'accept-language': 'en-US,en;q=0.9', 'accept-encoding': 'gzip, deflate, br, zstd', 'sec-fetch-dest': 'script', 'sec-fetch-mode': 'cors', 'sec-fetch-site': 'same-origin', 'te': 'trailers'}",,"{'date': 'Wed, 13 May 2026 18:16:20 GMT', 'x-frame-options': 'DENY', 'strict-transport-security': 'max-age=63072000; includeSubDomains; preload', 'x-content-type-options': 'nosniff', 'referrer-policy': 'no-referrer', 'access-control-expose-headers': 'Date,app-types-hash', 'vary': 'Accept-Encoding', 'content-encoding': 'gzip', 'etag': 'W/""AAABncDSEoQAAAAADy6MM0--gzip""', 'last-modified': 'Wed, 06 May 2026 08:30:18 GMT', 'content-length': '20027', 'content-type': 'text/javascript;charset=utf-8', 'accept-ranges': 'bytes', 'cache-control': 'no-cache,public,no-transform'}",,unknown_third_party
2026-05-13T18:16:12.424102,GET,app.tuta.com,/polyfill-helpers-TovMs9th.js,0,556,text/javascript;charset=utf-8,200,"{'user-agent': 'Mozilla/5.0 (X11; Ubuntu; Linux x86_64; rv:149.0) Gecko/20100101 Firefox/149.0', 'accept': '*/*', 'accept-language': 'en-US,en;q=0.9', 'accept-encoding': 'gzip, deflate, br, zstd', 'sec-fetch-dest': 'script', 'sec-fetch-mode': 'cors', 'sec-fetch-site': 'same-origin', 'te': 'trailers'}",,"{'date': 'Wed, 13 May 2026 18:16:20 GMT', 'x-frame-options': 'DENY', 'strict-transport-security': 'max-age=63072000; includeSubDomains; preload', 'x-content-type-options': 'nosniff', 'referrer-policy': 'no-referrer', 'access-control-expose-headers': 'Date,app-types-hash', 'vary': 'Accept-Encoding', 'content-encoding': 'gzip', 'etag': 'W/""///+YmbFRJ0/////5qtgyE--gzip""', 'last-modified': 'Wed, 06 May 2026 08:30:18 GMT', 'content-length': '386', 'content-type': 'text/javascript;charset=utf-8', 'accept-ranges': 'bytes', 'cache-control': 'no-cache,public,no-transform'}",,unknown_third_party
2026-05-13T18:16:14.810010,GET,app.tuta.com,/translation-en-jHQdczTw.js,0,152022,text/javascript;charset=utf-8,200,"{'user-agent': 'Mozilla/5.0 (X11; Ubuntu; Linux x86_64; rv:149.0) Gecko/20100101 Firefox/149.0', 'accept': '*/*', 'accept-language': 'en-US,en;q=0.9', 'accept-encoding': 'gzip, deflate, br, zstd', 'sec-fetch-dest': 'script', 'sec-fetch-mode': 'cors', 'sec-fetch-site': 'same-origin', 'te': 'trailers'}",,"{'date': 'Wed, 13 May 2026 18:16:22 GMT', 'x-frame-options': 'DENY', 'strict-transport-security': 'max-age=63072000; includeSubDomains; preload', 'x-content-type-options': 'nosniff', 'referrer-policy': 'no-referrer', 'access-control-expose-headers': 'Date,app-types-hash', 'vary': 'Accept-Encoding', 'content-encoding': 'gzip', 'etag': 'W/""AAABnekdpVwAAAAABV3MRo--gzip""', 'last-modified': 'Wed, 06 May 2026 08:30:18 GMT', 'content-length': '45559', 'content-type': 'text/javascript;charset=utf-8', 'accept-ranges': 'bytes', 'cache-control': 'no-cache,public,no-transform'}",,unknown_third_party
2026-05-13T18:16:15.286462,GET,app.tuta.com,/main-DyrekSQG.js,0,402645,text/javascript;charset=utf-8,200,"{'user-agent': 'Mozilla/5.0 (X11; Ubuntu; Linux x86_64; rv:149.0) Gecko/20100101 Firefox/149.0', 'accept': '*/*', 'accept-language': 'en-US,en;q=0.9', 'accept-encoding': 'gzip, deflate, br, zstd', 'sec-fetch-dest': 'script', 'sec-fetch-mode': 'cors', 'sec-fetch-site': 'same-origin', 'te': 'trailers'}",,"{'date': 'Wed, 13 May 2026 18:16:23 GMT', 'x-frame-options': 'DENY', 'strict-transport-security': 'max-age=63072000; includeSubDomains; preload', 'x-content-type-options': 'nosniff', 'referrer-policy': 'no-referrer', 'access-control-expose-headers': 'Date,app-types-hash', 'vary': 'Accept-Encoding', 'content-encoding': 'gzip', 'etag': 'W/""///+YgTZOJU//////i32dA--gzip""', 'last-modified': 'Wed, 06 May 2026 08:30:18 GMT', 'content-length': '109571', 'content-type': 'text/javascript;charset=utf-8', 'accept-ranges': 'bytes', 'cache-control': 'no-cache,public,no-transform'}",,unknown_third_party
2026-05-13T18:16:15.856474,GET,app.tuta.com,/gui-base-t-jouwHr.js,0,449518,text/javascript;charset=utf-8,200,"{'user-agent': 'Mozilla/5.0 (X11; Ubuntu; Linux x86_64; rv:149.0) Gecko/20100101 Firefox/149.0', 'accept': '*/*', 'accept-language': 'en-US,en;q=0.9', 'accept-encoding': 'gzip, deflate, br, zstd', 'sec-fetch-dest': 'script', 'sec-fetch-mode': 'cors', 'sec-fetch-site': 'same-origin', 'te': 'trailers'}",,"{'date': 'Wed, 13 May 2026 18:16:23 GMT', 'x-frame-options': 'DENY', 'strict-transport-security': 'max-age=63072000; includeSubDomains; preload', 'x-content-type-options': 'nosniff', 'referrer-policy': 'no-referrer', 'access-control-expose-headers': 'Date,app-types-hash', 'vary': 'Accept-Encoding', 'content-encoding': 'gzip', 'etag': 'W/""///+Ynsmivs/////4dIlIU--gzip""', 'last-modified': 'Wed, 06 May 2026 08:30:18 GMT', 'content-length': '172061', 'content-type': 'text/javascript;charset=utf-8', 'accept-ranges': 'bytes', 'cache-control': 'no-cache,public,no-transform'}",,unknown_third_party
2026-05-13T18:16:15.866374,GET,app.tuta.com,/common-CKT2Iti8.js,0,449950,text/javascript;charset=utf-8,200,"{'user-agent': 'Mozilla/5.0 (X11; Ubuntu; Linux x86_64; rv:149.0) Gecko/20100101 Firefox/149.0', 'accept': '*/*', 'accept-language': 'en-US,en;q=0.9', 'accept-encoding': 'gzip, deflate, br, zstd', 'sec-fetch-dest': 'script', 'sec-fetch-mode': 'cors', 'sec-fetch-site': 'same-origin', 'te': 'trailers'}",,"{'date': 'Wed, 13 May 2026 18:16:23 GMT', 'x-frame-options': 'DENY', 'strict-transport-security': 'max-age=63072000; includeSubDomains; preload', 'x-content-type-options': 'nosniff', 'referrer-policy': 'no-referrer', 'access-control-expose-headers': 'Date,app-types-hash', 'vary': 'Accept-Encoding', 'content-encoding': 'gzip', 'etag': 'W/""AAABnaFTxi0AAAAAF093iM--gzip""', 'last-modified': 'Wed, 06 May 2026 08:30:18 GMT', 'content-length': '76626', 'content-type': 'text/javascript;charset=utf-8', 'accept-ranges': 'bytes', 'cache-control': 'no-cache,public,no-transform'}",,unknown_third_party
2026-05-13T18:16:15.884739,GET,app.tuta.com,/date-B_RnlpgQ.js,0,173002,text/javascript;charset=utf-8,200,"{'user-agent': 'Mozilla/5.0 (X11; Ubuntu; Linux x86_64; rv:149.0) Gecko/20100101 Firefox/149.0', 'accept': '*/*', 'accept-language': 'en-US,en;q=0.9', 'accept-encoding': 'gzip, deflate, br, zstd', 'sec-fetch-dest': 'script', 'sec-fetch-mode': 'cors', 'sec-fetch-site': 'same-origin', 'te': 'trailers'}",,"{'date': 'Wed, 13 May 2026 18:16:23 GMT', 'x-frame-options': 'DENY', 'strict-transport-security': 'max-age=63072000; includeSubDomains; preload', 'x-content-type-options': 'nosniff', 'referrer-policy': 'no-referrer', 'access-control-expose-headers': 'Date,app-types-hash', 'vary': 'Accept-Encoding', 'content-encoding': 'gzip', 'etag': 'W/""///+YhVQAwk/////+k6ZVM--gzip""', 'last-modified': 'Wed, 06 May 2026 08:30:18 GMT', 'content-length': '52965', 'content-type': 'text/javascript;charset=utf-8', 'accept-ranges': 'bytes', 'cache-control': 'no-cache,public,no-transform'}",,unknown_third_party
2026-05-13T18:16:15.887007,GET,app.tuta.com,/qr-DauChJRF.js,0,147482,text/javascript;charset=utf-8,200,"{'user-agent': 'Mozilla/5.0 (X11; Ubuntu; Linux x86_64; rv:149.0) Gecko/20100101 Firefox/149.0', 'accept': '*/*', 'accept-language': 'en-US,en;q=0.9', 'accept-encoding': 'gzip, deflate, br, zstd', 'sec-fetch-dest': 'script', 'sec-fetch-mode': 'cors', 'sec-fetch-site': 'same-origin', 'te': 'trailers'}",,"{'date': 'Wed, 13 May 2026 18:16:23 GMT', 'x-frame-options': 'DENY', 'strict-transport-security': 'max-age=63072000; includeSubDomains; preload', 'x-content-type-options': 'nosniff', 'referrer-policy': 'no-referrer', 'access-control-expose-headers': 'Date,app-types-hash', 'vary': 'Accept-Encoding', 'content-encoding': 'gzip', 'etag': 'W/""AAABnfPa1iIAAAAAA+wU6g--gzip""', 'last-modified': 'Wed, 06 May 2026 08:30:18 GMT', 'content-length': '52177', 'content-type': 'text/javascript;charset=utf-8', 'accept-ranges': 'bytes', 'cache-control': 'no-cache,public,no-transform'}",,unknown_third_party
2026-05-13T18:16:16.976951,GET,app.tuta.com,/sanitizer-2lYgDSbq.js,0,32399,text/javascript;charset=utf-8,200,"{'user-agent': 'Mozilla/5.0 (X11; Ubuntu; Linux x86_64; rv:149.0) Gecko/20100101 Firefox/149.0', 'accept': '*/*', 'accept-language': 'en-US,en;q=0.9', 'accept-encoding': 'gzip, deflate, br, zstd', 'sec-fetch-dest': 'script', 'sec-fetch-mode': 'cors', 'sec-fetch-site': 'same-origin', 'te': 'trailers'}",,"{'date': 'Wed, 13 May 2026 18:16:24 GMT', 'x-frame-options': 'DENY', 'strict-transport-security': 'max-age=63072000; includeSubDomains; preload', 'x-content-type-options': 'nosniff', 'referrer-policy': 'no-referrer', 'access-control-expose-headers': 'Date,app-types-hash', 'vary': 'Accept-Encoding', 'content-encoding': 'gzip', 'etag': 'W/""AAABncVnWfUAAAAADkP4uo--gzip""', 'last-modified': 'Wed, 06 May 2026 08:30:18 GMT', 'content-length': '11419', 'content-type': 'text/javascript;charset=utf-8', 'accept-ranges': 'bytes', 'cache-control': 'no-cache,public,no-transform'}",,unknown_third_party
2026-05-13T18:16:17.051061,GET,app.tuta.com,/signup-BlZI7i_G.js,0,46028,text/javascript;charset=utf-8,200,"{'user-agent': 'Mozilla/5.0 (X11; Ubuntu; Linux x86_64; rv:149.0) Gecko/20100101 Firefox/149.0', 'accept': '*/*', 'accept-language': 'en-US,en;q=0.9', 'accept-encoding': 'gzip, deflate, br, zstd', 'sec-fetch-dest': 'script', 'sec-fetch-mode': 'cors', 'sec-fetch-site': 'same-origin', 'te': 'trailers'}",,"{'date': 'Wed, 13 May 2026 18:16:24 GMT', 'x-frame-options': 'DENY', 'strict-transport-security': 'max-age=63072000; includeSubDomains; preload', 'x-content-type-options': 'nosniff', 'referrer-policy': 'no-referrer', 'access-control-expose-headers': 'Date,app-types-hash', 'vary': 'Accept-Encoding', 'content-encoding': 'gzip', 'etag': 'W/""///+YhqbJUc/////+bzUxs--gzip""', 'last-modified': 'Wed, 06 May 2026 08:30:18 GMT', 'content-length': '12983', 'content-type': 'text/javascript;charset=utf-8', 'accept-ranges': 'bytes', 'cache-control': 'no-cache,public,no-transform'}",,unknown_third_party
2026-05-13T18:16:17.062707,GET,app.tuta.com,/worker-bootstrap.js,0,48,text/javascript;charset=utf-8,200,"{'user-agent': 'Mozilla/5.0 (X11; Ubuntu; Linux x86_64; rv:149.0) Gecko/20100101 Firefox/149.0', 'accept': '*/*', 'accept-language': 'en-US,en;q=0.9', 'accept-encoding': 'gzip, deflate, br, zstd', 'sec-fetch-dest': 'worker', 'sec-fetch-mode': 'same-origin', 'sec-fetch-site': 'same-origin', 'priority': 'u=4', 'te': 'trailers'}",,"{'date': 'Wed, 13 May 2026 18:16:24 GMT', 'x-frame-options': 'DENY', 'strict-transport-security': 'max-age=63072000; includeSubDomains; preload', 'x-content-type-options': 'nosniff', 'referrer-policy': 'no-referrer', 'access-control-expose-headers': 'Date,app-types-hash', 'vary': 'Accept-Encoding', 'content-encoding': 'gzip', 'etag': 'W/""AAABndUrhkAAAAAAClDQ+A--gzip""', 'last-modified': 'Wed, 06 May 2026 08:30:18 GMT', 'content-length': '78', 'content-type': 'text/javascript;charset=utf-8', 'accept-ranges': 'bytes', 'cache-control': 'no-cache,public,no-transform'}",,unknown_third_party
2026-05-13T18:16:17.079439,GET,app.tuta.com,/sw.js,0,6974,text/javascript;charset=utf-8,200,"{'user-agent': 'Mozilla/5.0 (X11; Ubuntu; Linux x86_64; rv:149.0) Gecko/20100101 Firefox/149.0', 'accept': '*/*', 'accept-language': 'en-US,en;q=0.9', 'accept-encoding': 'gzip, deflate, br, zstd', 'service-worker': 'script', 'sec-fetch-dest': 'serviceworker', 'sec-fetch-mode': 'same-origin', 'sec-fetch-site': 'same-origin', 'priority': 'u=4', 'pragma': 'no-cache', 'cache-control': 'no-cache', 'te': 'trailers'}",,"{'date': 'Wed, 13 May 2026 18:16:24 GMT', 'x-frame-options': 'DENY', 'strict-transport-security': 'max-age=63072000; includeSubDomains; preload', 'x-content-type-options': 'nosniff', 'referrer-policy': 'no-referrer', 'access-control-expose-headers': 'Date,app-types-hash', 'vary': 'Accept-Encoding', 'content-encoding': 'gzip', 'etag': 'W/""///+YghpARs//////QBzxU--gzip""', 'last-modified': 'Wed, 06 May 2026 08:30:22 GMT', 'content-length': '2724', 'content-type': 'text/javascript;charset=utf-8', 'accept-ranges': 'bytes', 'cache-control': 'no-cache,public,no-transform'}",,unknown_third_party
2026-05-13T18:16:17.270947,GET,app.tuta.com,/polyfill.js,0,0,,304,"{'user-agent': 'Mozilla/5.0 (X11; Ubuntu; Linux x86_64; rv:149.0) Gecko/20100101 Firefox/149.0', 'accept': '*/*', 'accept-language': 'en-US,en;q=0.9', 'accept-encoding': 'gzip, deflate, br, zstd', 'sec-fetch-dest': 'worker', 'sec-fetch-mode': 'cors', 'sec-fetch-site': 'same-origin', 'if-modified-since': 'Wed, 06 May 2026 08:25:34 GMT', 'if-none-match': 'W/""AAABnZ4NTVAAAAAAGJpPxg--gzip""', 'priority': 'u=4', 'te': 'trailers'}",,"{'date': 'Wed, 13 May 2026 18:16:25 GMT', 'x-frame-options': 'DENY', 'strict-transport-security': 'max-age=63072000; includeSubDomains; preload', 'x-content-type-options': 'nosniff', 'referrer-policy': 'no-referrer', 'access-control-expose-headers': 'Date,app-types-hash', 'etag': 'W/""AAABnZ4NTVAAAAAAGJpPxg--gzip""', 'last-modified': 'Wed, 06 May 2026 08:25:34 GMT', 'accept-ranges': 'bytes', 'cache-control': 'must-revalidate,no-cache,no-store', 'content-length': '0'}",,unknown_third_party
2026-05-13T18:16:17.284832,GET,app.tuta.com,/mail-worker.js,0,338737,text/javascript;charset=utf-8,200,"{'user-agent': 'Mozilla/5.0 (X11; Ubuntu; Linux x86_64; rv:149.0) Gecko/20100101 Firefox/149.0', 'accept': '*/*', 'accept-language': 'en-US,en;q=0.9', 'accept-encoding': 'gzip, deflate, br, zstd', 'sec-fetch-dest': 'worker', 'sec-fetch-mode': 'cors', 'sec-fetch-site': 'same-origin', 'priority': 'u=4', 'te': 'trailers'}",,"{'date': 'Wed, 13 May 2026 18:16:25 GMT', 'x-frame-options': 'DENY', 'strict-transport-security': 'max-age=63072000; includeSubDomains; preload', 'x-content-type-options': 'nosniff', 'referrer-policy': 'no-referrer', 'access-control-expose-headers': 'Date,app-types-hash', 'vary': 'Accept-Encoding', 'content-encoding': 'gzip', 'etag': 'W/""AAABnY3NAJsAAAAAHGg7jo--gzip""', 'last-modified': 'Wed, 06 May 2026 08:30:18 GMT', 'content-length': '97888', 'content-type': 'text/javascript;charset=utf-8', 'accept-ranges': 'bytes', 'cache-control': 'no-cache,public,no-transform'}",,unknown_third_party
2026-05-13T18:16:17.301132,GET,app.tuta.com,/settings-Dj7cByhq.js,0,377507,text/javascript;charset=utf-8,200,"{'user-agent': 'Mozilla/5.0 (X11; Ubuntu; Linux x86_64; rv:149.0) Gecko/20100101 Firefox/149.0', 'accept': '*/*', 'accept-language': 'en-US,en;q=0.9', 'accept-encoding': 'gzip, deflate, br, zstd', 'sec-fetch-dest': 'script', 'sec-fetch-mode': 'cors', 'sec-fetch-site': 'same-origin', 'te': 'trailers'}",,"{'date': 'Wed, 13 May 2026 18:16:25 GMT', 'x-frame-options': 'DENY', 'strict-transport-security': 'max-age=63072000; includeSubDomains; preload', 'x-content-type-options': 'nosniff', 'referrer-policy': 'no-referrer', 'access-control-expose-headers': 'Date,app-types-hash', 'vary': 'Accept-Encoding', 'content-encoding': 'gzip', 'etag': 'W/""///+YhsqupM/////+dHvaA--gzip""', 'last-modified': 'Wed, 06 May 2026 08:30:18 GMT', 'content-length': '105005', 'content-type': 'text/javascript;charset=utf-8', 'accept-ranges': 'bytes', 'cache-control': 'no-cache,public,no-transform'}",,unknown_third_party
2026-05-13T18:16:17.303434,GET,app.tuta.com,/date-gui-CExGVCCH.js,0,201151,text/javascript;charset=utf-8,200,"{'user-agent': 'Mozilla/5.0 (X11; Ubuntu; Linux x86_64; rv:149.0) Gecko/20100101 Firefox/149.0', 'accept': '*/*', 'accept-language': 'en-US,en;q=0.9', 'accept-encoding': 'gzip, deflate, br, zstd', 'sec-fetch-dest': 'script', 'sec-fetch-mode': 'cors', 'sec-fetch-site': 'same-origin', 'te': 'trailers'}",,"{'date': 'Wed, 13 May 2026 18:16:25 GMT', 'x-frame-options': 'DENY', 'strict-transport-security': 'max-age=63072000; includeSubDomains; preload', 'x-content-type-options': 'nosniff', 'referrer-policy': 'no-referrer', 'access-control-expose-headers': 'Date,app-types-hash', 'vary': 'Accept-Encoding', 'content-encoding': 'gzip', 'etag': 'W/""AAABnb6coNsAAAAAEL3dPQ--gzip""', 'last-modified': 'Wed, 06 May 2026 08:30:18 GMT', 'content-length': '59221', 'content-type': 'text/javascript;charset=utf-8', 'accept-ranges': 'bytes', 'cache-control': 'no-cache,public,no-transform'}",,unknown_third_party
2026-05-13T18:16:17.349046,GET,app.tuta.com,/sharing-CvpK5wJ0.js,0,21366,text/javascript;charset=utf-8,200,"{'user-agent': 'Mozilla/5.0 (X11; Ubuntu; Linux x86_64; rv:149.0) Gecko/20100101 Firefox/149.0', 'accept': '*/*', 'accept-language': 'en-US,en;q=0.9', 'accept-encoding': 'gzip, deflate, br, zstd', 'sec-fetch-dest': 'script', 'sec-fetch-mode': 'cors', 'sec-fetch-site': 'same-origin', 'te': 'trailers'}",,"{'date': 'Wed, 13 May 2026 18:16:25 GMT', 'x-frame-options': 'DENY', 'strict-transport-security': 'max-age=63072000; includeSubDomains; preload', 'x-content-type-options': 'nosniff', 'referrer-policy': 'no-referrer', 'access-control-expose-headers': 'Date,app-types-hash', 'vary': 'Accept-Encoding', 'content-encoding': 'gzip', 'etag': 'W/""AAABnb1JdDgAAAAAEEh4t4--gzip""', 'last-modified': 'Wed, 06 May 2026 08:30:18 GMT', 'content-length': '6523', 'content-type': 'text/javascript;charset=utf-8', 'accept-ranges': 'bytes', 'cache-control': 'no-cache,public,no-transform'}",,unknown_third_party
2026-05-13T18:16:17.354028,GET,app.tuta.com,/contacts-Bf3x8-72.js,0,83084,text/javascript;charset=utf-8,200,"{'user-agent': 'Mozilla/5.0 (X11; Ubuntu; Linux x86_64; rv:149.0) Gecko/20100101 Firefox/149.0', 'accept': '*/*', 'accept-language': 'en-US,en;q=0.9', 'accept-encoding': 'gzip, deflate, br, zstd', 'sec-fetch-dest': 'script', 'sec-fetch-mode': 'cors', 'sec-fetch-site': 'same-origin', 'te': 'trailers'}",,"{'date': 'Wed, 13 May 2026 18:16:25 GMT', 'x-frame-options': 'DENY', 'strict-transport-security': 'max-age=63072000; includeSubDomains; preload', 'x-content-type-options': 'nosniff', 'referrer-policy': 'no-referrer', 'access-control-expose-headers': 'Date,app-types-hash', 'vary': 'Accept-Encoding', 'content-encoding': 'gzip', 'etag': 'W/""AAABnfHKpTwAAAAAA2jJCA--gzip""', 'last-modified': 'Wed, 06 May 2026 08:30:18 GMT', 'content-length': '21773', 'content-type': 'text/javascript;charset=utf-8', 'accept-ranges': 'bytes', 'cache-control': 'no-cache,public,no-transform'}",,unknown_third_party
2026-05-13T18:16:17.380170,GET,app.tuta.com,/mail-editor-owhEoPVf.js,0,116930,text/javascript;charset=utf-8,200,"{'user-agent': 'Mozilla/5.0 (X11; Ubuntu; Linux x86_64; rv:149.0) Gecko/20100101 Firefox/149.0', 'accept': '*/*', 'accept-language': 'en-US,en;q=0.9', 'accept-encoding': 'gzip, deflate, br, zstd', 'sec-fetch-dest': 'script', 'sec-fetch-mode': 'cors', 'sec-fetch-site': 'same-origin', 'te': 'trailers'}",,"{'date': 'Wed, 13 May 2026 18:16:25 GMT', 'x-frame-options': 'DENY', 'strict-transport-security': 'max-age=63072000; includeSubDomains; preload', 'x-content-type-options': 'nosniff', 'referrer-policy': 'no-referrer', 'access-control-expose-headers': 'Date,app-types-hash', 'vary': 'Accept-Encoding', 'content-encoding': 'gzip', 'etag': 'W/""///+YjXlgb8/////8mMjO0--gzip""', 'last-modified': 'Wed, 06 May 2026 08:30:18 GMT', 'content-length': '34833', 'content-type': 'text/javascript;charset=utf-8', 'accept-ranges': 'bytes', 'cache-control': 'no-cache,public,no-transform'}",,unknown_third_party
2026-05-13T18:16:17.387522,GET,app.tuta.com,/mail-view-i-c8U7GD.js,0,165171,text/javascript;charset=utf-8,200,"{'user-agent': 'Mozilla/5.0 (X11; Ubuntu; Linux x86_64; rv:149.0) Gecko/20100101 Firefox/149.0', 'accept': '*/*', 'accept-language': 'en-US,en;q=0.9', 'accept-encoding': 'gzip, deflate, br, zstd', 'sec-fetch-dest': 'script', 'sec-fetch-mode': 'cors', 'sec-fetch-site': 'same-origin', 'te': 'trailers'}",,"{'date': 'Wed, 13 May 2026 18:16:25 GMT', 'x-frame-options': 'DENY', 'strict-transport-security': 'max-age=63072000; includeSubDomains; preload', 'x-content-type-options': 'nosniff', 'referrer-policy': 'no-referrer', 'access-control-expose-headers': 'Date,app-types-hash', 'vary': 'Accept-Encoding', 'content-encoding': 'gzip', 'etag': 'W/""///+YhoSkFU/////+Z40PY--gzip""', 'last-modified': 'Wed, 06 May 2026 08:30:18 GMT', 'content-length': '46881', 'content-type': 'text/javascript;charset=utf-8', 'accept-ranges': 'bytes', 'cache-control': 'no-cache,public,no-transform'}",,unknown_third_party
2026-05-13T18:16:17.406416,GET,app.tuta.com,/login-CLrOmV5C.js,0,29320,text/javascript;charset=utf-8,200,"{'user-agent': 'Mozilla/5.0 (X11; Ubuntu; Linux x86_64; rv:149.0) Gecko/20100101 Firefox/149.0', 'accept': '*/*', 'accept-language': 'en-US,en;q=0.9', 'accept-encoding': 'gzip, deflate, br, zstd', 'sec-fetch-dest': 'script', 'sec-fetch-mode': 'cors', 'sec-fetch-site': 'same-origin', 'te': 'trailers'}",,"{'date': 'Wed, 13 May 2026 18:16:25 GMT', 'x-frame-options': 'DENY', 'strict-transport-security': 'max-age=63072000; includeSubDomains; preload', 'x-content-type-options': 'nosniff', 'referrer-policy': 'no-referrer', 'access-control-expose-headers': 'Date,app-types-hash', 'vary': 'Accept-Encoding', 'content-encoding': 'gzip', 'etag': 'W/""///+Yjaiqd4/////8rKHsY--gzip""', 'last-modified': 'Wed, 06 May 2026 08:30:18 GMT', 'content-length': '8850', 'content-type': 'text/javascript;charset=utf-8', 'accept-ranges': 'bytes', 'cache-control': 'no-cache,public,no-transform'}",,unknown_third_party
2026-05-13T18:16:17.831102,GET,app.tuta.com,/app.js,0,0,,304,"{'user-agent': 'Mozilla/5.0 (X11; Ubuntu; Linux x86_64; rv:149.0) Gecko/20100101 Firefox/149.0', 'accept': '*/*', 'accept-language': 'en-US,en;q=0.9', 'accept-encoding': 'gzip, deflate, br, zstd', 'sec-fetch-dest': 'empty', 'sec-fetch-mode': 'cors', 'sec-fetch-site': 'same-origin', 'if-modified-since': 'Wed, 06 May 2026 08:30:18 GMT', 'if-none-match': 'W/""AAABnZFTNY4AAAAAG05umk--gzip""', 'priority': 'u=4', 'te': 'trailers'}",,"{'date': 'Wed, 13 May 2026 18:16:25 GMT', 'x-frame-options': 'DENY', 'strict-transport-security': 'max-age=63072000; includeSubDomains; preload', 'x-content-type-options': 'nosniff', 'referrer-policy': 'no-referrer', 'access-control-expose-headers': 'Date,app-types-hash', 'etag': 'W/""AAABnZFTNY4AAAAAG05umk--gzip""', 'last-modified': 'Wed, 06 May 2026 08:30:18 GMT', 'accept-ranges': 'bytes', 'cache-control': 'must-revalidate,no-cache,no-store', 'content-length': '0'}",,unknown_third_party
2026-05-13T18:16:17.868404,GET,app.tuta.com,/app.js.map,0,533243,application/octet-stream,200,"{'user-agent': 'Mozilla/5.0 (X11; Ubuntu; Linux x86_64; rv:149.0) Gecko/20100101 Firefox/149.0', 'accept': '*/*', 'accept-language': 'en-US,en;q=0.9', 'accept-encoding': 'gzip, deflate, br, zstd', 'sec-fetch-dest': 'empty', 'sec-fetch-mode': 'cors', 'sec-fetch-site': 'same-origin', 'priority': 'u=4', 'te': 'trailers'}",,"{'date': 'Wed, 13 May 2026 18:16:25 GMT', 'x-frame-options': 'DENY', 'strict-transport-security': 'max-age=63072000; includeSubDomains; preload', 'x-content-type-options': 'nosniff', 'referrer-policy': 'no-referrer', 'access-control-expose-headers': 'Date,app-types-hash', 'etag': 'W/""///+YnPp+hw/////4+JHXc""', 'last-modified': 'Wed, 06 May 2026 08:30:18 GMT', 'content-length': '533243', 'content-type': 'application/octet-stream', 'accept-ranges': 'bytes', 'cache-control': 'no-cache,public,no-transform'}",,unknown_third_party
2026-05-13T18:16:17.943920,GET,app.tuta.com,/calendar-view-DvAvofac.js,0,89890,text/javascript;charset=utf-8,200,"{'user-agent': 'Mozilla/5.0 (X11; Ubuntu; Linux x86_64; rv:149.0) Gecko/20100101 Firefox/149.0', 'accept': '*/*', 'accept-language': 'en-US,en;q=0.9', 'accept-encoding': 'gzip, deflate, br, zstd', 'sec-fetch-dest': 'empty', 'sec-fetch-mode': 'cors', 'sec-fetch-site': 'same-origin', 'priority': 'u=4', 'te': 'trailers'}",,"{'date': 'Wed, 13 May 2026 18:16:25 GMT', 'x-frame-options': 'DENY', 'strict-transport-security': 'max-age=63072000; includeSubDomains; preload', 'x-content-type-options': 'nosniff', 'referrer-policy': 'no-referrer', 'access-control-expose-headers': 'Date,app-types-hash', 'vary': 'Accept-Encoding', 'content-encoding': 'gzip', 'etag': 'W/""AAABnYYNBsYAAAAAHpknHQ--gzip""', 'last-modified': 'Wed, 06 May 2026 08:30:18 GMT', 'content-length': '25288', 'content-type': 'text/javascript;charset=utf-8', 'accept-ranges': 'bytes', 'cache-control': 'no-cache,public,no-transform'}",,unknown_third_party
2026-05-13T18:16:17.947214,GET,app.tuta.com,/calendar-view-DvAvofac.js.map,0,364169,application/octet-stream,200,"{'user-agent': 'Mozilla/5.0 (X11; Ubuntu; Linux x86_64; rv:149.0) Gecko/20100101 Firefox/149.0', 'accept': '*/*', 'accept-language': 'en-US,en;q=0.9', 'accept-encoding': 'gzip, deflate, br, zstd', 'sec-fetch-dest': 'empty', 'sec-fetch-mode': 'cors', 'sec-fetch-site': 'same-origin', 'priority': 'u=4', 'te': 'trailers'}",,"{'date': 'Wed, 13 May 2026 18:16:25 GMT', 'x-frame-options': 'DENY', 'strict-transport-security': 'max-age=63072000; includeSubDomains; preload', 'x-content-type-options': 'nosniff', 'referrer-policy': 'no-referrer', 'access-control-expose-headers': 'Date,app-types-hash', 'etag': 'W/""///+Ynz2c1Q/////4CbOE0""', 'last-modified': 'Wed, 06 May 2026 08:30:18 GMT', 'content-length': '364169', 'content-type': 'application/octet-stream', 'accept-ranges': 'bytes', 'cache-control': 'no-cache,public,no-transform'}",,unknown_third_party
2026-05-13T18:16:17.949753,GET,app.tuta.com,/common-CKT2Iti8.js,0,0,,304,"{'user-agent': 'Mozilla/5.0 (X11; Ubuntu; Linux x86_64; rv:149.0) Gecko/20100101 Firefox/149.0', 'accept': '*/*', 'accept-language': 'en-US,en;q=0.9', 'accept-encoding': 'gzip, deflate, br, zstd', 'sec-fetch-dest': 'empty', 'sec-fetch-mode': 'cors', 'sec-fetch-site': 'same-origin', 'if-modified-since': 'Wed, 06 May 2026 08:30:18 GMT', 'if-none-match': 'W/""AAABnaFTxi0AAAAAF093iM--gzip""', 'priority': 'u=4', 'te': 'trailers'}",,"{'date': 'Wed, 13 May 2026 18:16:25 GMT', 'x-frame-options': 'DENY', 'strict-transport-security': 'max-age=63072000; includeSubDomains; preload', 'x-content-type-options': 'nosniff', 'referrer-policy': 'no-referrer', 'access-control-expose-headers': 'Date,app-types-hash', 'etag': 'W/""AAABnaFTxi0AAAAAF093iM--gzip""', 'last-modified': 'Wed, 06 May 2026 08:30:18 GMT', 'accept-ranges': 'bytes', 'cache-control': 'must-revalidate,no-cache,no-store', 'content-length': '0'}",,unknown_third_party
2026-05-13T18:16:17.973839,GET,app.tuta.com,/common-min-CBFWIJX5.js,0,0,,304,"{'user-agent': 'Mozilla/5.0 (X11; Ubuntu; Linux x86_64; rv:149.0) Gecko/20100101 Firefox/149.0', 'accept': '*/*', 'accept-language': 'en-US,en;q=0.9', 'accept-encoding': 'gzip, deflate, br, zstd', 'sec-fetch-dest': 'empty', 'sec-fetch-mode': 'cors', 'sec-fetch-site': 'same-origin', 'if-modified-since': 'Wed, 06 May 2026 08:30:18 GMT', 'if-none-match': 'W/""AAABncDSEoQAAAAADy6MM0--gzip""', 'priority': 'u=4', 'te': 'trailers'}",,"{'date': 'Wed, 13 May 2026 18:16:25 GMT', 'x-frame-options': 'DENY', 'strict-transport-security': 'max-age=63072000; includeSubDomains; preload', 'x-content-type-options': 'nosniff', 'referrer-policy': 'no-referrer', 'access-control-expose-headers': 'Date,app-types-hash', 'etag': 'W/""AAABncDSEoQAAAAADy6MM0--gzip""', 'last-modified': 'Wed, 06 May 2026 08:30:18 GMT', 'accept-ranges': 'bytes', 'cache-control': 'must-revalidate,no-cache,no-store', 'content-length': '0'}",,unknown_third_party
2026-05-13T18:16:18.023543,GET,app.tuta.com,/contacts-Bf3x8-72.js,0,0,,304,"{'user-agent': 'Mozilla/5.0 (X11; Ubuntu; Linux x86_64; rv:149.0) Gecko/20100101 Firefox/149.0', 'accept': '*/*', 'accept-language': 'en-US,en;q=0.9', 'accept-encoding': 'gzip, deflate, br, zstd', 'sec-fetch-dest': 'empty', 'sec-fetch-mode': 'cors', 'sec-fetch-site': 'same-origin', 'if-modified-since': 'Wed, 06 May 2026 08:30:18 GMT', 'if-none-match': 'W/""AAABnfHKpTwAAAAAA2jJCA--gzip""', 'priority': 'u=4', 'te': 'trailers'}",,"{'date': 'Wed, 13 May 2026 18:16:25 GMT', 'x-frame-options': 'DENY', 'strict-transport-security': 'max-age=63072000; includeSubDomains; preload', 'x-content-type-options': 'nosniff', 'referrer-policy': 'no-referrer', 'access-control-expose-headers': 'Date,app-types-hash', 'etag': 'W/""AAABnfHKpTwAAAAAA2jJCA--gzip""', 'last-modified': 'Wed, 06 May 2026 08:30:18 GMT', 'accept-ranges': 'bytes', 'cache-control': 'must-revalidate,no-cache,no-store', 'content-length': '0'}",,unknown_third_party
2026-05-13T18:16:18.033471,GET,app.tuta.com,/date-B_RnlpgQ.js,0,0,,304,"{'user-agent': 'Mozilla/5.0 (X11; Ubuntu; Linux x86_64; rv:149.0) Gecko/20100101 Firefox/149.0', 'accept': '*/*', 'accept-language': 'en-US,en;q=0.9', 'accept-encoding': 'gzip, deflate, br, zstd', 'sec-fetch-dest': 'empty', 'sec-fetch-mode': 'cors', 'sec-fetch-site': 'same-origin', 'if-modified-since': 'Wed, 06 May 2026 08:30:18 GMT', 'if-none-match': 'W/""///+YhVQAwk/////+k6ZVM--gzip""', 'priority': 'u=4', 'te': 'trailers'}",,"{'date': 'Wed, 13 May 2026 18:16:25 GMT', 'x-frame-options': 'DENY', 'strict-transport-security': 'max-age=63072000; includeSubDomains; preload', 'x-content-type-options': 'nosniff', 'referrer-policy': 'no-referrer', 'access-control-expose-headers': 'Date,app-types-hash', 'etag': 'W/""///+YhVQAwk/////+k6ZVM--gzip""', 'last-modified': 'Wed, 06 May 2026 08:30:18 GMT', 'accept-ranges': 'bytes', 'cache-control': 'must-revalidate,no-cache,no-store', 'content-length': '0'}",,unknown_third_party
2026-05-13T18:16:17.975620,GET,app.tuta.com,/common-min-CBFWIJX5.js.map,0,282691,application/octet-stream,200,"{'user-agent': 'Mozilla/5.0 (X11; Ubuntu; Linux x86_64; rv:149.0) Gecko/20100101 Firefox/149.0', 'accept': '*/*', 'accept-language': 'en-US,en;q=0.9', 'accept-encoding': 'gzip, deflate, br, zstd', 'sec-fetch-dest': 'empty', 'sec-fetch-mode': 'cors', 'sec-fetch-site': 'same-origin', 'priority': 'u=4', 'te': 'trailers'}",,"{'date': 'Wed, 13 May 2026 18:16:25 GMT', 'x-frame-options': 'DENY', 'strict-transport-security': 'max-age=63072000; includeSubDomains; preload', 'x-content-type-options': 'nosniff', 'referrer-policy': 'no-referrer', 'access-control-expose-headers': 'Date,app-types-hash', 'etag': 'W/""AAABndrPfhIAAAAACaj68E""', 'last-modified': 'Wed, 06 May 2026 08:30:18 GMT', 'content-length': '282691', 'content-type': 'application/octet-stream', 'accept-ranges': 'bytes', 'cache-control': 'no-cache,public,no-transform'}",,unknown_third_party
2026-05-13T18:16:18.030618,GET,app.tuta.com,/contacts-Bf3x8-72.js.map,0,337822,application/octet-stream,200,"{'user-agent': 'Mozilla/5.0 (X11; Ubuntu; Linux x86_64; rv:149.0) Gecko/20100101 Firefox/149.0', 'accept': '*/*', 'accept-language': 'en-US,en;q=0.9', 'accept-encoding': 'gzip, deflate, br, zstd', 'sec-fetch-dest': 'empty', 'sec-fetch-mode': 'cors', 'sec-fetch-site': 'same-origin', 'priority': 'u=4', 'te': 'trailers'}",,"{'date': 'Wed, 13 May 2026 18:16:25 GMT', 'x-frame-options': 'DENY', 'strict-transport-security': 'max-age=63072000; includeSubDomains; preload', 'x-content-type-options': 'nosniff', 'referrer-policy': 'no-referrer', 'access-control-expose-headers': 'Date,app-types-hash', 'etag': 'W/""///+YkNofIo/////78FnoQ""', 'last-modified': 'Wed, 06 May 2026 08:30:18 GMT', 'content-length': '337822', 'content-type': 'application/octet-stream', 'accept-ranges': 'bytes', 'cache-control': 'no-cache,public,no-transform'}",,unknown_third_party
2026-05-13T18:16:17.972124,GET,app.tuta.com,/common-CKT2Iti8.js.map,0,1772803,application/octet-stream,200,"{'user-agent': 'Mozilla/5.0 (X11; Ubuntu; Linux x86_64; rv:149.0) Gecko/20100101 Firefox/149.0', 'accept': '*/*', 'accept-language': 'en-US,en;q=0.9', 'accept-encoding': 'gzip, deflate, br, zstd', 'sec-fetch-dest': 'empty', 'sec-fetch-mode': 'cors', 'sec-fetch-site': 'same-origin', 'priority': 'u=4', 'te': 'trailers'}",,"{'date': 'Wed, 13 May 2026 18:16:25 GMT', 'x-frame-options': 'DENY', 'strict-transport-security': 'max-age=63072000; includeSubDomains; preload', 'x-content-type-options': 'nosniff', 'referrer-policy': 'no-referrer', 'access-control-expose-headers': 'Date,app-types-hash', 'etag': 'W/""AAABnYAXrjsAAAAAHxkZqg""', 'last-modified': 'Wed, 06 May 2026 08:30:18 GMT', 'content-length': '1772803', 'content-type': 'application/octet-stream', 'accept-ranges': 'bytes', 'cache-control': 'no-cache,public,no-transform'}",,unknown_third_party
2026-05-13T18:16:18.037801,GET,app.tuta.com,/date-B_RnlpgQ.js.map,0,881297,application/octet-stream,200,"{'user-agent': 'Mozilla/5.0 (X11; Ubuntu; Linux x86_64; rv:149.0) Gecko/20100101 Firefox/149.0', 'accept': '*/*', 'accept-language': 'en-US,en;q=0.9', 'accept-encoding': 'gzip, deflate, br, zstd', 'sec-fetch-dest': 'empty', 'sec-fetch-mode': 'cors', 'sec-fetch-site': 'same-origin', 'priority': 'u=4', 'te': 'trailers'}",,"{'date': 'Wed, 13 May 2026 18:16:25 GMT', 'x-frame-options': 'DENY', 'strict-transport-security': 'max-age=63072000; includeSubDomains; preload', 'x-content-type-options': 'nosniff', 'referrer-policy': 'no-referrer', 'access-control-expose-headers': 'Date,app-types-hash', 'etag': 'W/""AAABnYeApRcAAAAAHvlEhY""', 'last-modified': 'Wed, 06 May 2026 08:30:18 GMT', 'content-length': '881297', 'content-type': 'application/octet-stream', 'accept-ranges': 'bytes', 'cache-control': 'no-cache,public,no-transform'}",,unknown_third_party
2026-05-13T18:16:18.079861,GET,app.tuta.com,/date-gui-CExGVCCH.js,0,0,,304,"{'user-agent': 'Mozilla/5.0 (X11; Ubuntu; Linux x86_64; rv:149.0) Gecko/20100101 Firefox/149.0', 'accept': '*/*', 'accept-language': 'en-US,en;q=0.9', 'accept-encoding': 'gzip, deflate, br, zstd', 'sec-fetch-dest': 'empty', 'sec-fetch-mode': 'cors', 'sec-fetch-site': 'same-origin', 'if-modified-since': 'Wed, 06 May 2026 08:30:18 GMT', 'if-none-match': 'W/""AAABnb6coNsAAAAAEL3dPQ--gzip""', 'priority': 'u=4', 'te': 'trailers'}",,"{'date': 'Wed, 13 May 2026 18:16:25 GMT', 'x-frame-options': 'DENY', 'strict-transport-security': 'max-age=63072000; includeSubDomains; preload', 'x-content-type-options': 'nosniff', 'referrer-policy': 'no-referrer', 'access-control-expose-headers': 'Date,app-types-hash', 'etag': 'W/""AAABnb6coNsAAAAAEL3dPQ--gzip""', 'last-modified': 'Wed, 06 May 2026 08:30:18 GMT', 'accept-ranges': 'bytes', 'cache-control': 'must-revalidate,no-cache,no-store', 'content-length': '0'}",,unknown_third_party
2026-05-13T18:16:18.093175,GET,app.tuta.com,/date-gui-CExGVCCH.js.map,0,885341,application/octet-stream,200,"{'user-agent': 'Mozilla/5.0 (X11; Ubuntu; Linux x86_64; rv:149.0) Gecko/20100101 Firefox/149.0', 'accept': '*/*', 'accept-language': 'en-US,en;q=0.9', 'accept-encoding': 'gzip, deflate, br, zstd', 'sec-fetch-dest': 'empty', 'sec-fetch-mode': 'cors', 'sec-fetch-site': 'same-origin', 'priority': 'u=4', 'te': 'trailers'}",,"{'date': 'Wed, 13 May 2026 18:16:25 GMT', 'x-frame-options': 'DENY', 'strict-transport-security': 'max-age=63072000; includeSubDomains; preload', 'x-content-type-options': 'nosniff', 'referrer-policy': 'no-referrer', 'access-control-expose-headers': 'Date,app-types-hash', 'etag': 'W/""AAABncAZk6kAAAAADx81GQ""', 'last-modified': 'Wed, 06 May 2026 08:30:18 GMT', 'content-length': '885341', 'content-type': 'application/octet-stream', 'accept-ranges': 'bytes', 'cache-control': 'no-cache,public,no-transform'}",,unknown_third_party
2026-05-13T18:16:18.147993,GET,app.tuta.com,/drive-CykeohM4.js,0,50335,text/javascript;charset=utf-8,200,"{'user-agent': 'Mozilla/5.0 (X11; Ubuntu; Linux x86_64; rv:149.0) Gecko/20100101 Firefox/149.0', 'accept': '*/*', 'accept-language': 'en-US,en;q=0.9', 'accept-encoding': 'gzip, deflate, br, zstd', 'sec-fetch-dest': 'empty', 'sec-fetch-mode': 'cors', 'sec-fetch-site': 'same-origin', 'priority': 'u=4', 'te': 'trailers'}",,"{'date': 'Wed, 13 May 2026 18:16:25 GMT', 'x-frame-options': 'DENY', 'strict-transport-security': 'max-age=63072000; includeSubDomains; preload', 'x-content-type-options': 'nosniff', 'referrer-policy': 'no-referrer', 'access-control-expose-headers': 'Date,app-types-hash', 'vary': 'Accept-Encoding', 'content-encoding': 'gzip', 'etag': 'W/""AAABnfGqcCwAAAAAA3CcSM--gzip""', 'last-modified': 'Wed, 06 May 2026 08:30:18 GMT', 'content-length': '15210', 'content-type': 'text/javascript;charset=utf-8', 'accept-ranges': 'bytes', 'cache-control': 'no-cache,public,no-transform'}",,unknown_third_party
2026-05-13T18:16:18.149462,GET,app.tuta.com,/drive-CykeohM4.js.map,0,210324,application/octet-stream,200,"{'user-agent': 'Mozilla/5.0 (X11; Ubuntu; Linux x86_64; rv:149.0) Gecko/20100101 Firefox/149.0', 'accept': '*/*', 'accept-language': 'en-US,en;q=0.9', 'accept-encoding': 'gzip, deflate, br, zstd', 'sec-fetch-dest': 'empty', 'sec-fetch-mode': 'cors', 'sec-fetch-site': 'same-origin', 'priority': 'u=4', 'te': 'trailers'}",,"{'date': 'Wed, 13 May 2026 18:16:25 GMT', 'x-frame-options': 'DENY', 'strict-transport-security': 'max-age=63072000; includeSubDomains; preload', 'x-content-type-options': 'nosniff', 'referrer-policy': 'no-referrer', 'access-control-expose-headers': 'Date,app-types-hash', 'etag': 'W/""AAABnaG4w7oAAAAAF3TM74""', 'last-modified': 'Wed, 06 May 2026 08:30:18 GMT', 'content-length': '210324', 'content-type': 'application/octet-stream', 'accept-ranges': 'bytes', 'cache-control': 'no-cache,public,no-transform'}",,unknown_third_party
2026-05-13T18:16:18.150830,GET,app.tuta.com,/gui-base-t-jouwHr.js,0,0,,304,"{'user-agent': 'Mozilla/5.0 (X11; Ubuntu; Linux x86_64; rv:149.0) Gecko/20100101 Firefox/149.0', 'accept': '*/*', 'accept-language': 'en-US,en;q=0.9', 'accept-encoding': 'gzip, deflate, br, zstd', 'sec-fetch-dest': 'empty', 'sec-fetch-mode': 'cors', 'sec-fetch-site': 'same-origin', 'if-modified-since': 'Wed, 06 May 2026 08:30:18 GMT', 'if-none-match': 'W/""///+Ynsmivs/////4dIlIU--gzip""', 'priority': 'u=4', 'te': 'trailers'}",,"{'date': 'Wed, 13 May 2026 18:16:26 GMT', 'x-frame-options': 'DENY', 'strict-transport-security': 'max-age=63072000; includeSubDomains; preload', 'x-content-type-options': 'nosniff', 'referrer-policy': 'no-referrer', 'access-control-expose-headers': 'Date,app-types-hash', 'etag': 'W/""///+Ynsmivs/////4dIlIU--gzip""', 'last-modified': 'Wed, 06 May 2026 08:30:18 GMT', 'accept-ranges': 'bytes', 'cache-control': 'must-revalidate,no-cache,no-store', 'content-length': '0'}",,unknown_third_party
2026-05-13T18:16:18.152197,GET,app.tuta.com,/gui-base-t-jouwHr.js.map,0,945361,application/octet-stream,200,"{'user-agent': 'Mozilla/5.0 (X11; Ubuntu; Linux x86_64; rv:149.0) Gecko/20100101 Firefox/149.0', 'accept': '*/*', 'accept-language': 'en-US,en;q=0.9', 'accept-encoding': 'gzip, deflate, br, zstd', 'sec-fetch-dest': 'empty', 'sec-fetch-mode': 'cors', 'sec-fetch-site': 'same-origin', 'priority': 'u=4', 'te': 'trailers'}",,"{'date': 'Wed, 13 May 2026 18:16:26 GMT', 'x-frame-options': 'DENY', 'strict-transport-security': 'max-age=63072000; includeSubDomains; preload', 'x-content-type-options': 'nosniff', 'referrer-policy': 'no-referrer', 'access-control-expose-headers': 'Date,app-types-hash', 'etag': 'W/""///+YnPh9ck/////4+HXIg""', 'last-modified': 'Wed, 06 May 2026 08:30:18 GMT', 'content-length': '945361', 'content-type': 'application/octet-stream', 'accept-ranges': 'bytes', 'cache-control': 'no-cache,public,no-transform'}",,unknown_third_party
2026-05-13T18:16:18.153979,GET,app.tuta.com,/images/apple-touch-icon.png,0,5554,image/png,200,"{'user-agent': 'Mozilla/5.0 (X11; Ubuntu; Linux x86_64; rv:149.0) Gecko/20100101 Firefox/149.0', 'accept': '*/*', 'accept-language': 'en-US,en;q=0.9', 'accept-encoding': 'gzip, deflate, br, zstd', 'sec-fetch-dest': 'empty', 'sec-fetch-mode': 'cors', 'sec-fetch-site': 'same-origin', 'priority': 'u=4', 'te': 'trailers'}",,"{'date': 'Wed, 13 May 2026 18:16:26 GMT', 'x-frame-options': 'DENY', 'strict-transport-security': 'max-age=63072000; includeSubDomains; preload', 'x-content-type-options': 'nosniff', 'referrer-policy': 'no-referrer', 'access-control-expose-headers': 'Date,app-types-hash', 'etag': 'W/""AAABnZp4hRQAAAAAGYc4JY""', 'last-modified': 'Wed, 06 May 2026 08:25:34 GMT', 'content-length': '5554', 'content-type': 'image/png', 'accept-ranges': 'bytes', 'cache-control': 'no-cache,public,no-transform'}",,unknown_third_party
2026-05-13T18:16:18.155639,GET,app.tuta.com,/images/font.ttf,0,6348,font/ttf,200,"{'user-agent': 'Mozilla/5.0 (X11; Ubuntu; Linux x86_64; rv:149.0) Gecko/20100101 Firefox/149.0', 'accept': '*/*', 'accept-language': 'en-US,en;q=0.9', 'accept-encoding': 'gzip, deflate, br, zstd', 'sec-fetch-dest': 'empty', 'sec-fetch-mode': 'cors', 'sec-fetch-site': 'same-origin', 'priority': 'u=4', 'te': 'trailers'}",,"{'date': 'Wed, 13 May 2026 18:16:26 GMT', 'x-frame-options': 'DENY', 'strict-transport-security': 'max-age=63072000; includeSubDomains; preload', 'x-content-type-options': 'nosniff', 'referrer-policy': 'no-referrer', 'access-control-expose-headers': 'Date,app-types-hash', 'etag': 'W/""AAABnfem4qYAAAAAAvCilo""', 'last-modified': 'Wed, 06 May 2026 08:25:34 GMT', 'content-length': '6348', 'content-type': 'font/ttf', 'accept-ranges': 'bytes', 'cache-control': 'no-cache,public,no-transform'}",,unknown_third_party
2026-05-13T18:16:18.157387,GET,app.tuta.com,/index.html,0,0,,301,"{'user-agent': 'Mozilla/5.0 (X11; Ubuntu; Linux x86_64; rv:149.0) Gecko/20100101 Firefox/149.0', 'accept': '*/*', 'accept-language': 'en-US,en;q=0.9', 'accept-encoding': 'gzip, deflate, br, zstd', 'sec-fetch-dest': 'empty', 'sec-fetch-mode': 'cors', 'sec-fetch-site': 'same-origin', 'priority': 'u=4', 'te': 'trailers'}",,"{'date': 'Wed, 13 May 2026 18:16:26 GMT', 'x-frame-options': 'DENY', 'strict-transport-security': 'max-age=63072000; includeSubDomains; preload', 'x-content-type-options': 'nosniff', 'referrer-policy': 'no-referrer', 'access-control-expose-headers': 'Date,app-types-hash', 'location': 'https://app.tuta.com/', 'content-length': '0'}",,unknown_third_party
2026-05-13T18:16:18.159234,GET,app.tuta.com,/index.js,0,0,,304,"{'user-agent': 'Mozilla/5.0 (X11; Ubuntu; Linux x86_64; rv:149.0) Gecko/20100101 Firefox/149.0', 'accept': '*/*', 'accept-language': 'en-US,en;q=0.9', 'accept-encoding': 'gzip, deflate, br, zstd', 'sec-fetch-dest': 'empty', 'sec-fetch-mode': 'cors', 'sec-fetch-site': 'same-origin', 'if-modified-since': 'Wed, 06 May 2026 08:30:18 GMT', 'if-none-match': 'W/""///+Yi2nWF0/////9HPvNI--gzip""', 'priority': 'u=4', 'te': 'trailers'}",,"{'date': 'Wed, 13 May 2026 18:16:26 GMT', 'x-frame-options': 'DENY', 'strict-transport-security': 'max-age=63072000; includeSubDomains; preload', 'x-content-type-options': 'nosniff', 'referrer-policy': 'no-referrer', 'access-control-expose-headers': 'Date,app-types-hash', 'etag': 'W/""///+Yi2nWF0/////9HPvNI--gzip""', 'last-modified': 'Wed, 06 May 2026 08:30:18 GMT', 'accept-ranges': 'bytes', 'cache-control': 'must-revalidate,no-cache,no-store', 'content-length': '0'}",,unknown_third_party
2026-05-13T18:16:18.279340,GET,app.tuta.com,/jszip-BvKOmT3_.js,0,98660,text/javascript;charset=utf-8,200,"{'user-agent': 'Mozilla/5.0 (X11; Ubuntu; Linux x86_64; rv:149.0) Gecko/20100101 Firefox/149.0', 'accept': '*/*', 'accept-language': 'en-US,en;q=0.9', 'accept-encoding': 'gzip, deflate, br, zstd', 'sec-fetch-dest': 'empty', 'sec-fetch-mode': 'cors', 'sec-fetch-site': 'same-origin', 'priority': 'u=4', 'te': 'trailers'}",,"{'date': 'Wed, 13 May 2026 18:16:26 GMT', 'x-frame-options': 'DENY', 'strict-transport-security': 'max-age=63072000; includeSubDomains; preload', 'x-content-type-options': 'nosniff', 'referrer-policy': 'no-referrer', 'access-control-expose-headers': 'Date,app-types-hash', 'vary': 'Accept-Encoding', 'content-encoding': 'gzip', 'etag': 'W/""AAABneEmIX8AAAAAB1PZYs--gzip""', 'last-modified': 'Wed, 06 May 2026 08:30:18 GMT', 'content-length': '28948', 'content-type': 'text/javascript;charset=utf-8', 'accept-ranges': 'bytes', 'cache-control': 'no-cache,public,no-transform'}",,unknown_third_party
2026-05-13T18:16:18.284969,GET,app.tuta.com,/jszip-BvKOmT3_.js.map,0,538673,application/octet-stream,200,"{'user-agent': 'Mozilla/5.0 (X11; Ubuntu; Linux x86_64; rv:149.0) Gecko/20100101 Firefox/149.0', 'accept': '*/*', 'accept-language': 'en-US,en;q=0.9', 'accept-encoding': 'gzip, deflate, br, zstd', 'sec-fetch-dest': 'empty', 'sec-fetch-mode': 'cors', 'sec-fetch-site': 'same-origin', 'priority': 'u=4', 'te': 'trailers'}",,"{'date': 'Wed, 13 May 2026 18:16:26 GMT', 'x-frame-options': 'DENY', 'strict-transport-security': 'max-age=63072000; includeSubDomains; preload', 'x-content-type-options': 'nosniff', 'referrer-policy': 'no-referrer', 'access-control-expose-headers': 'Date,app-types-hash', 'etag': 'W/""AAABnZwTpk0AAAAAGBzW+w""', 'last-modified': 'Wed, 06 May 2026 08:30:18 GMT', 'content-length': '538673', 'content-type': 'application/octet-stream', 'accept-ranges': 'bytes', 'cache-control': 'no-cache,public,no-transform'}",,unknown_third_party
2026-05-13T18:16:18.288412,GET,app.tuta.com,/linkify-CYSeUYMK.js,0,35067,text/javascript;charset=utf-8,200,"{'user-agent': 'Mozilla/5.0 (X11; Ubuntu; Linux x86_64; rv:149.0) Gecko/20100101 Firefox/149.0', 'accept': '*/*', 'accept-language': 'en-US,en;q=0.9', 'accept-encoding': 'gzip, deflate, br, zstd', 'sec-fetch-dest': 'empty', 'sec-fetch-mode': 'cors', 'sec-fetch-site': 'same-origin', 'priority': 'u=4', 'te': 'trailers'}",,"{'date': 'Wed, 13 May 2026 18:16:26 GMT', 'x-frame-options': 'DENY', 'strict-transport-security': 'max-age=63072000; includeSubDomains; preload', 'x-content-type-options': 'nosniff', 'referrer-policy': 'no-referrer', 'access-control-expose-headers': 'Date,app-types-hash', 'vary': 'Accept-Encoding', 'content-encoding': 'gzip', 'etag': 'W/""///+YnTnxAo/////4iPiWE--gzip""', 'last-modified': 'Wed, 06 May 2026 08:30:18 GMT', 'content-length': '12918', 'content-type': 'text/javascript;charset=utf-8', 'accept-ranges': 'bytes', 'cache-control': 'no-cache,public,no-transform'}",,unknown_third_party
2026-05-13T18:16:18.290528,GET,app.tuta.com,/linkify-CYSeUYMK.js.map,0,142661,application/octet-stream,200,"{'user-agent': 'Mozilla/5.0 (X11; Ubuntu; Linux x86_64; rv:149.0) Gecko/20100101 Firefox/149.0', 'accept': '*/*', 'accept-language': 'en-US,en;q=0.9', 'accept-encoding': 'gzip, deflate, br, zstd', 'sec-fetch-dest': 'empty', 'sec-fetch-mode': 'cors', 'sec-fetch-site': 'same-origin', 'priority': 'u=4', 'te': 'trailers'}",,"{'date': 'Wed, 13 May 2026 18:16:26 GMT', 'x-frame-options': 'DENY', 'strict-transport-security': 'max-age=63072000; includeSubDomains; preload', 'x-content-type-options': 'nosniff', 'referrer-policy': 'no-referrer', 'access-control-expose-headers': 'Date,app-types-hash', 'etag': 'W/""///+YkPf9pg/////7+1Hk0""', 'last-modified': 'Wed, 06 May 2026 08:30:18 GMT', 'content-length': '142661', 'content-type': 'application/octet-stream', 'accept-ranges': 'bytes', 'cache-control': 'no-cache,public,no-transform'}",,unknown_third_party
2026-05-13T18:16:18.292494,GET,app.tuta.com,/login-CLrOmV5C.js,0,0,,304,"{'user-agent': 'Mozilla/5.0 (X11; Ubuntu; Linux x86_64; rv:149.0) Gecko/20100101 Firefox/149.0', 'accept': '*/*', 'accept-language': 'en-US,en;q=0.9', 'accept-encoding': 'gzip, deflate, br, zstd', 'sec-fetch-dest': 'empty', 'sec-fetch-mode': 'cors', 'sec-fetch-site': 'same-origin', 'if-modified-since': 'Wed, 06 May 2026 08:30:18 GMT', 'if-none-match': 'W/""///+Yjaiqd4/////8rKHsY--gzip""', 'priority': 'u=4', 'te': 'trailers'}",,"{'date': 'Wed, 13 May 2026 18:16:26 GMT', 'x-frame-options': 'DENY', 'strict-transport-security': 'max-age=63072000; includeSubDomains; preload', 'x-content-type-options': 'nosniff', 'referrer-policy': 'no-referrer', 'access-control-expose-headers': 'Date,app-types-hash', 'etag': 'W/""///+Yjaiqd4/////8rKHsY--gzip""', 'last-modified': 'Wed, 06 May 2026 08:30:18 GMT', 'accept-ranges': 'bytes', 'cache-control': 'must-revalidate,no-cache,no-store', 'content-length': '0'}",,unknown_third_party
2026-05-13T18:16:18.296496,GET,app.tuta.com,/login-CLrOmV5C.js.map,0,109828,application/octet-stream,200,"{'user-agent': 'Mozilla/5.0 (X11; Ubuntu; Linux x86_64; rv:149.0) Gecko/20100101 Firefox/149.0', 'accept': '*/*', 'accept-language': 'en-US,en;q=0.9', 'accept-encoding': 'gzip, deflate, br, zstd', 'sec-fetch-dest': 'empty', 'sec-fetch-mode': 'cors', 'sec-fetch-site': 'same-origin', 'priority': 'u=4', 'te': 'trailers'}",,"{'date': 'Wed, 13 May 2026 18:16:26 GMT', 'x-frame-options': 'DENY', 'strict-transport-security': 'max-age=63072000; includeSubDomains; preload', 'x-content-type-options': 'nosniff', 'referrer-policy': 'no-referrer', 'access-control-expose-headers': 'Date,app-types-hash', 'etag': 'W/""AAABnbB+5iwAAAAAEwXjrg""', 'last-modified': 'Wed, 06 May 2026 08:30:18 GMT', 'content-length': '109828', 'content-type': 'application/octet-stream', 'accept-ranges': 'bytes', 'cache-control': 'no-cache,public,no-transform'}",,unknown_third_party
2026-05-13T18:16:18.301011,GET,app.tuta.com,/mail-editor-owhEoPVf.js,0,0,,304,"{'user-agent': 'Mozilla/5.0 (X11; Ubuntu; Linux x86_64; rv:149.0) Gecko/20100101 Firefox/149.0', 'accept': '*/*', 'accept-language': 'en-US,en;q=0.9', 'accept-encoding': 'gzip, deflate, br, zstd', 'sec-fetch-dest': 'empty', 'sec-fetch-mode': 'cors', 'sec-fetch-site': 'same-origin', 'if-modified-since': 'Wed, 06 May 2026 08:30:18 GMT', 'if-none-match': 'W/""///+YjXlgb8/////8mMjO0--gzip""', 'priority': 'u=4', 'te': 'trailers'}",,"{'date': 'Wed, 13 May 2026 18:16:26 GMT', 'x-frame-options': 'DENY', 'strict-transport-security': 'max-age=63072000; includeSubDomains; preload', 'x-content-type-options': 'nosniff', 'referrer-policy': 'no-referrer', 'access-control-expose-headers': 'Date,app-types-hash', 'etag': 'W/""///+YjXlgb8/////8mMjO0--gzip""', 'last-modified': 'Wed, 06 May 2026 08:30:18 GMT', 'accept-ranges': 'bytes', 'cache-control': 'must-revalidate,no-cache,no-store', 'content-length': '0'}",,unknown_third_party
2026-05-13T18:16:18.304433,GET,app.tuta.com,/mail-editor-owhEoPVf.js.map,0,466838,application/octet-stream,200,"{'user-agent': 'Mozilla/5.0 (X11; Ubuntu; Linux x86_64; rv:149.0) Gecko/20100101 Firefox/149.0', 'accept': '*/*', 'accept-language': 'en-US,en;q=0.9', 'accept-encoding': 'gzip, deflate, br, zstd', 'sec-fetch-dest': 'empty', 'sec-fetch-mode': 'cors', 'sec-fetch-site': 'same-origin', 'priority': 'u=4', 'te': 'trailers'}",,"{'date': 'Wed, 13 May 2026 18:16:26 GMT', 'x-frame-options': 'DENY', 'strict-transport-security': 'max-age=63072000; includeSubDomains; preload', 'x-content-type-options': 'nosniff', 'referrer-policy': 'no-referrer', 'access-control-expose-headers': 'Date,app-types-hash', 'etag': 'W/""///+YgeQ5o0//////v/PIs""', 'last-modified': 'Wed, 06 May 2026 08:30:18 GMT', 'content-length': '466838', 'content-type': 'application/octet-stream', 'accept-ranges': 'bytes', 'cache-control': 'no-cache,public,no-transform'}",,unknown_third_party
2026-05-13T18:16:18.309194,GET,app.tuta.com,/mail-settings-CnrLgSZg.js,0,115110,text/javascript;charset=utf-8,200,"{'user-agent': 'Mozilla/5.0 (X11; Ubuntu; Linux x86_64; rv:149.0) Gecko/20100101 Firefox/149.0', 'accept': '*/*', 'accept-language': 'en-US,en;q=0.9', 'accept-encoding': 'gzip, deflate, br, zstd', 'sec-fetch-dest': 'empty', 'sec-fetch-mode': 'cors', 'sec-fetch-site': 'same-origin', 'priority': 'u=4', 'te': 'trailers'}",,"{'date': 'Wed, 13 May 2026 18:16:26 GMT', 'x-frame-options': 'DENY', 'strict-transport-security': 'max-age=63072000; includeSubDomains; preload', 'x-content-type-options': 'nosniff', 'referrer-policy': 'no-referrer', 'access-control-expose-headers': 'Date,app-types-hash', 'vary': 'Accept-Encoding', 'content-encoding': 'gzip', 'etag': 'W/""///+YmMcnO0/////591mNs--gzip""', 'last-modified': 'Wed, 06 May 2026 08:30:18 GMT', 'content-length': '30235', 'content-type': 'text/javascript;charset=utf-8', 'accept-ranges': 'bytes', 'cache-control': 'no-cache,public,no-transform'}",,unknown_third_party
2026-05-13T18:16:18.312370,GET,app.tuta.com,/mail-settings-CnrLgSZg.js.map,0,451011,application/octet-stream,200,"{'user-agent': 'Mozilla/5.0 (X11; Ubuntu; Linux x86_64; rv:149.0) Gecko/20100101 Firefox/149.0', 'accept': '*/*', 'accept-language': 'en-US,en;q=0.9', 'accept-encoding': 'gzip, deflate, br, zstd', 'sec-fetch-dest': 'empty', 'sec-fetch-mode': 'cors', 'sec-fetch-site': 'same-origin', 'priority': 'u=4', 'te': 'trailers'}",,"{'date': 'Wed, 13 May 2026 18:16:26 GMT', 'x-frame-options': 'DENY', 'strict-transport-security': 'max-age=63072000; includeSubDomains; preload', 'x-content-type-options': 'nosniff', 'referrer-policy': 'no-referrer', 'access-control-expose-headers': 'Date,app-types-hash', 'etag': 'W/""///+Yk7/JPs/////7KRAKg""', 'last-modified': 'Wed, 06 May 2026 08:30:18 GMT', 'content-length': '451011', 'content-type': 'application/octet-stream', 'accept-ranges': 'bytes', 'cache-control': 'no-cache,public,no-transform'}",,unknown_third_party
2026-05-13T18:16:18.314384,GET,app.tuta.com,/mail-view-i-c8U7GD.js,0,0,,304,"{'user-agent': 'Mozilla/5.0 (X11; Ubuntu; Linux x86_64; rv:149.0) Gecko/20100101 Firefox/149.0', 'accept': '*/*', 'accept-language': 'en-US,en;q=0.9', 'accept-encoding': 'gzip, deflate, br, zstd', 'sec-fetch-dest': 'empty', 'sec-fetch-mode': 'cors', 'sec-fetch-site': 'same-origin', 'if-modified-since': 'Wed, 06 May 2026 08:30:18 GMT', 'if-none-match': 'W/""///+YhoSkFU/////+Z40PY--gzip""', 'priority': 'u=4', 'te': 'trailers'}",,"{'date': 'Wed, 13 May 2026 18:16:26 GMT', 'x-frame-options': 'DENY', 'strict-transport-security': 'max-age=63072000; includeSubDomains; preload', 'x-content-type-options': 'nosniff', 'referrer-policy': 'no-referrer', 'access-control-expose-headers': 'Date,app-types-hash', 'etag': 'W/""///+YhoSkFU/////+Z40PY--gzip""', 'last-modified': 'Wed, 06 May 2026 08:30:18 GMT', 'accept-ranges': 'bytes', 'cache-control': 'must-revalidate,no-cache,no-store', 'content-length': '0'}",,unknown_third_party
2026-05-13T18:16:18.319054,GET,app.tuta.com,/mail-view-i-c8U7GD.js.map,0,670231,application/octet-stream,200,"{'user-agent': 'Mozilla/5.0 (X11; Ubuntu; Linux x86_64; rv:149.0) Gecko/20100101 Firefox/149.0', 'accept': '*/*', 'accept-language': 'en-US,en;q=0.9', 'accept-encoding': 'gzip, deflate, br, zstd', 'sec-fetch-dest': 'empty', 'sec-fetch-mode': 'cors', 'sec-fetch-site': 'same-origin', 'priority': 'u=4', 'te': 'trailers'}",,"{'date': 'Wed, 13 May 2026 18:16:26 GMT', 'x-frame-options': 'DENY', 'strict-transport-security': 'max-age=63072000; includeSubDomains; preload', 'x-content-type-options': 'nosniff', 'referrer-policy': 'no-referrer', 'access-control-expose-headers': 'Date,app-types-hash', 'etag': 'W/""///+Yi5evCM/////9I8Q6Q""', 'last-modified': 'Wed, 06 May 2026 08:30:18 GMT', 'content-length': '670231', 'content-type': 'application/octet-stream', 'accept-ranges': 'bytes', 'cache-control': 'no-cache,public,no-transform'}",,unknown_third_party
2026-05-13T18:16:18.320365,GET,app.tuta.com,/mail-worker.js,0,0,,304,"{'user-agent': 'Mozilla/5.0 (X11; Ubuntu; Linux x86_64; rv:149.0) Gecko/20100101 Firefox/149.0', 'accept': '*/*', 'accept-language': 'en-US,en;q=0.9', 'accept-encoding': 'gzip, deflate, br, zstd', 'sec-fetch-dest': 'empty', 'sec-fetch-mode': 'cors', 'sec-fetch-site': 'same-origin', 'if-modified-since': 'Wed, 06 May 2026 08:30:18 GMT', 'if-none-match': 'W/""AAABnY3NAJsAAAAAHGg7jo--gzip""', 'priority': 'u=4', 'te': 'trailers'}",,"{'date': 'Wed, 13 May 2026 18:16:26 GMT', 'x-frame-options': 'DENY', 'strict-transport-security': 'max-age=63072000; includeSubDomains; preload', 'x-content-type-options': 'nosniff', 'referrer-policy': 'no-referrer', 'access-control-expose-headers': 'Date,app-types-hash', 'etag': 'W/""AAABnY3NAJsAAAAAHGg7jo--gzip""', 'last-modified': 'Wed, 06 May 2026 08:30:18 GMT', 'accept-ranges': 'bytes', 'cache-control': 'must-revalidate,no-cache,no-store', 'content-length': '0'}",,unknown_third_party
2026-05-13T18:16:18.323498,GET,app.tuta.com,/main-DyrekSQG.js,0,0,,304,"{'user-agent': 'Mozilla/5.0 (X11; Ubuntu; Linux x86_64; rv:149.0) Gecko/20100101 Firefox/149.0', 'accept': '*/*', 'accept-language': 'en-US,en;q=0.9', 'accept-encoding': 'gzip, deflate, br, zstd', 'sec-fetch-dest': 'empty', 'sec-fetch-mode': 'cors', 'sec-fetch-site': 'same-origin', 'if-modified-since': 'Wed, 06 May 2026 08:30:18 GMT', 'if-none-match': 'W/""///+YgTZOJU//////i32dA--gzip""', 'priority': 'u=4', 'te': 'trailers'}",,"{'date': 'Wed, 13 May 2026 18:16:26 GMT', 'x-frame-options': 'DENY', 'strict-transport-security': 'max-age=63072000; includeSubDomains; preload', 'x-content-type-options': 'nosniff', 'referrer-policy': 'no-referrer', 'access-control-expose-headers': 'Date,app-types-hash', 'etag': 'W/""///+YgTZOJU//////i32dA--gzip""', 'last-modified': 'Wed, 06 May 2026 08:30:18 GMT', 'accept-ranges': 'bytes', 'cache-control': 'must-revalidate,no-cache,no-store', 'content-length': '0'}",,unknown_third_party
2026-05-13T18:16:18.513713,GET,app.tuta.com,/material-color-utilities-DrD-ybuX.js,0,59677,text/javascript;charset=utf-8,200,"{'user-agent': 'Mozilla/5.0 (X11; Ubuntu; Linux x86_64; rv:149.0) Gecko/20100101 Firefox/149.0', 'accept': '*/*', 'accept-language': 'en-US,en;q=0.9', 'accept-encoding': 'gzip, deflate, br, zstd', 'sec-fetch-dest': 'empty', 'sec-fetch-mode': 'cors', 'sec-fetch-site': 'same-origin', 'priority': 'u=4', 'te': 'trailers'}",,"{'date': 'Wed, 13 May 2026 18:16:26 GMT', 'x-frame-options': 'DENY', 'strict-transport-security': 'max-age=63072000; includeSubDomains; preload', 'x-content-type-options': 'nosniff', 'referrer-policy': 'no-referrer', 'access-control-expose-headers': 'Date,app-types-hash', 'vary': 'Accept-Encoding', 'content-encoding': 'gzip', 'etag': 'W/""AAABnYDok1kAAAAAHyAv9Q--gzip""', 'last-modified': 'Wed, 06 May 2026 08:30:18 GMT', 'content-length': '14554', 'content-type': 'text/javascript;charset=utf-8', 'accept-ranges': 'bytes', 'cache-control': 'no-cache,public,no-transform'}",,unknown_third_party
2026-05-13T18:16:18.520644,GET,app.tuta.com,/native-common-DFTmcnGY.js,0,24974,text/javascript;charset=utf-8,200,"{'user-agent': 'Mozilla/5.0 (X11; Ubuntu; Linux x86_64; rv:149.0) Gecko/20100101 Firefox/149.0', 'accept': '*/*', 'accept-language': 'en-US,en;q=0.9', 'accept-encoding': 'gzip, deflate, br, zstd', 'sec-fetch-dest': 'empty', 'sec-fetch-mode': 'cors', 'sec-fetch-site': 'same-origin', 'priority': 'u=4', 'te': 'trailers'}",,"{'date': 'Wed, 13 May 2026 18:16:26 GMT', 'x-frame-options': 'DENY', 'strict-transport-security': 'max-age=63072000; includeSubDomains; preload', 'x-content-type-options': 'nosniff', 'referrer-policy': 'no-referrer', 'access-control-expose-headers': 'Date,app-types-hash', 'vary': 'Accept-Encoding', 'content-encoding': 'gzip', 'etag': 'W/""AAABnZQ6q3sAAAAAGhSD2U--gzip""', 'last-modified': 'Wed, 06 May 2026 08:30:18 GMT', 'content-length': '4188', 'content-type': 'text/javascript;charset=utf-8', 'accept-ranges': 'bytes', 'cache-control': 'no-cache,public,no-transform'}",,unknown_third_party
2026-05-13T18:16:18.523058,GET,app.tuta.com,/native-common-DFTmcnGY.js.map,0,84223,application/octet-stream,200,"{'user-agent': 'Mozilla/5.0 (X11; Ubuntu; Linux x86_64; rv:149.0) Gecko/20100101 Firefox/149.0', 'accept': '*/*', 'accept-language': 'en-US,en;q=0.9', 'accept-encoding': 'gzip, deflate, br, zstd', 'sec-fetch-dest': 'empty', 'sec-fetch-mode': 'cors', 'sec-fetch-site': 'same-origin', 'priority': 'u=4', 'te': 'trailers'}",,"{'date': 'Wed, 13 May 2026 18:16:26 GMT', 'x-frame-options': 'DENY', 'strict-transport-security': 'max-age=63072000; includeSubDomains; preload', 'x-content-type-options': 'nosniff', 'referrer-policy': 'no-referrer', 'access-control-expose-headers': 'Date,app-types-hash', 'etag': 'W/""AAABnfYZSkkAAAAAApwxyY""', 'last-modified': 'Wed, 06 May 2026 08:30:18 GMT', 'content-length': '84223', 'content-type': 'application/octet-stream', 'accept-ranges': 'bytes', 'cache-control': 'no-cache,public,no-transform'}",,unknown_third_party
2026-05-13T18:16:18.525704,GET,app.tuta.com,/pdf-CCrIITJU.js,0,54030,text/javascript;charset=utf-8,200,"{'user-agent': 'Mozilla/5.0 (X11; Ubuntu; Linux x86_64; rv:149.0) Gecko/20100101 Firefox/149.0', 'accept': '*/*', 'accept-language': 'en-US,en;q=0.9', 'accept-encoding': 'gzip, deflate, br, zstd', 'sec-fetch-dest': 'empty', 'sec-fetch-mode': 'cors', 'sec-fetch-site': 'same-origin', 'priority': 'u=4', 'te': 'trailers'}",,"{'date': 'Wed, 13 May 2026 18:16:26 GMT', 'x-frame-options': 'DENY', 'strict-transport-security': 'max-age=63072000; includeSubDomains; preload', 'x-content-type-options': 'nosniff', 'referrer-policy': 'no-referrer', 'access-control-expose-headers': 'Date,app-types-hash', 'vary': 'Accept-Encoding', 'content-encoding': 'gzip', 'etag': 'W/""///+YhrW2Xc/////+a+z+k--gzip""', 'last-modified': 'Wed, 06 May 2026 08:30:18 GMT', 'content-length': '14784', 'content-type': 'text/javascript;charset=utf-8', 'accept-ranges': 'bytes', 'cache-control': 'no-cache,public,no-transform'}",,unknown_third_party
2026-05-13T18:16:18.532556,GET,app.tuta.com,/polyfill-helpers-TovMs9th.js,0,0,,304,"{'user-agent': 'Mozilla/5.0 (X11; Ubuntu; Linux x86_64; rv:149.0) Gecko/20100101 Firefox/149.0', 'accept': '*/*', 'accept-language': 'en-US,en;q=0.9', 'accept-encoding': 'gzip, deflate, br, zstd', 'sec-fetch-dest': 'empty', 'sec-fetch-mode': 'cors', 'sec-fetch-site': 'same-origin', 'if-modified-since': 'Wed, 06 May 2026 08:30:18 GMT', 'if-none-match': 'W/""///+YmbFRJ0/////5qtgyE--gzip""', 'priority': 'u=4', 'te': 'trailers'}",,"{'date': 'Wed, 13 May 2026 18:16:26 GMT', 'x-frame-options': 'DENY', 'strict-transport-security': 'max-age=63072000; includeSubDomains; preload', 'x-content-type-options': 'nosniff', 'referrer-policy': 'no-referrer', 'access-control-expose-headers': 'Date,app-types-hash', 'etag': 'W/""///+YmbFRJ0/////5qtgyE--gzip""', 'last-modified': 'Wed, 06 May 2026 08:30:18 GMT', 'accept-ranges': 'bytes', 'cache-control': 'must-revalidate,no-cache,no-store', 'content-length': '0'}",,unknown_third_party
2026-05-13T18:16:18.535086,GET,app.tuta.com,/polyfill-helpers-TovMs9th.js.map,0,109,application/octet-stream,200,"{'user-agent': 'Mozilla/5.0 (X11; Ubuntu; Linux x86_64; rv:149.0) Gecko/20100101 Firefox/149.0', 'accept': '*/*', 'accept-language': 'en-US,en;q=0.9', 'accept-encoding': 'gzip, deflate, br, zstd', 'sec-fetch-dest': 'empty', 'sec-fetch-mode': 'cors', 'sec-fetch-site': 'same-origin', 'priority': 'u=4', 'te': 'trailers'}",,"{'date': 'Wed, 13 May 2026 18:16:26 GMT', 'x-frame-options': 'DENY', 'strict-transport-security': 'max-age=63072000; includeSubDomains; preload', 'x-content-type-options': 'nosniff', 'referrer-policy': 'no-referrer', 'access-control-expose-headers': 'Date,app-types-hash', 'etag': 'W/""///+Ymq6BWs/////5bSwJY""', 'last-modified': 'Wed, 06 May 2026 08:30:18 GMT', 'content-length': '109', 'content-type': 'application/octet-stream', 'accept-ranges': 'bytes', 'cache-control': 'no-cache,public,no-transform'}",,unknown_third_party
2026-05-13T18:16:18.544031,GET,app.tuta.com,/polyfill.js,0,632,text/javascript;charset=utf-8,200,"{'user-agent': 'Mozilla/5.0 (X11; Ubuntu; Linux x86_64; rv:149.0) Gecko/20100101 Firefox/149.0', 'accept': '*/*', 'accept-language': 'en-US,en;q=0.9', 'accept-encoding': 'gzip, deflate, br, zstd', 'sec-fetch-dest': 'empty', 'sec-fetch-mode': 'cors', 'sec-fetch-site': 'same-origin', 'priority': 'u=4', 'te': 'trailers'}",,"{'date': 'Wed, 13 May 2026 18:16:26 GMT', 'x-frame-options': 'DENY', 'strict-transport-security': 'max-age=63072000; includeSubDomains; preload', 'x-content-type-options': 'nosniff', 'referrer-policy': 'no-referrer', 'access-control-expose-headers': 'Date,app-types-hash', 'vary': 'Accept-Encoding', 'content-encoding': 'gzip', 'etag': 'W/""AAABnZ4NTVAAAAAAGJpPxg--gzip""', 'last-modified': 'Wed, 06 May 2026 08:25:34 GMT', 'content-length': '317', 'content-type': 'text/javascript;charset=utf-8', 'accept-ranges': 'bytes', 'cache-control': 'no-cache,public,no-transform'}",,unknown_third_party
2026-05-13T18:16:18.545899,GET,app.tuta.com,/pow-worker.js,0,818,text/javascript;charset=utf-8,200,"{'user-agent': 'Mozilla/5.0 (X11; Ubuntu; Linux x86_64; rv:149.0) Gecko/20100101 Firefox/149.0', 'accept': '*/*', 'accept-language': 'en-US,en;q=0.9', 'accept-encoding': 'gzip, deflate, br, zstd', 'sec-fetch-dest': 'empty', 'sec-fetch-mode': 'cors', 'sec-fetch-site': 'same-origin', 'priority': 'u=4', 'te': 'trailers'}",,"{'date': 'Wed, 13 May 2026 18:16:26 GMT', 'x-frame-options': 'DENY', 'strict-transport-security': 'max-age=63072000; includeSubDomains; preload', 'x-content-type-options': 'nosniff', 'referrer-policy': 'no-referrer', 'access-control-expose-headers': 'Date,app-types-hash', 'vary': 'Accept-Encoding', 'content-encoding': 'gzip', 'etag': 'W/""///+Yi/K6gw/////9OiLK4--gzip""', 'last-modified': 'Wed, 06 May 2026 08:30:18 GMT', 'content-length': '558', 'content-type': 'text/javascript;charset=utf-8', 'accept-ranges': 'bytes', 'cache-control': 'no-cache,public,no-transform'}",,unknown_third_party
2026-05-13T18:16:18.546947,GET,app.tuta.com,/pow-worker.js.map,0,2267,application/octet-stream,200,"{'user-agent': 'Mozilla/5.0 (X11; Ubuntu; Linux x86_64; rv:149.0) Gecko/20100101 Firefox/149.0', 'accept': '*/*', 'accept-language': 'en-US,en;q=0.9', 'accept-encoding': 'gzip, deflate, br, zstd', 'sec-fetch-dest': 'empty', 'sec-fetch-mode': 'cors', 'sec-fetch-site': 'same-origin', 'priority': 'u=4', 'te': 'trailers'}",,"{'date': 'Wed, 13 May 2026 18:16:26 GMT', 'x-frame-options': 'DENY', 'strict-transport-security': 'max-age=63072000; includeSubDomains; preload', 'x-content-type-options': 'nosniff', 'referrer-policy': 'no-referrer', 'access-control-expose-headers': 'Date,app-types-hash', 'etag': 'W/""///+Yi33VZo/////9GfmNE""', 'last-modified': 'Wed, 06 May 2026 08:30:18 GMT', 'content-length': '2267', 'content-type': 'application/octet-stream', 'accept-ranges': 'bytes', 'cache-control': 'no-cache,public,no-transform'}",,unknown_third_party
2026-05-13T18:16:18.548699,GET,app.tuta.com,/qr-DauChJRF.js,0,0,,304,"{'user-agent': 'Mozilla/5.0 (X11; Ubuntu; Linux x86_64; rv:149.0) Gecko/20100101 Firefox/149.0', 'accept': '*/*', 'accept-language': 'en-US,en;q=0.9', 'accept-encoding': 'gzip, deflate, br, zstd', 'sec-fetch-dest': 'empty', 'sec-fetch-mode': 'cors', 'sec-fetch-site': 'same-origin', 'if-modified-since': 'Wed, 06 May 2026 08:30:18 GMT', 'if-none-match': 'W/""AAABnfPa1iIAAAAAA+wU6g--gzip""', 'priority': 'u=4', 'te': 'trailers'}",,"{'date': 'Wed, 13 May 2026 18:16:26 GMT', 'x-frame-options': 'DENY', 'strict-transport-security': 'max-age=63072000; includeSubDomains; preload', 'x-content-type-options': 'nosniff', 'referrer-policy': 'no-referrer', 'access-control-expose-headers': 'Date,app-types-hash', 'etag': 'W/""AAABnfPa1iIAAAAAA+wU6g--gzip""', 'last-modified': 'Wed, 06 May 2026 08:30:18 GMT', 'accept-ranges': 'bytes', 'cache-control': 'must-revalidate,no-cache,no-store', 'content-length': '0'}",,unknown_third_party
2026-05-13T18:16:18.552224,GET,app.tuta.com,/sanitizer-2lYgDSbq.js,0,0,,304,"{'user-agent': 'Mozilla/5.0 (X11; Ubuntu; Linux x86_64; rv:149.0) Gecko/20100101 Firefox/149.0', 'accept': '*/*', 'accept-language': 'en-US,en;q=0.9', 'accept-encoding': 'gzip, deflate, br, zstd', 'sec-fetch-dest': 'empty', 'sec-fetch-mode': 'cors', 'sec-fetch-site': 'same-origin', 'if-modified-since': 'Wed, 06 May 2026 08:30:18 GMT', 'if-none-match': 'W/""AAABncVnWfUAAAAADkP4uo--gzip""', 'priority': 'u=4', 'te': 'trailers'}",,"{'date': 'Wed, 13 May 2026 18:16:26 GMT', 'x-frame-options': 'DENY', 'strict-transport-security': 'max-age=63072000; includeSubDomains; preload', 'x-content-type-options': 'nosniff', 'referrer-policy': 'no-referrer', 'access-control-expose-headers': 'Date,app-types-hash', 'etag': 'W/""AAABncVnWfUAAAAADkP4uo--gzip""', 'last-modified': 'Wed, 06 May 2026 08:30:18 GMT', 'accept-ranges': 'bytes', 'cache-control': 'must-revalidate,no-cache,no-store', 'content-length': '0'}",,unknown_third_party
2026-05-13T18:16:18.556054,GET,app.tuta.com,/search-B_SauwEy.js,0,69029,text/javascript;charset=utf-8,200,"{'user-agent': 'Mozilla/5.0 (X11; Ubuntu; Linux x86_64; rv:149.0) Gecko/20100101 Firefox/149.0', 'accept': '*/*', 'accept-language': 'en-US,en;q=0.9', 'accept-encoding': 'gzip, deflate, br, zstd', 'sec-fetch-dest': 'empty', 'sec-fetch-mode': 'cors', 'sec-fetch-site': 'same-origin', 'priority': 'u=4', 'te': 'trailers'}",,"{'date': 'Wed, 13 May 2026 18:16:26 GMT', 'x-frame-options': 'DENY', 'strict-transport-security': 'max-age=63072000; includeSubDomains; preload', 'x-content-type-options': 'nosniff', 'referrer-policy': 'no-referrer', 'access-control-expose-headers': 'Date,app-types-hash', 'vary': 'Accept-Encoding', 'content-encoding': 'gzip', 'etag': 'W/""///+YmYHsQk/////5pueTw--gzip""', 'last-modified': 'Wed, 06 May 2026 08:30:18 GMT', 'content-length': '16921', 'content-type': 'text/javascript;charset=utf-8', 'accept-ranges': 'bytes', 'cache-control': 'no-cache,public,no-transform'}",,unknown_third_party
2026-05-13T18:16:18.559425,GET,app.tuta.com,/settings-Dj7cByhq.js,0,0,,304,"{'user-agent': 'Mozilla/5.0 (X11; Ubuntu; Linux x86_64; rv:149.0) Gecko/20100101 Firefox/149.0', 'accept': '*/*', 'accept-language': 'en-US,en;q=0.9', 'accept-encoding': 'gzip, deflate, br, zstd', 'sec-fetch-dest': 'empty', 'sec-fetch-mode': 'cors', 'sec-fetch-site': 'same-origin', 'if-modified-since': 'Wed, 06 May 2026 08:30:18 GMT', 'if-none-match': 'W/""///+YhsqupM/////+dHvaA--gzip""', 'priority': 'u=4', 'te': 'trailers'}",,"{'date': 'Wed, 13 May 2026 18:16:26 GMT', 'x-frame-options': 'DENY', 'strict-transport-security': 'max-age=63072000; includeSubDomains; preload', 'x-content-type-options': 'nosniff', 'referrer-policy': 'no-referrer', 'access-control-expose-headers': 'Date,app-types-hash', 'etag': 'W/""///+YhsqupM/////+dHvaA--gzip""', 'last-modified': 'Wed, 06 May 2026 08:30:18 GMT', 'accept-ranges': 'bytes', 'cache-control': 'must-revalidate,no-cache,no-store', 'content-length': '0'}",,unknown_third_party
2026-05-13T18:16:18.562978,GET,app.tuta.com,/setup-wizard-DsTLQ-lh.js,0,6019,text/javascript;charset=utf-8,200,"{'user-agent': 'Mozilla/5.0 (X11; Ubuntu; Linux x86_64; rv:149.0) Gecko/20100101 Firefox/149.0', 'accept': '*/*', 'accept-language': 'en-US,en;q=0.9', 'accept-encoding': 'gzip, deflate, br, zstd', 'sec-fetch-dest': 'empty', 'sec-fetch-mode': 'cors', 'sec-fetch-site': 'same-origin', 'priority': 'u=4', 'te': 'trailers'}",,"{'date': 'Wed, 13 May 2026 18:16:26 GMT', 'x-frame-options': 'DENY', 'strict-transport-security': 'max-age=63072000; includeSubDomains; preload', 'x-content-type-options': 'nosniff', 'referrer-policy': 'no-referrer', 'access-control-expose-headers': 'Date,app-types-hash', 'vary': 'Accept-Encoding', 'content-encoding': 'gzip', 'etag': 'W/""///+YjGAup4/////83oaI0--gzip""', 'last-modified': 'Wed, 06 May 2026 08:30:18 GMT', 'content-length': '2203', 'content-type': 'text/javascript;charset=utf-8', 'accept-ranges': 'bytes', 'cache-control': 'no-cache,public,no-transform'}",,unknown_third_party
2026-05-13T18:16:18.564847,GET,app.tuta.com,/setup-wizard-DsTLQ-lh.js.map,0,25333,application/octet-stream,200,"{'user-agent': 'Mozilla/5.0 (X11; Ubuntu; Linux x86_64; rv:149.0) Gecko/20100101 Firefox/149.0', 'accept': '*/*', 'accept-language': 'en-US,en;q=0.9', 'accept-encoding': 'gzip, deflate, br, zstd', 'sec-fetch-dest': 'empty', 'sec-fetch-mode': 'cors', 'sec-fetch-site': 'same-origin', 'priority': 'u=4', 'te': 'trailers'}",,"{'date': 'Wed, 13 May 2026 18:16:26 GMT', 'x-frame-options': 'DENY', 'strict-transport-security': 'max-age=63072000; includeSubDomains; preload', 'x-content-type-options': 'nosniff', 'referrer-policy': 'no-referrer', 'access-control-expose-headers': 'Date,app-types-hash', 'etag': 'W/""///+YmQEE+w/////5hstIk""', 'last-modified': 'Wed, 06 May 2026 08:30:18 GMT', 'content-length': '25333', 'content-type': 'application/octet-stream', 'accept-ranges': 'bytes', 'cache-control': 'no-cache,public,no-transform'}",,unknown_third_party
2026-05-13T18:16:18.573700,GET,app.tuta.com,/sharing-CvpK5wJ0.js,0,0,,304,"{'user-agent': 'Mozilla/5.0 (X11; Ubuntu; Linux x86_64; rv:149.0) Gecko/20100101 Firefox/149.0', 'accept': '*/*', 'accept-language': 'en-US,en;q=0.9', 'accept-encoding': 'gzip, deflate, br, zstd', 'sec-fetch-dest': 'empty', 'sec-fetch-mode': 'cors', 'sec-fetch-site': 'same-origin', 'if-modified-since': 'Wed, 06 May 2026 08:30:18 GMT', 'if-none-match': 'W/""AAABnb1JdDgAAAAAEEh4t4--gzip""', 'priority': 'u=4', 'te': 'trailers'}",,"{'date': 'Wed, 13 May 2026 18:16:26 GMT', 'x-frame-options': 'DENY', 'strict-transport-security': 'max-age=63072000; includeSubDomains; preload', 'x-content-type-options': 'nosniff', 'referrer-policy': 'no-referrer', 'access-control-expose-headers': 'Date,app-types-hash', 'etag': 'W/""AAABnb1JdDgAAAAAEEh4t4--gzip""', 'last-modified': 'Wed, 06 May 2026 08:30:18 GMT', 'accept-ranges': 'bytes', 'cache-control': 'must-revalidate,no-cache,no-store', 'content-length': '0'}",,unknown_third_party
2026-05-13T18:16:18.576600,GET,app.tuta.com,/sharing-CvpK5wJ0.js.map,0,87602,application/octet-stream,200,"{'user-agent': 'Mozilla/5.0 (X11; Ubuntu; Linux x86_64; rv:149.0) Gecko/20100101 Firefox/149.0', 'accept': '*/*', 'accept-language': 'en-US,en;q=0.9', 'accept-encoding': 'gzip, deflate, br, zstd', 'sec-fetch-dest': 'empty', 'sec-fetch-mode': 'cors', 'sec-fetch-site': 'same-origin', 'priority': 'u=4', 'te': 'trailers'}",,"{'date': 'Wed, 13 May 2026 18:16:26 GMT', 'x-frame-options': 'DENY', 'strict-transport-security': 'max-age=63072000; includeSubDomains; preload', 'x-content-type-options': 'nosniff', 'referrer-policy': 'no-referrer', 'access-control-expose-headers': 'Date,app-types-hash', 'etag': 'W/""///+Ymxf6YY/////5A2eiQ""', 'last-modified': 'Wed, 06 May 2026 08:30:18 GMT', 'content-length': '87602', 'content-type': 'application/octet-stream', 'accept-ranges': 'bytes', 'cache-control': 'no-cache,public,no-transform'}",,unknown_third_party
2026-05-13T18:16:18.581706,GET,app.tuta.com,/signup-BlZI7i_G.js,0,0,,304,"{'user-agent': 'Mozilla/5.0 (X11; Ubuntu; Linux x86_64; rv:149.0) Gecko/20100101 Firefox/149.0', 'accept': '*/*', 'accept-language': 'en-US,en;q=0.9', 'accept-encoding': 'gzip, deflate, br, zstd', 'sec-fetch-dest': 'empty', 'sec-fetch-mode': 'cors', 'sec-fetch-site': 'same-origin', 'if-modified-since': 'Wed, 06 May 2026 08:30:18 GMT', 'if-none-match': 'W/""///+YhqbJUc/////+bzUxs--gzip""', 'priority': 'u=4', 'te': 'trailers'}",,"{'date': 'Wed, 13 May 2026 18:16:26 GMT', 'x-frame-options': 'DENY', 'strict-transport-security': 'max-age=63072000; includeSubDomains; preload', 'x-content-type-options': 'nosniff', 'referrer-policy': 'no-referrer', 'access-control-expose-headers': 'Date,app-types-hash', 'etag': 'W/""///+YhqbJUc/////+bzUxs--gzip""', 'last-modified': 'Wed, 06 May 2026 08:30:18 GMT', 'accept-ranges': 'bytes', 'cache-control': 'must-revalidate,no-cache,no-store', 'content-length': '0'}",,unknown_third_party
2026-05-13T18:16:18.597810,GET,app.tuta.com,/translation-en-jHQdczTw.js,0,0,,304,"{'user-agent': 'Mozilla/5.0 (X11; Ubuntu; Linux x86_64; rv:149.0) Gecko/20100101 Firefox/149.0', 'accept': '*/*', 'accept-language': 'en-US,en;q=0.9', 'accept-encoding': 'gzip, deflate, br, zstd', 'sec-fetch-dest': 'empty', 'sec-fetch-mode': 'cors', 'sec-fetch-site': 'same-origin', 'if-modified-since': 'Wed, 06 May 2026 08:30:18 GMT', 'if-none-match': 'W/""AAABnekdpVwAAAAABV3MRo--gzip""', 'priority': 'u=4', 'te': 'trailers'}",,"{'date': 'Wed, 13 May 2026 18:16:26 GMT', 'x-frame-options': 'DENY', 'strict-transport-security': 'max-age=63072000; includeSubDomains; preload', 'x-content-type-options': 'nosniff', 'referrer-policy': 'no-referrer', 'access-control-expose-headers': 'Date,app-types-hash', 'etag': 'W/""AAABnekdpVwAAAAABV3MRo--gzip""', 'last-modified': 'Wed, 06 May 2026 08:30:18 GMT', 'accept-ranges': 'bytes', 'cache-control': 'must-revalidate,no-cache,no-store', 'content-length': '0'}",,unknown_third_party
2026-05-13T18:16:18.604772,GET,app.tuta.com,/ui-extra-B8k-cJXK.js,0,20089,text/javascript;charset=utf-8,200,"{'user-agent': 'Mozilla/5.0 (X11; Ubuntu; Linux x86_64; rv:149.0) Gecko/20100101 Firefox/149.0', 'accept': '*/*', 'accept-language': 'en-US,en;q=0.9', 'accept-encoding': 'gzip, deflate, br, zstd', 'sec-fetch-dest': 'empty', 'sec-fetch-mode': 'cors', 'sec-fetch-site': 'same-origin', 'priority': 'u=4', 'te': 'trailers'}",,"{'date': 'Wed, 13 May 2026 18:16:26 GMT', 'x-frame-options': 'DENY', 'strict-transport-security': 'max-age=63072000; includeSubDomains; preload', 'x-content-type-options': 'nosniff', 'referrer-policy': 'no-referrer', 'access-control-expose-headers': 'Date,app-types-hash', 'vary': 'Accept-Encoding', 'content-encoding': 'gzip', 'etag': 'W/""///+Yjn8oYc/////8WUKm4--gzip""', 'last-modified': 'Wed, 06 May 2026 08:30:18 GMT', 'content-length': '6619', 'content-type': 'text/javascript;charset=utf-8', 'accept-ranges': 'bytes', 'cache-control': 'no-cache,public,no-transform'}",,unknown_third_party
2026-05-13T18:16:18.606439,GET,app.tuta.com,/ui-extra-B8k-cJXK.js.map,0,80882,application/octet-stream,200,"{'user-agent': 'Mozilla/5.0 (X11; Ubuntu; Linux x86_64; rv:149.0) Gecko/20100101 Firefox/149.0', 'accept': '*/*', 'accept-language': 'en-US,en;q=0.9', 'accept-encoding': 'gzip, deflate, br, zstd', 'sec-fetch-dest': 'empty', 'sec-fetch-mode': 'cors', 'sec-fetch-site': 'same-origin', 'priority': 'u=4', 'te': 'trailers'}",,"{'date': 'Wed, 13 May 2026 18:16:26 GMT', 'x-frame-options': 'DENY', 'strict-transport-security': 'max-age=63072000; includeSubDomains; preload', 'x-content-type-options': 'nosniff', 'referrer-policy': 'no-referrer', 'access-control-expose-headers': 'Date,app-types-hash', 'etag': 'W/""AAABnaJ1ypUAAAAAF4cNPc""', 'last-modified': 'Wed, 06 May 2026 08:30:18 GMT', 'content-length': '80882', 'content-type': 'application/octet-stream', 'accept-ranges': 'bytes', 'cache-control': 'no-cache,public,no-transform'}",,unknown_third_party
2026-05-13T18:16:18.610481,GET,app.tuta.com,/wasm-BbwEaJje.js,0,1403,text/javascript;charset=utf-8,200,"{'user-agent': 'Mozilla/5.0 (X11; Ubuntu; Linux x86_64; rv:149.0) Gecko/20100101 Firefox/149.0', 'accept': '*/*', 'accept-language': 'en-US,en;q=0.9', 'accept-encoding': 'gzip, deflate, br, zstd', 'sec-fetch-dest': 'empty', 'sec-fetch-mode': 'cors', 'sec-fetch-site': 'same-origin', 'priority': 'u=4', 'te': 'trailers'}",,"{'date': 'Wed, 13 May 2026 18:16:26 GMT', 'x-frame-options': 'DENY', 'strict-transport-security': 'max-age=63072000; includeSubDomains; preload', 'x-content-type-options': 'nosniff', 'referrer-policy': 'no-referrer', 'access-control-expose-headers': 'Date,app-types-hash', 'vary': 'Accept-Encoding', 'content-encoding': 'gzip', 'etag': 'W/""AAABnaYFRHQAAAAAFpthJ8--gzip""', 'last-modified': 'Wed, 06 May 2026 08:30:18 GMT', 'content-length': '427', 'content-type': 'text/javascript;charset=utf-8', 'accept-ranges': 'bytes', 'cache-control': 'no-cache,public,no-transform'}",,unknown_third_party
2026-05-13T18:16:18.615081,GET,app.tuta.com,/images/logo-favicon-192.png,0,0,,304,"{'user-agent': 'Mozilla/5.0 (X11; Ubuntu; Linux x86_64; rv:149.0) Gecko/20100101 Firefox/149.0', 'accept': '*/*', 'accept-language': 'en-US,en;q=0.9', 'accept-encoding': 'gzip, deflate, br, zstd', 'sec-fetch-dest': 'empty', 'sec-fetch-mode': 'cors', 'sec-fetch-site': 'same-origin', 'if-modified-since': 'Wed, 06 May 2026 08:25:34 GMT', 'if-none-match': 'W/""///+YhdWcok/////+syEwM""', 'priority': 'u=4', 'te': 'trailers'}",,"{'date': 'Wed, 13 May 2026 18:16:26 GMT', 'x-frame-options': 'DENY', 'strict-transport-security': 'max-age=63072000; includeSubDomains; preload', 'x-content-type-options': 'nosniff', 'referrer-policy': 'no-referrer', 'access-control-expose-headers': 'Date,app-types-hash', 'etag': 'W/""///+YhdWcok/////+syEwM""', 'last-modified': 'Wed, 06 May 2026 08:25:34 GMT', 'accept-ranges': 'bytes', 'cache-control': 'must-revalidate,no-cache,no-store', 'content-length': '0'}",,unknown_third_party
2026-05-13T18:16:18.621323,GET,app.tuta.com,/images/logo-favicon.svg,0,0,,304,"{'user-agent': 'Mozilla/5.0 (X11; Ubuntu; Linux x86_64; rv:149.0) Gecko/20100101 Firefox/149.0', 'accept': '*/*', 'accept-language': 'en-US,en;q=0.9', 'accept-encoding': 'gzip, deflate, br, zstd', 'sec-fetch-dest': 'empty', 'sec-fetch-mode': 'cors', 'sec-fetch-site': 'same-origin', 'if-modified-since': 'Wed, 06 May 2026 08:25:34 GMT', 'if-none-match': 'W/""AAABnbPsOgcAAAAAE+ISaA""', 'priority': 'u=4', 'te': 'trailers'}",,"{'date': 'Wed, 13 May 2026 18:16:26 GMT', 'x-frame-options': 'DENY', 'strict-transport-security': 'max-age=63072000; includeSubDomains; preload', 'x-content-type-options': 'nosniff', 'referrer-policy': 'no-referrer', 'access-control-expose-headers': 'Date,app-types-hash', 'etag': 'W/""AAABnbPsOgcAAAAAE+ISaA""', 'last-modified': 'Wed, 06 May 2026 08:25:34 GMT', 'accept-ranges': 'bytes', 'cache-control': 'must-revalidate,no-cache,no-store', 'content-length': '0'}",,unknown_third_party
2026-05-13T18:16:18.626740,GET,app.tuta.com,/wasm-BbwEaJje.js.map,0,97,application/octet-stream,200,"{'user-agent': 'Mozilla/5.0 (X11; Ubuntu; Linux x86_64; rv:149.0) Gecko/20100101 Firefox/149.0', 'accept': '*/*', 'accept-language': 'en-US,en;q=0.9', 'accept-encoding': 'gzip, deflate, br, zstd', 'sec-fetch-dest': 'empty', 'sec-fetch-mode': 'cors', 'sec-fetch-site': 'same-origin', 'priority': 'u=4', 'te': 'trailers'}",,"{'date': 'Wed, 13 May 2026 18:16:26 GMT', 'x-frame-options': 'DENY', 'strict-transport-security': 'max-age=63072000; includeSubDomains; preload', 'x-content-type-options': 'nosniff', 'referrer-policy': 'no-referrer', 'access-control-expose-headers': 'Date,app-types-hash', 'etag': 'W/""///+Yn4Au8I/////4JofjM""', 'last-modified': 'Wed, 06 May 2026 08:30:18 GMT', 'content-length': '97', 'content-type': 'application/octet-stream', 'accept-ranges': 'bytes', 'cache-control': 'no-cache,public,no-transform'}",,unknown_third_party
2026-05-13T18:16:18.629230,GET,app.tuta.com,/worker-bootstrap.js,0,0,,304,"{'user-agent': 'Mozilla/5.0 (X11; Ubuntu; Linux x86_64; rv:149.0) Gecko/20100101 Firefox/149.0', 'accept': '*/*', 'accept-language': 'en-US,en;q=0.9', 'accept-encoding': 'gzip, deflate, br, zstd', 'sec-fetch-dest': 'empty', 'sec-fetch-mode': 'cors', 'sec-fetch-site': 'same-origin', 'if-modified-since': 'Wed, 06 May 2026 08:30:18 GMT', 'if-none-match': 'W/""AAABndUrhkAAAAAAClDQ+A--gzip""', 'priority': 'u=4', 'te': 'trailers'}",,"{'date': 'Wed, 13 May 2026 18:16:26 GMT', 'x-frame-options': 'DENY', 'strict-transport-security': 'max-age=63072000; includeSubDomains; preload', 'x-content-type-options': 'nosniff', 'referrer-policy': 'no-referrer', 'access-control-expose-headers': 'Date,app-types-hash', 'etag': 'W/""AAABndUrhkAAAAAAClDQ+A--gzip""', 'last-modified': 'Wed, 06 May 2026 08:30:18 GMT', 'accept-ranges': 'bytes', 'cache-control': 'must-revalidate,no-cache,no-store', 'content-length': '0'}",,unknown_third_party
2026-05-13T18:16:18.632985,GET,app.tuta.com,/worker-lazy-BHluBX5n.js,0,94735,text/javascript;charset=utf-8,200,"{'user-agent': 'Mozilla/5.0 (X11; Ubuntu; Linux x86_64; rv:149.0) Gecko/20100101 Firefox/149.0', 'accept': '*/*', 'accept-language': 'en-US,en;q=0.9', 'accept-encoding': 'gzip, deflate, br, zstd', 'sec-fetch-dest': 'empty', 'sec-fetch-mode': 'cors', 'sec-fetch-site': 'same-origin', 'priority': 'u=4', 'te': 'trailers'}",,"{'date': 'Wed, 13 May 2026 18:16:26 GMT', 'x-frame-options': 'DENY', 'strict-transport-security': 'max-age=63072000; includeSubDomains; preload', 'x-content-type-options': 'nosniff', 'referrer-policy': 'no-referrer', 'access-control-expose-headers': 'Date,app-types-hash', 'vary': 'Accept-Encoding', 'content-encoding': 'gzip', 'etag': 'W/""///+Yg0oIPc//////FBl2g--gzip""', 'last-modified': 'Wed, 06 May 2026 08:30:18 GMT', 'content-length': '25636', 'content-type': 'text/javascript;charset=utf-8', 'accept-ranges': 'bytes', 'cache-control': 'no-cache,public,no-transform'}",,unknown_third_party
2026-05-13T18:16:18.769659,GET,app.tuta.com,/worker-search-BQkiNc3O.js,0,72743,text/javascript;charset=utf-8,200,"{'user-agent': 'Mozilla/5.0 (X11; Ubuntu; Linux x86_64; rv:149.0) Gecko/20100101 Firefox/149.0', 'accept': '*/*', 'accept-language': 'en-US,en;q=0.9', 'accept-encoding': 'gzip, deflate, br, zstd', 'sec-fetch-dest': 'empty', 'sec-fetch-mode': 'cors', 'sec-fetch-site': 'same-origin', 'priority': 'u=4', 'te': 'trailers'}",,"{'date': 'Wed, 13 May 2026 18:16:26 GMT', 'x-frame-options': 'DENY', 'strict-transport-security': 'max-age=63072000; includeSubDomains; preload', 'x-content-type-options': 'nosniff', 'referrer-policy': 'no-referrer', 'access-control-expose-headers': 'Date,app-types-hash', 'vary': 'Accept-Encoding', 'content-encoding': 'gzip', 'etag': 'W/""///+YgDqRks//////yDn/w--gzip""', 'last-modified': 'Wed, 06 May 2026 08:30:18 GMT', 'content-length': '19068', 'content-type': 'text/javascript;charset=utf-8', 'accept-ranges': 'bytes', 'cache-control': 'no-cache,public,no-transform'}",,unknown_third_party
2026-05-13T18:16:18.517609,GET,app.tuta.com,/material-color-utilities-DrD-ybuX.js.map,0,239895,application/octet-stream,200,"{'user-agent': 'Mozilla/5.0 (X11; Ubuntu; Linux x86_64; rv:149.0) Gecko/20100101 Firefox/149.0', 'accept': '*/*', 'accept-language': 'en-US,en;q=0.9', 'accept-encoding': 'gzip, deflate, br, zstd', 'sec-fetch-dest': 'empty', 'sec-fetch-mode': 'cors', 'sec-fetch-site': 'same-origin', 'priority': 'u=4', 'te': 'trailers'}",,"{'date': 'Wed, 13 May 2026 18:16:26 GMT', 'x-frame-options': 'DENY', 'strict-transport-security': 'max-age=63072000; includeSubDomains; preload', 'x-content-type-options': 'nosniff', 'referrer-policy': 'no-referrer', 'access-control-expose-headers': 'Date,app-types-hash', 'etag': 'W/""AAABnf/knScAAAAAAOP8aA""', 'last-modified': 'Wed, 06 May 2026 08:30:18 GMT', 'content-length': '239895', 'content-type': 'application/octet-stream', 'accept-ranges': 'bytes', 'cache-control': 'no-cache,public,no-transform'}",,unknown_third_party
2026-05-13T18:16:18.529083,GET,app.tuta.com,/pdf-CCrIITJU.js.map,0,162232,application/octet-stream,200,"{'user-agent': 'Mozilla/5.0 (X11; Ubuntu; Linux x86_64; rv:149.0) Gecko/20100101 Firefox/149.0', 'accept': '*/*', 'accept-language': 'en-US,en;q=0.9', 'accept-encoding': 'gzip, deflate, br, zstd', 'sec-fetch-dest': 'empty', 'sec-fetch-mode': 'cors', 'sec-fetch-site': 'same-origin', 'priority': 'u=4', 'te': 'trailers'}",,"{'date': 'Wed, 13 May 2026 18:16:26 GMT', 'x-frame-options': 'DENY', 'strict-transport-security': 'max-age=63072000; includeSubDomains; preload', 'x-content-type-options': 'nosniff', 'referrer-policy': 'no-referrer', 'access-control-expose-headers': 'Date,app-types-hash', 'etag': 'W/""///+YhN1GkU/////+8fpm0""', 'last-modified': 'Wed, 06 May 2026 08:30:18 GMT', 'content-length': '162232', 'content-type': 'application/octet-stream', 'accept-ranges': 'bytes', 'cache-control': 'no-cache,public,no-transform'}",,unknown_third_party
2026-05-13T18:16:18.554466,GET,app.tuta.com,/sanitizer-2lYgDSbq.js.map,0,135980,application/octet-stream,200,"{'user-agent': 'Mozilla/5.0 (X11; Ubuntu; Linux x86_64; rv:149.0) Gecko/20100101 Firefox/149.0', 'accept': '*/*', 'accept-language': 'en-US,en;q=0.9', 'accept-encoding': 'gzip, deflate, br, zstd', 'sec-fetch-dest': 'empty', 'sec-fetch-mode': 'cors', 'sec-fetch-site': 'same-origin', 'priority': 'u=4', 'te': 'trailers'}",,"{'date': 'Wed, 13 May 2026 18:16:26 GMT', 'x-frame-options': 'DENY', 'strict-transport-security': 'max-age=63072000; includeSubDomains; preload', 'x-content-type-options': 'nosniff', 'referrer-policy': 'no-referrer', 'access-control-expose-headers': 'Date,app-types-hash', 'etag': 'W/""///+YknvtcM/////7WFY38""', 'last-modified': 'Wed, 06 May 2026 08:30:18 GMT', 'content-length': '135980', 'content-type': 'application/octet-stream', 'accept-ranges': 'bytes', 'cache-control': 'no-cache,public,no-transform'}",,unknown_third_party
2026-05-13T18:16:18.557756,GET,app.tuta.com,/search-B_SauwEy.js.map,0,261215,application/octet-stream,200,"{'user-agent': 'Mozilla/5.0 (X11; Ubuntu; Linux x86_64; rv:149.0) Gecko/20100101 Firefox/149.0', 'accept': '*/*', 'accept-language': 'en-US,en;q=0.9', 'accept-encoding': 'gzip, deflate, br, zstd', 'sec-fetch-dest': 'empty', 'sec-fetch-mode': 'cors', 'sec-fetch-site': 'same-origin', 'priority': 'u=4', 'te': 'trailers'}",,"{'date': 'Wed, 13 May 2026 18:16:26 GMT', 'x-frame-options': 'DENY', 'strict-transport-security': 'max-age=63072000; includeSubDomains; preload', 'x-content-type-options': 'nosniff', 'referrer-policy': 'no-referrer', 'access-control-expose-headers': 'Date,app-types-hash', 'etag': 'W/""AAABncpwyxcAAAAADYb8tg""', 'last-modified': 'Wed, 06 May 2026 08:30:18 GMT', 'content-length': '261215', 'content-type': 'application/octet-stream', 'accept-ranges': 'bytes', 'cache-control': 'no-cache,public,no-transform'}",,unknown_third_party
2026-05-13T18:16:18.584910,GET,app.tuta.com,/signup-BlZI7i_G.js.map,0,162317,application/octet-stream,200,"{'user-agent': 'Mozilla/5.0 (X11; Ubuntu; Linux x86_64; rv:149.0) Gecko/20100101 Firefox/149.0', 'accept': '*/*', 'accept-language': 'en-US,en;q=0.9', 'accept-encoding': 'gzip, deflate, br, zstd', 'sec-fetch-dest': 'empty', 'sec-fetch-mode': 'cors', 'sec-fetch-site': 'same-origin', 'priority': 'u=4', 'te': 'trailers'}",,"{'date': 'Wed, 13 May 2026 18:16:26 GMT', 'x-frame-options': 'DENY', 'strict-transport-security': 'max-age=63072000; includeSubDomains; preload', 'x-content-type-options': 'nosniff', 'referrer-policy': 'no-referrer', 'access-control-expose-headers': 'Date,app-types-hash', 'etag': 'W/""///+YmmY7lU/////5XyUcg""', 'last-modified': 'Wed, 06 May 2026 08:30:18 GMT', 'content-length': '162317', 'content-type': 'application/octet-stream', 'accept-ranges': 'bytes', 'cache-control': 'no-cache,public,no-transform'}",,unknown_third_party
2026-05-13T18:16:18.590408,GET,app.tuta.com,/spam-classifier-B-7Lcvyg.js,0,1187754,text/javascript;charset=utf-8,200,"{'user-agent': 'Mozilla/5.0 (X11; Ubuntu; Linux x86_64; rv:149.0) Gecko/20100101 Firefox/149.0', 'accept': '*/*', 'accept-language': 'en-US,en;q=0.9', 'accept-encoding': 'gzip, deflate, br, zstd', 'sec-fetch-dest': 'empty', 'sec-fetch-mode': 'cors', 'sec-fetch-site': 'same-origin', 'priority': 'u=4', 'te': 'trailers'}",,"{'date': 'Wed, 13 May 2026 18:16:26 GMT', 'x-frame-options': 'DENY', 'strict-transport-security': 'max-age=63072000; includeSubDomains; preload', 'x-content-type-options': 'nosniff', 'referrer-policy': 'no-referrer', 'access-control-expose-headers': 'Date,app-types-hash', 'vary': 'Accept-Encoding', 'content-encoding': 'gzip', 'etag': 'W/""///+YmGjPDY/////53Z5gw--gzip""', 'last-modified': 'Wed, 06 May 2026 08:30:18 GMT', 'content-length': '203752', 'content-type': 'text/javascript;charset=utf-8', 'accept-ranges': 'bytes', 'cache-control': 'no-cache,public,no-transform'}",,unknown_third_party
2026-05-13T18:16:18.601547,GET,app.tuta.com,/translation-en-jHQdczTw.js.map,0,267497,application/octet-stream,200,"{'user-agent': 'Mozilla/5.0 (X11; Ubuntu; Linux x86_64; rv:149.0) Gecko/20100101 Firefox/149.0', 'accept': '*/*', 'accept-language': 'en-US,en;q=0.9', 'accept-encoding': 'gzip, deflate, br, zstd', 'sec-fetch-dest': 'empty', 'sec-fetch-mode': 'cors', 'sec-fetch-site': 'same-origin', 'priority': 'u=4', 'te': 'trailers'}",,"{'date': 'Wed, 13 May 2026 18:16:26 GMT', 'x-frame-options': 'DENY', 'strict-transport-security': 'max-age=63072000; includeSubDomains; preload', 'x-content-type-options': 'nosniff', 'referrer-policy': 'no-referrer', 'access-control-expose-headers': 'Date,app-types-hash', 'etag': 'W/""///+Ylt+bKo/////6cSvdM""', 'last-modified': 'Wed, 06 May 2026 08:30:18 GMT', 'content-length': '267497', 'content-type': 'application/octet-stream', 'accept-ranges': 'bytes', 'cache-control': 'no-cache,public,no-transform'}",,unknown_third_party
2026-05-13T18:16:18.603077,GET,app.tuta.com,/tsconfig-dist-rollup.tsbuildinfo,0,381212,application/octet-stream,200,"{'user-agent': 'Mozilla/5.0 (X11; Ubuntu; Linux x86_64; rv:149.0) Gecko/20100101 Firefox/149.0', 'accept': '*/*', 'accept-language': 'en-US,en;q=0.9', 'accept-encoding': 'gzip, deflate, br, zstd', 'sec-fetch-dest': 'empty', 'sec-fetch-mode': 'cors', 'sec-fetch-site': 'same-origin', 'priority': 'u=4', 'te': 'trailers'}",,"{'date': 'Wed, 13 May 2026 18:16:26 GMT', 'x-frame-options': 'DENY', 'strict-transport-security': 'max-age=63072000; includeSubDomains; preload', 'x-content-type-options': 'nosniff', 'referrer-policy': 'no-referrer', 'access-control-expose-headers': 'Date,app-types-hash', 'etag': 'W/""AAABnfxcKBoAAAAAAAxPJY""', 'last-modified': 'Wed, 06 May 2026 08:30:18 GMT', 'content-length': '381212', 'content-type': 'application/octet-stream', 'accept-ranges': 'bytes', 'cache-control': 'no-cache,public,no-transform'}",,unknown_third_party
2026-05-13T18:16:18.781453,GET,app.tuta.com,/worker-search-BQkiNc3O.js.map,0,313054,application/octet-stream,200,"{'user-agent': 'Mozilla/5.0 (X11; Ubuntu; Linux x86_64; rv:149.0) Gecko/20100101 Firefox/149.0', 'accept': '*/*', 'accept-language': 'en-US,en;q=0.9', 'accept-encoding': 'gzip, deflate, br, zstd', 'sec-fetch-dest': 'empty', 'sec-fetch-mode': 'cors', 'sec-fetch-site': 'same-origin', 'priority': 'u=4', 'te': 'trailers'}",,"{'date': 'Wed, 13 May 2026 18:16:26 GMT', 'x-frame-options': 'DENY', 'strict-transport-security': 'max-age=63072000; includeSubDomains; preload', 'x-content-type-options': 'nosniff', 'referrer-policy': 'no-referrer', 'access-control-expose-headers': 'Date,app-types-hash', 'etag': 'W/""AAABndHFaVkAAAAAC2pahc""', 'last-modified': 'Wed, 06 May 2026 08:30:18 GMT', 'content-length': '313054', 'content-type': 'application/octet-stream', 'accept-ranges': 'bytes', 'cache-control': 'no-cache,public,no-transform'}",,unknown_third_party
2026-05-13T18:16:19.014954,GET,app.tuta.com,/common-CKT2Iti8.js,0,449950,text/javascript;charset=utf-8,200,"{'user-agent': 'Mozilla/5.0 (X11; Ubuntu; Linux x86_64; rv:149.0) Gecko/20100101 Firefox/149.0', 'accept': '*/*', 'accept-language': 'en-US,en;q=0.9', 'accept-encoding': 'gzip, deflate, br, zstd', 'sec-fetch-dest': 'worker', 'sec-fetch-mode': 'cors', 'sec-fetch-site': 'same-origin', 'priority': 'u=4', 'te': 'trailers'}",,"{'date': 'Wed, 13 May 2026 18:16:26 GMT', 'x-frame-options': 'DENY', 'strict-transport-security': 'max-age=63072000; includeSubDomains; preload', 'x-content-type-options': 'nosniff', 'referrer-policy': 'no-referrer', 'access-control-expose-headers': 'Date,app-types-hash', 'vary': 'Accept-Encoding', 'content-encoding': 'gzip', 'etag': 'W/""AAABnaFTxi0AAAAAF093iM--gzip""', 'last-modified': 'Wed, 06 May 2026 08:30:18 GMT', 'content-length': '76626', 'content-type': 'text/javascript;charset=utf-8', 'accept-ranges': 'bytes', 'cache-control': 'no-cache,public,no-transform'}",,unknown_third_party
2026-05-13T18:16:19.142730,GET,app.tuta.com,/common-min-CBFWIJX5.js,0,59353,text/javascript;charset=utf-8,200,"{'user-agent': 'Mozilla/5.0 (X11; Ubuntu; Linux x86_64; rv:149.0) Gecko/20100101 Firefox/149.0', 'accept': '*/*', 'accept-language': 'en-US,en;q=0.9', 'accept-encoding': 'gzip, deflate, br, zstd', 'sec-fetch-dest': 'worker', 'sec-fetch-mode': 'cors', 'sec-fetch-site': 'same-origin', 'priority': 'u=4', 'te': 'trailers'}",,"{'date': 'Wed, 13 May 2026 18:16:26 GMT', 'x-frame-options': 'DENY', 'strict-transport-security': 'max-age=63072000; includeSubDomains; preload', 'x-content-type-options': 'nosniff', 'referrer-policy': 'no-referrer', 'access-control-expose-headers': 'Date,app-types-hash', 'vary': 'Accept-Encoding', 'content-encoding': 'gzip', 'etag': 'W/""AAABncDSEoQAAAAADy6MM0--gzip""', 'last-modified': 'Wed, 06 May 2026 08:30:18 GMT', 'content-length': '20027', 'content-type': 'text/javascript;charset=utf-8', 'accept-ranges': 'bytes', 'cache-control': 'no-cache,public,no-transform'}",,unknown_third_party
2026-05-13T18:16:18.550428,GET,app.tuta.com,/qr-DauChJRF.js.map,0,456623,application/octet-stream,200,"{'user-agent': 'Mozilla/5.0 (X11; Ubuntu; Linux x86_64; rv:149.0) Gecko/20100101 Firefox/149.0', 'accept': '*/*', 'accept-language': 'en-US,en;q=0.9', 'accept-encoding': 'gzip, deflate, br, zstd', 'sec-fetch-dest': 'empty', 'sec-fetch-mode': 'cors', 'sec-fetch-site': 'same-origin', 'priority': 'u=4', 'te': 'trailers'}",,"{'date': 'Wed, 13 May 2026 18:16:26 GMT', 'x-frame-options': 'DENY', 'strict-transport-security': 'max-age=63072000; includeSubDomains; preload', 'x-content-type-options': 'nosniff', 'referrer-policy': 'no-referrer', 'access-control-expose-headers': 'Date,app-types-hash', 'etag': 'W/""///+YgA7vLA//////xVjo8""', 'last-modified': 'Wed, 06 May 2026 08:30:18 GMT', 'content-length': '456623', 'content-type': 'application/octet-stream', 'accept-ranges': 'bytes', 'cache-control': 'no-cache,public,no-transform'}",,unknown_third_party
2026-05-13T18:16:18.761695,GET,app.tuta.com,/worker-lazy-BHluBX5n.js.map,0,411527,application/octet-stream,200,"{'user-agent': 'Mozilla/5.0 (X11; Ubuntu; Linux x86_64; rv:149.0) Gecko/20100101 Firefox/149.0', 'accept': '*/*', 'accept-language': 'en-US,en;q=0.9', 'accept-encoding': 'gzip, deflate, br, zstd', 'sec-fetch-dest': 'empty', 'sec-fetch-mode': 'cors', 'sec-fetch-site': 'same-origin', 'priority': 'u=4', 'te': 'trailers'}",,"{'date': 'Wed, 13 May 2026 18:16:26 GMT', 'x-frame-options': 'DENY', 'strict-transport-security': 'max-age=63072000; includeSubDomains; preload', 'x-content-type-options': 'nosniff', 'referrer-policy': 'no-referrer', 'access-control-expose-headers': 'Date,app-types-hash', 'etag': 'W/""///+Yg5grcU//////IOL9I""', 'last-modified': 'Wed, 06 May 2026 08:30:18 GMT', 'content-length': '411527', 'content-type': 'application/octet-stream', 'accept-ranges': 'bytes', 'cache-control': 'no-cache,public,no-transform'}",,unknown_third_party
2026-05-13T18:16:18.321766,GET,app.tuta.com,/mail-worker.js.map,0,1569484,application/octet-stream,200,"{'user-agent': 'Mozilla/5.0 (X11; Ubuntu; Linux x86_64; rv:149.0) Gecko/20100101 Firefox/149.0', 'accept': '*/*', 'accept-language': 'en-US,en;q=0.9', 'accept-encoding': 'gzip, deflate, br, zstd', 'sec-fetch-dest': 'empty', 'sec-fetch-mode': 'cors', 'sec-fetch-site': 'same-origin', 'priority': 'u=4', 'te': 'trailers'}",,"{'date': 'Wed, 13 May 2026 18:16:26 GMT', 'x-frame-options': 'DENY', 'strict-transport-security': 'max-age=63072000; includeSubDomains; preload', 'x-content-type-options': 'nosniff', 'referrer-policy': 'no-referrer', 'access-control-expose-headers': 'Date,app-types-hash', 'etag': 'W/""///+YhOEEGk/////+/7JzU""', 'last-modified': 'Wed, 06 May 2026 08:30:18 GMT', 'content-length': '1569484', 'content-type': 'application/octet-stream', 'accept-ranges': 'bytes', 'cache-control': 'no-cache,public,no-transform'}",,unknown_third_party
2026-05-13T18:16:20.540851,GET,app.tuta.com,/,0,2486,text/html;charset=utf-8,200,"{'user-agent': 'Mozilla/5.0 (X11; Ubuntu; Linux x86_64; rv:149.0) Gecko/20100101 Firefox/149.0', 'accept': '*/*', 'accept-language': 'en-US,en;q=0.9', 'accept-encoding': 'gzip, deflate, br, zstd', 'sec-fetch-dest': 'empty', 'sec-fetch-mode': 'cors', 'sec-fetch-site': 'same-origin', 'priority': 'u=4', 'te': 'trailers'}",,"{'date': 'Wed, 13 May 2026 18:16:28 GMT', 'x-frame-options': 'DENY', 'strict-transport-security': 'max-age=63072000; includeSubDomains; preload', 'x-content-type-options': 'nosniff', 'referrer-policy': 'no-referrer', 'access-control-expose-headers': 'Date,app-types-hash', 'content-security-policy': ""default-src 'none'; script-src 'self'; frame-src 'none'; worker-src 'self'; font-src 'self'; img-src http: blob: data: *; media-src blob: data: *;style-src 'unsafe-inline'; frame-ancestors 'none'; base-uri 'none'; connect-src 'self' https://app.tuta.com https://tutanota.com https://tuta.com https://tuta.com wss://app.tuta.com https://*.api.tuta.com;"", 'vary': 'Accept-Encoding', 'content-encoding': 'gzip', 'etag': 'W/""///+YmA2Qr8/////5xejpk--gzip""', 'last-modified': 'Wed, 06 May 2026 08:30:18 GMT', 'content-length': '908', 'content-type': 'text/html;charset=utf-8', 'accept-ranges': 'bytes', 'cache-control': 'no-cache,public,no-transform'}",,unknown_third_party
2026-05-13T18:16:18.561203,GET,app.tuta.com,/settings-Dj7cByhq.js.map,0,1337030,application/octet-stream,200,"{'user-agent': 'Mozilla/5.0 (X11; Ubuntu; Linux x86_64; rv:149.0) Gecko/20100101 Firefox/149.0', 'accept': '*/*', 'accept-language': 'en-US,en;q=0.9', 'accept-encoding': 'gzip, deflate, br, zstd', 'sec-fetch-dest': 'empty', 'sec-fetch-mode': 'cors', 'sec-fetch-site': 'same-origin', 'priority': 'u=4', 'te': 'trailers'}",,"{'date': 'Wed, 13 May 2026 18:16:26 GMT', 'x-frame-options': 'DENY', 'strict-transport-security': 'max-age=63072000; includeSubDomains; preload', 'x-content-type-options': 'nosniff', 'referrer-policy': 'no-referrer', 'access-control-expose-headers': 'Date,app-types-hash', 'etag': 'W/""AAABnYhDFmEAAAAAHQ/tTc""', 'last-modified': 'Wed, 06 May 2026 08:30:18 GMT', 'content-length': '1337030', 'content-type': 'application/octet-stream', 'accept-ranges': 'bytes', 'cache-control': 'no-cache,public,no-transform'}",,unknown_third_party
2026-05-13T18:16:18.325292,GET,app.tuta.com,/main-DyrekSQG.js.map,0,1559712,application/octet-stream,200,"{'user-agent': 'Mozilla/5.0 (X11; Ubuntu; Linux x86_64; rv:149.0) Gecko/20100101 Firefox/149.0', 'accept': '*/*', 'accept-language': 'en-US,en;q=0.9', 'accept-encoding': 'gzip, deflate, br, zstd', 'sec-fetch-dest': 'empty', 'sec-fetch-mode': 'cors', 'sec-fetch-site': 'same-origin', 'priority': 'u=4', 'te': 'trailers'}",,"{'date': 'Wed, 13 May 2026 18:16:26 GMT', 'x-frame-options': 'DENY', 'strict-transport-security': 'max-age=63072000; includeSubDomains; preload', 'x-content-type-options': 'nosniff', 'referrer-policy': 'no-referrer', 'access-control-expose-headers': 'Date,app-types-hash', 'etag': 'W/""AAABndmgRWMAAAAACXfTFM""', 'last-modified': 'Wed, 06 May 2026 08:30:18 GMT', 'content-length': '1559712', 'content-type': 'application/octet-stream', 'accept-ranges': 'bytes', 'cache-control': 'no-cache,public,no-transform'}",,unknown_third_party
2026-05-13T18:16:21.307054,GET,app.tuta.com,/native-common-DFTmcnGY.js,0,0,,304,"{'user-agent': 'Mozilla/5.0 (X11; Ubuntu; Linux x86_64; rv:149.0) Gecko/20100101 Firefox/149.0', 'accept': '*/*', 'accept-language': 'en-US,en;q=0.9', 'accept-encoding': 'gzip, deflate, br, zstd', 'sec-fetch-dest': 'worker', 'sec-fetch-mode': 'cors', 'sec-fetch-site': 'same-origin', 'if-modified-since': 'Wed, 06 May 2026 08:30:18 GMT', 'if-none-match': 'W/""AAABnZQ6q3sAAAAAGhSD2U--gzip""', 'priority': 'u=4', 'te': 'trailers'}",,"{'date': 'Wed, 13 May 2026 18:16:28 GMT', 'x-frame-options': 'DENY', 'strict-transport-security': 'max-age=63072000; includeSubDomains; preload', 'x-content-type-options': 'nosniff', 'referrer-policy': 'no-referrer', 'access-control-expose-headers': 'Date,app-types-hash', 'etag': 'W/""AAABnZQ6q3sAAAAAGhSD2U--gzip""', 'last-modified': 'Wed, 06 May 2026 08:30:18 GMT', 'accept-ranges': 'bytes', 'cache-control': 'must-revalidate,no-cache,no-store', 'content-length': '0'}",,unknown_third_party
2026-05-13T18:16:21.438993,GET,app.tuta.com,/polyfill-helpers-TovMs9th.js,0,556,text/javascript;charset=utf-8,200,"{'user-agent': 'Mozilla/5.0 (X11; Ubuntu; Linux x86_64; rv:149.0) Gecko/20100101 Firefox/149.0', 'accept': '*/*', 'accept-language': 'en-US,en;q=0.9', 'accept-encoding': 'gzip, deflate, br, zstd', 'sec-fetch-dest': 'worker', 'sec-fetch-mode': 'cors', 'sec-fetch-site': 'same-origin', 'priority': 'u=4', 'te': 'trailers'}",,"{'date': 'Wed, 13 May 2026 18:16:29 GMT', 'x-frame-options': 'DENY', 'strict-transport-security': 'max-age=63072000; includeSubDomains; preload', 'x-content-type-options': 'nosniff', 'referrer-policy': 'no-referrer', 'access-control-expose-headers': 'Date,app-types-hash', 'vary': 'Accept-Encoding', 'content-encoding': 'gzip', 'etag': 'W/""///+YmbFRJ0/////5qtgyE--gzip""', 'last-modified': 'Wed, 06 May 2026 08:30:18 GMT', 'content-length': '386', 'content-type': 'text/javascript;charset=utf-8', 'accept-ranges': 'bytes', 'cache-control': 'no-cache,public,no-transform'}",,unknown_third_party
2026-05-13T18:16:18.593814,GET,app.tuta.com,/spam-classifier-B-7Lcvyg.js.map,0,3536999,application/octet-stream,200,"{'user-agent': 'Mozilla/5.0 (X11; Ubuntu; Linux x86_64; rv:149.0) Gecko/20100101 Firefox/149.0', 'accept': '*/*', 'accept-language': 'en-US,en;q=0.9', 'accept-encoding': 'gzip, deflate, br, zstd', 'sec-fetch-dest': 'empty', 'sec-fetch-mode': 'cors', 'sec-fetch-site': 'same-origin', 'priority': 'u=4', 'te': 'trailers'}",,"{'date': 'Wed, 13 May 2026 18:16:26 GMT', 'x-frame-options': 'DENY', 'strict-transport-security': 'max-age=63072000; includeSubDomains; preload', 'x-content-type-options': 'nosniff', 'referrer-policy': 'no-referrer', 'access-control-expose-headers': 'Date,app-types-hash', 'etag': 'W/""AAABnYIJgIQAAAAAH5UvXM""', 'last-modified': 'Wed, 06 May 2026 08:30:18 GMT', 'content-length': '3536999', 'content-type': 'application/octet-stream', 'accept-ranges': 'bytes', 'cache-control': 'no-cache,public,no-transform'}",,unknown_third_party
2026-05-13T18:16:21.964279,GET,app.tuta.com,/wasm-BbwEaJje.js,0,0,,304,"{'user-agent': 'Mozilla/5.0 (X11; Ubuntu; Linux x86_64; rv:149.0) Gecko/20100101 Firefox/149.0', 'accept': '*/*', 'accept-language': 'en-US,en;q=0.9', 'accept-encoding': 'gzip, deflate, br, zstd', 'sec-fetch-dest': 'worker', 'sec-fetch-mode': 'cors', 'sec-fetch-site': 'same-origin', 'if-modified-since': 'Wed, 06 May 2026 08:30:18 GMT', 'if-none-match': 'W/""AAABnaYFRHQAAAAAFpthJ8--gzip""', 'priority': 'u=4', 'te': 'trailers'}",,"{'date': 'Wed, 13 May 2026 18:16:29 GMT', 'x-frame-options': 'DENY', 'strict-transport-security': 'max-age=63072000; includeSubDomains; preload', 'x-content-type-options': 'nosniff', 'referrer-policy': 'no-referrer', 'access-control-expose-headers': 'Date,app-types-hash', 'etag': 'W/""AAABnaYFRHQAAAAAFpthJ8--gzip""', 'last-modified': 'Wed, 06 May 2026 08:30:18 GMT', 'accept-ranges': 'bytes', 'cache-control': 'must-revalidate,no-cache,no-store', 'content-length': '0'}",,unknown_third_party
2026-05-13T18:16:25.457387,POST,app.tuta.com,/rest/usage/usagetestassignmentservice,20,17724,application/json;charset=utf-8,201,"{'user-agent': 'Mozilla/5.0 (X11; Ubuntu; Linux x86_64; rv:149.0) Gecko/20100101 Firefox/149.0', 'accept': 'application/json', 'accept-language': 'en-US,en;q=0.9', 'accept-encoding': 'gzip, deflate, br, zstd', 'v': '5', 'cv': '348.260506.0', 'cp': '5', 'content-type': 'application/json', 'content-length': '20', 'origin': 'https://app.tuta.com', 'sec-fetch-dest': 'empty', 'sec-fetch-mode': 'cors', 'sec-fetch-site': 'same-origin', 'te': 'trailers'}","{""54"":""0"",""55"":null}","{'date': 'Wed, 13 May 2026 18:16:32 GMT', 'x-frame-options': 'DENY', 'strict-transport-security': 'max-age=63072000; includeSubDomains; preload', 'x-content-type-options': 'nosniff', 'referrer-policy': 'no-referrer', 'access-control-expose-headers': 'Date,app-types-hash', 'access-control-allow-origin': 'https://app.tuta.com', 'content-type': 'application/json;charset=utf-8', 'app-types-hash': 'oDFbYzU=', 'content-length': '17724'}",,unknown_third_party
2026-05-13T18:16:25.735411,GET,app.tuta.com,/rest/base/applicationtypesservice,0,85477,application/octet-stream,200,"{'user-agent': 'Mozilla/5.0 (X11; Ubuntu; Linux x86_64; rv:149.0) Gecko/20100101 Firefox/149.0', 'accept': 'application/octet-stream', 'accept-language': 'en-US,en;q=0.9', 'accept-encoding': 'gzip, deflate, br, zstd', 'v': '2', 'cv': '348.260506.0', 'cp': '5', 'sec-fetch-dest': 'empty', 'sec-fetch-mode': 'cors', 'sec-fetch-site': 'same-origin', 'te': 'trailers'}",,"{'date': 'Wed, 13 May 2026 18:16:32 GMT', 'x-frame-options': 'DENY', 'strict-transport-security': 'max-age=63072000; includeSubDomains; preload', 'x-content-type-options': 'nosniff', 'referrer-policy': 'no-referrer', 'access-control-expose-headers': 'Date,app-types-hash', 'content-type': 'application/octet-stream', 'cache-control': 'no-cache, no-store', 'content-length': '85477'}",,unknown_third_party
2026-05-13T18:16:26.542448,GET,app.tuta.com,/rest/sys/upgradepriceservice?_body=%7B%221457%22%3A%220%22%2C%221458%22%3Anull%2C%221459%22%3Anull%2C%222077%22%3A%5B%5D%7D,0,5991,application/json;charset=utf-8,200,"{'user-agent': 'Mozilla/5.0 (X11; Ubuntu; Linux x86_64; rv:149.0) Gecko/20100101 Firefox/149.0', 'accept': 'application/json', 'accept-language': 'en-US,en;q=0.9', 'accept-encoding': 'gzip, deflate, br, zstd', 'v': '150', 'cv': '348.260506.0', 'cp': '5', 'content-type': 'application/json', 'sec-fetch-dest': 'empty', 'sec-fetch-mode': 'cors', 'sec-fetch-site': 'same-origin', 'te': 'trailers'}",,"{'date': 'Wed, 13 May 2026 18:16:33 GMT', 'x-frame-options': 'DENY', 'strict-transport-security': 'max-age=63072000; includeSubDomains; preload', 'x-content-type-options': 'nosniff', 'referrer-policy': 'no-referrer', 'access-control-expose-headers': 'Date,app-types-hash', 'content-type': 'application/json;charset=utf-8', 'app-types-hash': 'oDFbYzU=', 'cache-control': 'no-cache, no-store', 'content-length': '5991'}",,unknown_third_party
2026-05-13T18:16:26.751060,GET,tuta.com,/resources/data/features.json,0,55621,application/json;charset=utf-8,200,"{'user-agent': 'Mozilla/5.0 (X11; Ubuntu; Linux x86_64; rv:149.0) Gecko/20100101 Firefox/149.0', 'accept': '*/*', 'accept-language': 'en-US,en;q=0.9', 'accept-encoding': 'gzip, deflate, br, zstd', 'origin': 'https://app.tuta.com', 'sec-fetch-dest': 'empty', 'sec-fetch-mode': 'cors', 'sec-fetch-site': 'same-site', 'priority': 'u=4', 'te': 'trailers'}",,"{'date': 'Wed, 13 May 2026 18:16:33 GMT', 'x-frame-options': 'DENY', 'strict-transport-security': 'max-age=63072000; includeSubDomains; preload', 'x-content-type-options': 'nosniff', 'referrer-policy': 'no-referrer', 'access-control-expose-headers': 'Date,app-types-hash', 'access-control-allow-origin': 'https://app.tuta.com', 'vary': 'Accept-Encoding', 'content-encoding': 'gzip', 'etag': 'W/""///+YZXrOsQ/////7Xlukg--gzip""', 'last-modified': 'Wed, 13 May 2026 06:37:51 GMT', 'content-length': '2528', 'content-type': 'application/json;charset=utf-8', 'accept-ranges': 'bytes', 'cache-control': 'no-cache,public,no-transform'}",,unknown_third_party
2026-05-13T18:16:27.189179,GET,app.tuta.com,/images/MDIO-Semibold.woff2,0,49868,font/woff2,200,"{'user-agent': 'Mozilla/5.0 (X11; Ubuntu; Linux x86_64; rv:149.0) Gecko/20100101 Firefox/149.0', 'accept': 'application/font-woff2;q=1.0,application/font-woff;q=0.9,*/*;q=0.8', 'accept-language': 'en-US,en;q=0.9', 'accept-encoding': 'identity', 'sec-fetch-dest': 'font', 'sec-fetch-mode': 'cors', 'sec-fetch-site': 'same-origin', 'te': 'trailers'}",,"{'date': 'Wed, 13 May 2026 18:16:34 GMT', 'x-frame-options': 'DENY', 'strict-transport-security': 'max-age=63072000; includeSubDomains; preload', 'x-content-type-options': 'nosniff', 'referrer-policy': 'no-referrer', 'access-control-expose-headers': 'Date,app-types-hash', 'etag': 'W/""AAABna96v5AAAAAAFMeDWw""', 'last-modified': 'Wed, 06 May 2026 08:25:34 GMT', 'content-length': '49868', 'content-type': 'font/woff2', 'accept-ranges': 'bytes', 'cache-control': 'no-cache,public,no-transform'}",,unknown_third_party
2026-05-13T18:16:27.252670,POST,app.tuta.com,/rest/usage/usagetestparticipationservice,135,50,application/json;charset=utf-8,201,"{'user-agent': 'Mozilla/5.0 (X11; Ubuntu; Linux x86_64; rv:149.0) Gecko/20100101 Firefox/149.0', 'accept': 'application/json', 'accept-language': 'en-US,en;q=0.9', 'accept-encoding': 'gzip, deflate, br, zstd', 'content-type': 'application/json', 'content-length': '135', 'v': '5', 'cv': '348.260506.0', 'cp': '5', 'origin': 'https://app.tuta.com', 'sec-fetch-dest': 'empty', 'sec-fetch-mode': 'cors', 'sec-fetch-site': 'same-origin', 'te': 'trailers'}","{""81"":""0"",""82"":""Ors09pS----9"",""83"":""0"",""84"":""OsXYV9t--B-9"",""85"":[{""18"":""BQjGiA"",""19"":""referralTrigger"",""20"":""not_referred""}],""100"":""0""}","{'date': 'Wed, 13 May 2026 18:16:34 GMT', 'x-frame-options': 'DENY', 'strict-transport-security': 'max-age=63072000; includeSubDomains; preload', 'x-content-type-options': 'nosniff', 'referrer-policy': 'no-referrer', 'access-control-expose-headers': 'Date,app-types-hash', 'access-control-allow-origin': 'https://app.tuta.com', 'content-type': 'application/json;charset=utf-8', 'app-types-hash': 'oDFbYzU=', 'content-length': '50'}",,unknown_third_party
2026-05-13T18:17:33.832921,POST,app.tuta.com,/rest/usage/usagetestparticipationservice,116,50,application/json;charset=utf-8,201,"{'user-agent': 'Mozilla/5.0 (X11; Ubuntu; Linux x86_64; rv:149.0) Gecko/20100101 Firefox/149.0', 'accept': 'application/json', 'accept-language': 'en-US,en;q=0.9', 'accept-encoding': 'gzip, deflate, br, zstd', 'content-type': 'application/json', 'content-length': '116', 'v': '5', 'cv': '348.260506.0', 'cp': '5', 'origin': 'https://app.tuta.com', 'sec-fetch-dest': 'empty', 'sec-fetch-mode': 'cors', 'sec-fetch-site': 'same-origin', 'te': 'trailers'}","{""81"":""0"",""82"":""Ors09pS----9"",""83"":""1"",""84"":""OsXYV9t--B-9"",""85"":[{""18"":""P5cWSA"",""19"":""plan"",""20"":""Free""}],""100"":""0""}","{'date': 'Wed, 13 May 2026 18:17:35 GMT', 'x-frame-options': 'DENY', 'strict-transport-security': 'max-age=63072000; includeSubDomains; preload', 'x-content-type-options': 'nosniff', 'referrer-policy': 'no-referrer', 'access-control-expose-headers': 'Date,app-types-hash', 'access-control-allow-origin': 'https://app.tuta.com', 'content-type': 'application/json;charset=utf-8', 'app-types-hash': 'oDFbYzU=', 'content-length': '50'}",,unknown_third_party
2026-05-13T18:17:34.108219,GET,app.tuta.com,/wordlibrary.json,0,165345,application/json;charset=utf-8,200,"{'user-agent': 'Mozilla/5.0 (X11; Ubuntu; Linux x86_64; rv:149.0) Gecko/20100101 Firefox/149.0', 'accept': '*/*', 'accept-language': 'en-US,en;q=0.9', 'accept-encoding': 'gzip, deflate, br, zstd', 'sec-fetch-dest': 'empty', 'sec-fetch-mode': 'cors', 'sec-fetch-site': 'same-origin', 'priority': 'u=4', 'te': 'trailers'}",,"{'date': 'Wed, 13 May 2026 18:17:36 GMT', 'x-frame-options': 'DENY', 'strict-transport-security': 'max-age=63072000; includeSubDomains; preload', 'x-content-type-options': 'nosniff', 'referrer-policy': 'no-referrer', 'access-control-expose-headers': 'Date,app-types-hash', 'etag': 'W/""///+YidlBB0/////9sD8cw""', 'last-modified': 'Wed, 06 May 2026 08:25:34 GMT', 'content-length': '165345', 'content-type': 'application/json;charset=utf-8', 'accept-ranges': 'bytes', 'cache-control': 'no-cache,public,no-transform'}",,unknown_third_party
2026-05-13T18:17:34.769890,GET,app.tuta.com,/rest/sys/timelockcaptchaservice?_body=%7B%222630%22%3A%220%22%2C%222631%22%3A%22Qf7l0lxf%22%2C%222644%22%3A%5B%7B%222642%22%3A%22bTfOCA%22%2C%222643%22%3A%220%22%7D%5D%2C%222645%22%3A%22541%22%7D,0,513,application/json;charset=utf-8,200,"{'user-agent': 'Mozilla/5.0 (X11; Ubuntu; Linux x86_64; rv:149.0) Gecko/20100101 Firefox/149.0', 'accept': 'application/json', 'accept-language': 'en-US,en;q=0.9', 'accept-encoding': 'gzip, deflate, br, zstd', 'v': '150', 'cv': '348.260506.0', 'cp': '5', 'content-type': 'application/json', 'sec-fetch-dest': 'empty', 'sec-fetch-mode': 'cors', 'sec-fetch-site': 'same-origin', 'te': 'trailers'}",,"{'date': 'Wed, 13 May 2026 18:17:36 GMT', 'x-frame-options': 'DENY', 'strict-transport-security': 'max-age=63072000; includeSubDomains; preload', 'x-content-type-options': 'nosniff', 'referrer-policy': 'no-referrer', 'access-control-expose-headers': 'Date,app-types-hash', 'content-type': 'application/json;charset=utf-8', 'app-types-hash': 'oDFbYzU=', 'cache-control': 'no-cache, no-store', 'content-length': '513'}",,unknown_third_party
2026-05-13T18:17:34.845710,GET,app.tuta.com,/sw.js,0,0,,304,"{'user-agent': 'Mozilla/5.0 (X11; Ubuntu; Linux x86_64; rv:149.0) Gecko/20100101 Firefox/149.0', 'accept': '*/*', 'accept-language': 'en-US,en;q=0.9', 'accept-encoding': 'gzip, deflate, br, zstd', 'service-worker': 'script', 'sec-fetch-dest': 'serviceworker', 'sec-fetch-mode': 'same-origin', 'sec-fetch-site': 'same-origin', 'if-modified-since': 'Wed, 06 May 2026 08:30:22 GMT', 'if-none-match': 'W/""///+YghpARs//////QBzxU--gzip""', 'priority': 'u=4', 'cache-control': 'max-age=0', 'te': 'trailers'}",,"{'date': 'Wed, 13 May 2026 18:17:36 GMT', 'x-frame-options': 'DENY', 'strict-transport-security': 'max-age=63072000; includeSubDomains; preload', 'x-content-type-options': 'nosniff', 'referrer-policy': 'no-referrer', 'access-control-expose-headers': 'Date,app-types-hash', 'etag': 'W/""///+YghpARs//////QBzxU--gzip""', 'last-modified': 'Wed, 06 May 2026 08:30:22 GMT', 'accept-ranges': 'bytes', 'cache-control': 'must-revalidate,no-cache,no-store', 'content-length': '0'}",,unknown_third_party
2026-05-13T18:17:46.210125,GET,app.tuta.com,/rest/sys/multiplemailaddressavailabilityservice?_body=%7B%222031%22%3A%220%22%2C%222032%22%3A%5B%7B%22729%22%3A%224MpGfw%22%2C%22730%22%3A%22eptest%40tutamail.com%22%7D%5D%2C%222612%22%3A%22Qf7l0lxf%22%7D,0,79,application/json;charset=utf-8,200,"{'user-agent': 'Mozilla/5.0 (X11; Ubuntu; Linux x86_64; rv:149.0) Gecko/20100101 Firefox/149.0', 'accept': 'application/json', 'accept-language': 'en-US,en;q=0.9', 'accept-encoding': 'gzip, deflate, br, zstd', 'v': '150', 'cv': '348.260506.0', 'cp': '5', 'content-type': 'application/json', 'sec-fetch-dest': 'empty', 'sec-fetch-mode': 'cors', 'sec-fetch-site': 'same-origin', 'te': 'trailers'}",,"{'date': 'Wed, 13 May 2026 18:17:47 GMT', 'x-frame-options': 'DENY', 'strict-transport-security': 'max-age=63072000; includeSubDomains; preload', 'x-content-type-options': 'nosniff', 'referrer-policy': 'no-referrer', 'access-control-expose-headers': 'Date,app-types-hash', 'content-type': 'application/json;charset=utf-8', 'app-types-hash': 'oDFbYzU=', 'cache-control': 'no-cache, no-store', 'content-length': '79'}",,unknown_third_party
2026-05-13T18:17:50.429590,GET,app.tuta.com,/rest/sys/multiplemailaddressavailabilityservice?_body=%7B%222031%22%3A%220%22%2C%222032%22%3A%5B%7B%22729%22%3A%22aZuvzA%22%2C%22730%22%3A%22eptest.tuta%40tutamail.com%22%7D%5D%2C%222612%22%3A%22Qf7l0lxf%22%7D,0,84,application/json;charset=utf-8,200,"{'user-agent': 'Mozilla/5.0 (X11; Ubuntu; Linux x86_64; rv:149.0) Gecko/20100101 Firefox/149.0', 'accept': 'application/json', 'accept-language': 'en-US,en;q=0.9', 'accept-encoding': 'gzip, deflate, br, zstd', 'v': '150', 'cv': '348.260506.0', 'cp': '5', 'content-type': 'application/json', 'sec-fetch-dest': 'empty', 'sec-fetch-mode': 'cors', 'sec-fetch-site': 'same-origin', 'te': 'trailers'}",,"{'date': 'Wed, 13 May 2026 18:17:51 GMT', 'x-frame-options': 'DENY', 'strict-transport-security': 'max-age=63072000; includeSubDomains; preload', 'x-content-type-options': 'nosniff', 'referrer-policy': 'no-referrer', 'access-control-expose-headers': 'Date,app-types-hash', 'content-type': 'application/json;charset=utf-8', 'app-types-hash': 'oDFbYzU=', 'cache-control': 'no-cache, no-store', 'content-length': '84'}",,unknown_third_party
2026-05-13T18:17:53.450975,GET,app.tuta.com,/rest/sys/multiplemailaddressavailabilityservice?_body=%7B%222031%22%3A%220%22%2C%222032%22%3A%5B%7B%22729%22%3A%22ho5grw%22%2C%22730%22%3A%22eptest.tutanota%40tutamail.com%22%7D%5D%2C%222612%22%3A%22Qf7l0lxf%22%7D,0,88,application/json;charset=utf-8,200,"{'user-agent': 'Mozilla/5.0 (X11; Ubuntu; Linux x86_64; rv:149.0) Gecko/20100101 Firefox/149.0', 'accept': 'application/json', 'accept-language': 'en-US,en;q=0.9', 'accept-encoding': 'gzip, deflate, br, zstd', 'v': '150', 'cv': '348.260506.0', 'cp': '5', 'content-type': 'application/json', 'sec-fetch-dest': 'empty', 'sec-fetch-mode': 'cors', 'sec-fetch-site': 'same-origin', 'te': 'trailers'}",,"{'date': 'Wed, 13 May 2026 18:17:53 GMT', 'x-frame-options': 'DENY', 'strict-transport-security': 'max-age=63072000; includeSubDomains; preload', 'x-content-type-options': 'nosniff', 'referrer-policy': 'no-referrer', 'access-control-expose-headers': 'Date,app-types-hash', 'content-type': 'application/json;charset=utf-8', 'app-types-hash': 'oDFbYzU=', 'cache-control': 'no-cache, no-store', 'content-length': '88'}",,unknown_third_party
2026-05-13T18:18:05.362019,GET,app.tuta.com,/rest/sys/multiplemailaddressavailabilityservice?_body=%7B%222031%22%3A%220%22%2C%222032%22%3A%5B%7B%22729%22%3A%22P-GK0w%22%2C%22730%22%3A%22eptest.tutan%40tutamail.com%22%7D%5D%2C%222612%22%3A%22Qf7l0lxf%22%7D,0,85,application/json;charset=utf-8,200,"{'user-agent': 'Mozilla/5.0 (X11; Ubuntu; Linux x86_64; rv:149.0) Gecko/20100101 Firefox/149.0', 'accept': 'application/json', 'accept-language': 'en-US,en;q=0.9', 'accept-encoding': 'gzip, deflate, br, zstd', 'v': '150', 'cv': '348.260506.0', 'cp': '5', 'content-type': 'application/json', 'sec-fetch-dest': 'empty', 'sec-fetch-mode': 'cors', 'sec-fetch-site': 'same-origin', 'te': 'trailers'}",,"{'date': 'Wed, 13 May 2026 18:18:05 GMT', 'x-frame-options': 'DENY', 'strict-transport-security': 'max-age=63072000; includeSubDomains; preload', 'x-content-type-options': 'nosniff', 'referrer-policy': 'no-referrer', 'access-control-expose-headers': 'Date,app-types-hash', 'content-type': 'application/json;charset=utf-8', 'app-types-hash': 'oDFbYzU=', 'cache-control': 'no-cache, no-store', 'content-length': '85'}",,unknown_third_party
2026-05-13T18:18:06.382884,GET,app.tuta.com,/rest/sys/multiplemailaddressavailabilityservice?_body=%7B%222031%22%3A%220%22%2C%222032%22%3A%5B%7B%22729%22%3A%22PB-KUQ%22%2C%22730%22%3A%22eptest.tuta%40tutamail.com%22%7D%5D%2C%222612%22%3A%22Qf7l0lxf%22%7D,0,84,application/json;charset=utf-8,200,"{'user-agent': 'Mozilla/5.0 (X11; Ubuntu; Linux x86_64; rv:149.0) Gecko/20100101 Firefox/149.0', 'accept': 'application/json', 'accept-language': 'en-US,en;q=0.9', 'accept-encoding': 'gzip, deflate, br, zstd', 'v': '150', 'cv': '348.260506.0', 'cp': '5', 'content-type': 'application/json', 'sec-fetch-dest': 'empty', 'sec-fetch-mode': 'cors', 'sec-fetch-site': 'same-origin', 'te': 'trailers'}",,"{'date': 'Wed, 13 May 2026 18:18:06 GMT', 'x-frame-options': 'DENY', 'strict-transport-security': 'max-age=63072000; includeSubDomains; preload', 'x-content-type-options': 'nosniff', 'referrer-policy': 'no-referrer', 'access-control-expose-headers': 'Date,app-types-hash', 'content-type': 'application/json;charset=utf-8', 'app-types-hash': 'oDFbYzU=', 'cache-control': 'no-cache, no-store', 'content-length': '84'}",,unknown_third_party
2026-05-13T18:18:12.309325,GET,app.tuta.com,/rest/sys/multiplemailaddressavailabilityservice?_body=%7B%222031%22%3A%220%22%2C%222032%22%3A%5B%7B%22729%22%3A%226msL4Q%22%2C%22730%22%3A%22eptest.tutamail%40tutamail.com%22%7D%5D%2C%222612%22%3A%22Qf7l0lxf%22%7D,0,88,application/json;charset=utf-8,200,"{'user-agent': 'Mozilla/5.0 (X11; Ubuntu; Linux x86_64; rv:149.0) Gecko/20100101 Firefox/149.0', 'accept': 'application/json', 'accept-language': 'en-US,en;q=0.9', 'accept-encoding': 'gzip, deflate, br, zstd', 'v': '150', 'cv': '348.260506.0', 'cp': '5', 'content-type': 'application/json', 'sec-fetch-dest': 'empty', 'sec-fetch-mode': 'cors', 'sec-fetch-site': 'same-origin', 'te': 'trailers'}",,"{'date': 'Wed, 13 May 2026 18:18:12 GMT', 'x-frame-options': 'DENY', 'strict-transport-security': 'max-age=63072000; includeSubDomains; preload', 'x-content-type-options': 'nosniff', 'referrer-policy': 'no-referrer', 'access-control-expose-headers': 'Date,app-types-hash', 'content-type': 'application/json;charset=utf-8', 'app-types-hash': 'oDFbYzU=', 'cache-control': 'no-cache, no-store', 'content-length': '88'}",,unknown_third_party
2026-05-13T18:18:24.091711,GET,app.tuta.com,/rest/sys/multiplemailaddressavailabilityservice?_body=%7B%222031%22%3A%220%22%2C%222032%22%3A%5B%7B%22729%22%3A%22ywWptQ%22%2C%22730%22%3A%22eptest.tuta%40tutamail.com%22%7D%5D%2C%222612%22%3A%22Qf7l0lxf%22%7D,0,84,application/json;charset=utf-8,200,"{'user-agent': 'Mozilla/5.0 (X11; Ubuntu; Linux x86_64; rv:149.0) Gecko/20100101 Firefox/149.0', 'accept': 'application/json', 'accept-language': 'en-US,en;q=0.9', 'accept-encoding': 'gzip, deflate, br, zstd', 'v': '150', 'cv': '348.260506.0', 'cp': '5', 'content-type': 'application/json', 'sec-fetch-dest': 'empty', 'sec-fetch-mode': 'cors', 'sec-fetch-site': 'same-origin', 'te': 'trailers'}",,"{'date': 'Wed, 13 May 2026 18:18:24 GMT', 'x-frame-options': 'DENY', 'strict-transport-security': 'max-age=63072000; includeSubDomains; preload', 'x-content-type-options': 'nosniff', 'referrer-policy': 'no-referrer', 'access-control-expose-headers': 'Date,app-types-hash', 'content-type': 'application/json;charset=utf-8', 'app-types-hash': 'oDFbYzU=', 'cache-control': 'no-cache, no-store', 'content-length': '84'}",,unknown_third_party
2026-05-13T18:19:22.383314,GET,app.tuta.com,/liboqs.wasm,0,42009,application/wasm,200,"{'user-agent': 'Mozilla/5.0 (X11; Ubuntu; Linux x86_64; rv:149.0) Gecko/20100101 Firefox/149.0', 'accept': '*/*', 'accept-language': 'en-US,en;q=0.9', 'accept-encoding': 'gzip, deflate, br, zstd', 'sec-fetch-dest': 'empty', 'sec-fetch-mode': 'cors', 'sec-fetch-site': 'same-origin', 'priority': 'u=4', 'te': 'trailers'}",,"{'date': 'Wed, 13 May 2026 18:19:22 GMT', 'x-frame-options': 'DENY', 'strict-transport-security': 'max-age=63072000; includeSubDomains; preload', 'x-content-type-options': 'nosniff', 'referrer-policy': 'no-referrer', 'access-control-expose-headers': 'Date,app-types-hash', 'etag': 'W/""///+YjNeuX4/////882Yic""', 'last-modified': 'Wed, 06 May 2026 08:30:00 GMT', 'content-length': '42009', 'content-type': 'application/wasm', 'accept-ranges': 'bytes', 'cache-control': 'no-cache,public,no-transform'}",,unknown_third_party
2026-05-13T18:19:22.997855,GET,app.tuta.com,/rest/sys/registrationcaptchaservice?_body=%7B%221480%22%3A%220%22%2C%221481%22%3Anull%2C%221482%22%3A%22eptest.tuta%40tutamail.com%22%2C%221731%22%3A%22Qf7l0lxf%22%2C%221751%22%3A%220%22%2C%221752%22%3A%220%22%2C%222623%22%3A%2295449428614758697706334613824119231396091729033390859354165294171126078959545070928626542127979269629089633359334433792652822102488630480921022871481993939152392820790925955343591311855413392978684595124675336272706588793567763930111152522731297061680761073376970453911788391707026960590969330766091048711031%22%2C%222624%22%3A%22en%22%2C%222640%22%3A%220%22%2C%222689%22%3A%5B%5D%7D,0,4808925,application/json;charset=utf-8,200,"{'user-agent': 'Mozilla/5.0 (X11; Ubuntu; Linux x86_64; rv:149.0) Gecko/20100101 Firefox/149.0', 'accept': 'application/json', 'accept-language': 'en-US,en;q=0.9', 'accept-encoding': 'gzip, deflate, br, zstd', 'v': '150', 'cv': '348.260506.0', 'cp': '5', 'content-type': 'application/json', 'sec-fetch-dest': 'empty', 'sec-fetch-mode': 'cors', 'sec-fetch-site': 'same-origin', 'te': 'trailers'}",,"{'date': 'Wed, 13 May 2026 18:19:23 GMT', 'x-frame-options': 'DENY', 'strict-transport-security': 'max-age=63072000; includeSubDomains; preload', 'x-content-type-options': 'nosniff', 'referrer-policy': 'no-referrer', 'access-control-expose-headers': 'Date,app-types-hash', 'content-type': 'application/json;charset=utf-8', 'app-types-hash': 'oDFbYzU=', 'cache-control': 'no-cache, no-store', 'content-length': '4808925'}",,unknown_third_party
2026-05-13T18:19:59.881158,POST,app.tuta.com,/rest/sys/registrationcaptchaservice,68,0,application/json;charset=utf-8,201,"{'user-agent': 'Mozilla/5.0 (X11; Ubuntu; Linux x86_64; rv:149.0) Gecko/20100101 Firefox/149.0', 'accept': 'application/json', 'accept-language': 'en-US,en;q=0.9', 'accept-encoding': 'gzip, deflate, br, zstd', 'content-type': 'application/json', 'content-length': '68', 'v': '150', 'cv': '348.260506.0', 'cp': '5', 'origin': 'https://app.tuta.com', 'sec-fetch-dest': 'empty', 'sec-fetch-mode': 'cors', 'sec-fetch-site': 'same-origin', 'te': 'trailers'}","{""675"":""0"",""676"":""-C4o-oYTVJ3sdV7iOmOm_A"",""677"":""00:15"",""2627"":null}","{'date': 'Wed, 13 May 2026 18:19:59 GMT', 'x-frame-options': 'DENY', 'strict-transport-security': 'max-age=63072000; includeSubDomains; preload', 'x-content-type-options': 'nosniff', 'referrer-policy': 'no-referrer', 'access-control-expose-headers': 'Date,app-types-hash', 'access-control-allow-origin': 'https://app.tuta.com', 'content-type': 'application/json;charset=utf-8', 'app-types-hash': 'oDFbYzU=', 'content-length': '0'}",,unknown_third_party
2026-05-13T18:20:00.132929,GET,app.tuta.com,/rest/sys/systemkeysservice,0,532,application/json;charset=utf-8,200,"{'user-agent': 'Mozilla/5.0 (X11; Ubuntu; Linux x86_64; rv:149.0) Gecko/20100101 Firefox/149.0', 'accept': 'application/json', 'accept-language': 'en-US,en;q=0.9', 'accept-encoding': 'gzip, deflate, br, zstd', 'v': '150', 'cv': '348.260506.0', 'cp': '5', 'sec-fetch-dest': 'empty', 'sec-fetch-mode': 'cors', 'sec-fetch-site': 'same-origin', 'te': 'trailers'}",,"{'date': 'Wed, 13 May 2026 18:20:00 GMT', 'x-frame-options': 'DENY', 'strict-transport-security': 'max-age=63072000; includeSubDomains; preload', 'x-content-type-options': 'nosniff', 'referrer-policy': 'no-referrer', 'access-control-expose-headers': 'Date,app-types-hash', 'content-type': 'application/json;charset=utf-8', 'app-types-hash': 'oDFbYzU=', 'cache-control': 'no-cache, no-store', 'content-length': '532'}",,unknown_third_party
2026-05-13T18:20:00.340861,GET,app.tuta.com,/argon2.wasm,0,16981,application/wasm,200,"{'user-agent': 'Mozilla/5.0 (X11; Ubuntu; Linux x86_64; rv:149.0) Gecko/20100101 Firefox/149.0', 'accept': '*/*', 'accept-language': 'en-US,en;q=0.9', 'accept-encoding': 'gzip, deflate, br, zstd', 'sec-fetch-dest': 'empty', 'sec-fetch-mode': 'cors', 'sec-fetch-site': 'same-origin', 'priority': 'u=4', 'te': 'trailers'}",,"{'date': 'Wed, 13 May 2026 18:20:00 GMT', 'x-frame-options': 'DENY', 'strict-transport-security': 'max-age=63072000; includeSubDomains; preload', 'x-content-type-options': 'nosniff', 'referrer-policy': 'no-referrer', 'access-control-expose-headers': 'Date,app-types-hash', 'etag': 'W/""///+YivY5U0/////9ewyLg""', 'last-modified': 'Wed, 06 May 2026 08:29:56 GMT', 'content-length': '16981', 'content-type': 'application/wasm', 'accept-ranges': 'bytes', 'cache-control': 'no-cache,public,no-transform'}",,unknown_third_party
2026-05-13T18:20:01.699593,POST,app.tuta.com,/rest/tutanota/customeraccountservice,23733,0,application/json;charset=utf-8,201,"{'user-agent': 'Mozilla/5.0 (X11; Ubuntu; Linux x86_64; rv:149.0) Gecko/20100101 Firefox/149.0', 'accept': 'application/json', 'accept-language': 'en-US,en;q=0.9', 'accept-encoding': 'gzip, deflate, br, zstd', 'content-type': 'application/json', 'content-length': '23733', 'v': '108', 'cv': '348.260506.0', 'cp': '5', 'origin': 'https://app.tuta.com', 'sec-fetch-dest': 'empty', 'sec-fetch-mode': 'cors', 'sec-fetch-site': 'same-origin', 'te': 'trailers'}","{""649"":""0"",""650"":""-C4o-oYTVJ3sdV7iOmOm_A"",""651"":null,""652"":""en"",""653"":[{""623"":""0EzXgQ"",""624"":""eptest.tuta@tutamail.com"",""625"":""ATW0EjWnTA4W+Z/+eI/F6O2ZI6GP6ZpVJy6AKcBvVDBiYCKz7nJnbj5lQFOBJwPVM6HQnno5Wg/iYs8x1X6sgkY="",""626"":""FgrL2rVJkeJ8mDbxX7mXwA=="",""627"":""tMyUyLM8pDXwimAehyPXGuAPhf0PmI2KaMSO1phB92g="",""629"":""AaDjIJjKHv8/Qq1ryuva6EXQ66Hz+UEYF5BBm4TXNBSZ49mym2jJ3OFf3MOrlbA4D2XArlimCz94f16Yp4d6qsqfH9ap0SwjuhAPtLJyvGyE"",""630"":""Abj7r6Leo7uSp0ZWP/d9LjB3QGnlC7dy5rmHnqz8AjACcIfTtBH85gDBrV3F6UdhymTkwidQr","{'date': 'Wed, 13 May 2026 18:20:01 GMT', 'x-frame-options': 'DENY', 'strict-transport-security': 'max-age=63072000; includeSubDomains; preload', 'x-content-type-options': 'nosniff', 'referrer-policy': 'no-referrer', 'access-control-expose-headers': 'Date,app-types-hash', 'access-control-allow-origin': 'https://app.tuta.com', 'content-type': 'application/json;charset=utf-8', 'app-types-hash': 'oDFbYzU=', 'content-length': '0'}",,unknown_third_party
2026-05-13T18:20:02.029891,GET,app.tuta.com,/rest/sys/saltservice?_body=%7B%22418%22%3A%220%22%2C%22419%22%3A%22eptest.tuta%40tutamail.com%22%7D,0,55,application/json;charset=utf-8,200,"{'user-agent': 'Mozilla/5.0 (X11; Ubuntu; Linux x86_64; rv:149.0) Gecko/20100101 Firefox/149.0', 'accept': 'application/json', 'accept-language': 'en-US,en;q=0.9', 'accept-encoding': 'gzip, deflate, br, zstd', 'v': '150', 'cv': '348.260506.0', 'cp': '5', 'content-type': 'application/json', 'sec-fetch-dest': 'empty', 'sec-fetch-mode': 'cors', 'sec-fetch-site': 'same-origin', 'te': 'trailers'}",,"{'date': 'Wed, 13 May 2026 18:20:02 GMT', 'x-frame-options': 'DENY', 'strict-transport-security': 'max-age=63072000; includeSubDomains; preload', 'x-content-type-options': 'nosniff', 'referrer-policy': 'no-referrer', 'access-control-expose-headers': 'Date,app-types-hash', 'content-type': 'application/json;charset=utf-8', 'app-types-hash': 'oDFbYzU=', 'cache-control': 'no-cache, no-store', 'content-length': '55'}",,unknown_third_party
2026-05-13T18:20:02.743462,POST,app.tuta.com,/rest/sys/sessionservice,170,90,application/json;charset=utf-8,201,"{'user-agent': 'Mozilla/5.0 (X11; Ubuntu; Linux x86_64; rv:149.0) Gecko/20100101 Firefox/149.0', 'accept': 'application/json', 'accept-language': 'en-US,en;q=0.9', 'accept-encoding': 'gzip, deflate, br, zstd', 'content-type': 'application/json', 'content-length': '170', 'v': '150', 'cv': '348.260506.0', 'cp': '5', 'origin': 'https://app.tuta.com', 'sec-fetch-dest': 'empty', 'sec-fetch-mode': 'cors', 'sec-fetch-site': 'same-origin', 'te': 'trailers'}","{""1212"":""0"",""1213"":""eptest.tuta@tutamail.com"",""1214"":""tMyUyLM8pDXwimAehyPXGuAPhf0PmI2KaMSO1phB92g"",""1215"":""Firefox Browser"",""1216"":null,""1217"":null,""1218"":[],""1417"":null}","{'date': 'Wed, 13 May 2026 18:20:02 GMT', 'x-frame-options': 'DENY', 'strict-transport-security': 'max-age=63072000; includeSubDomains; preload', 'x-content-type-options': 'nosniff', 'referrer-policy': 'no-referrer', 'access-control-expose-headers': 'Date,app-types-hash', 'access-control-allow-origin': 'https://app.tuta.com', 'content-type': 'application/json;charset=utf-8', 'app-types-hash': 'oDFbYzU=', 'content-length': '90'}",,unknown_third_party
2026-05-13T18:20:02.928303,GET,app.tuta.com,/rest/sys/user/OsXZICX--B-9,0,2415,application/json;charset=utf-8,200,"{'user-agent': 'Mozilla/5.0 (X11; Ubuntu; Linux x86_64; rv:149.0) Gecko/20100101 Firefox/149.0', 'accept': 'application/json', 'accept-language': 'en-US,en;q=0.9', 'accept-encoding': 'gzip, deflate, br, zstd', 'accesstoken': 'Z4ikTNrAAUAKKVJ7oXk1Q5j1yoh0hMzWcw', 'v': '150', 'cv': '348.260506.0', 'cp': '5', 'sec-fetch-dest': 'empty', 'sec-fetch-mode': 'cors', 'sec-fetch-site': 'same-origin', 'te': 'trailers'}",,"{'date': 'Wed, 13 May 2026 18:20:02 GMT', 'x-frame-options': 'DENY', 'strict-transport-security': 'max-age=63072000; includeSubDomains; preload', 'x-content-type-options': 'nosniff', 'referrer-policy': 'no-referrer', 'access-control-expose-headers': 'Date,app-types-hash', 'content-type': 'application/json;charset=utf-8', 'app-types-hash': 'oDFbYzU=', 'cache-control': 'no-cache, no-store', 'content-length': '2415'}",,unknown_third_party
2026-05-13T18:20:03.104290,GET,app.tuta.com,/rest/sys/groupinfo/OsXZICY--V-9/OsXZICd-2V-9,0,439,application/json;charset=utf-8,200,"{'user-agent': 'Mozilla/5.0 (X11; Ubuntu; Linux x86_64; rv:149.0) Gecko/20100101 Firefox/149.0', 'accept': 'application/json', 'accept-language': 'en-US,en;q=0.9', 'accept-encoding': 'gzip, deflate, br, zstd', 'accesstoken': 'Z4ikTNrAAUAKKVJ7oXk1Q5j1yoh0hMzWcw', 'v': '150', 'cv': '348.260506.0', 'cp': '5', 'sec-fetch-dest': 'empty', 'sec-fetch-mode': 'cors', 'sec-fetch-site': 'same-origin', 'te': 'trailers'}",,"{'date': 'Wed, 13 May 2026 18:20:03 GMT', 'x-frame-options': 'DENY', 'strict-transport-security': 'max-age=63072000; includeSubDomains; preload', 'x-content-type-options': 'nosniff', 'referrer-policy': 'no-referrer', 'access-control-expose-headers': 'Date,app-types-hash', 'content-type': 'application/json;charset=utf-8', 'app-types-hash': 'oDFbYzU=', 'cache-control': 'no-cache, no-store', 'content-length': '439'}",,unknown_third_party
2026-05-13T18:20:03.281841,GET,app.tuta.com,/rest/sys/rootinstance/OsXZICd-23-9/CHR1dGFub3RhAADY,0,117,application/json;charset=utf-8,200,"{'user-agent': 'Mozilla/5.0 (X11; Ubuntu; Linux x86_64; rv:149.0) Gecko/20100101 Firefox/149.0', 'accept': 'application/json', 'accept-language': 'en-US,en;q=0.9', 'accept-encoding': 'gzip, deflate, br, zstd', 'accesstoken': 'Z4ikTNrAAUAKKVJ7oXk1Q5j1yoh0hMzWcw', 'v': '150', 'cv': '348.260506.0', 'cp': '5', 'sec-fetch-dest': 'empty', 'sec-fetch-mode': 'cors', 'sec-fetch-site': 'same-origin', 'te': 'trailers'}",,"{'date': 'Wed, 13 May 2026 18:20:03 GMT', 'x-frame-options': 'DENY', 'strict-transport-security': 'max-age=63072000; includeSubDomains; preload', 'x-content-type-options': 'nosniff', 'referrer-policy': 'no-referrer', 'access-control-expose-headers': 'Date,app-types-hash', 'content-type': 'application/json;charset=utf-8', 'app-types-hash': 'oDFbYzU=', 'cache-control': 'no-cache, no-store', 'content-length': '117'}",,unknown_third_party
2026-05-13T18:20:03.456827,GET,app.tuta.com,/rest/tutanota/tutanotaproperties/OsXZICl----9,0,483,application/json;charset=utf-8,200,"{'user-agent': 'Mozilla/5.0 (X11; Ubuntu; Linux x86_64; rv:149.0) Gecko/20100101 Firefox/149.0', 'accept': 'application/json', 'accept-language': 'en-US,en;q=0.9', 'accept-encoding': 'gzip, deflate, br, zstd', 'accesstoken': 'Z4ikTNrAAUAKKVJ7oXk1Q5j1yoh0hMzWcw', 'v': '108', 'cv': '348.260506.0', 'cp': '5', 'sec-fetch-dest': 'empty', 'sec-fetch-mode': 'cors', 'sec-fetch-site': 'same-origin', 'te': 'trailers'}",,"{'date': 'Wed, 13 May 2026 18:20:03 GMT', 'x-frame-options': 'DENY', 'strict-transport-security': 'max-age=63072000; includeSubDomains; preload', 'x-content-type-options': 'nosniff', 'referrer-policy': 'no-referrer', 'access-control-expose-headers': 'Date,app-types-hash', 'content-type': 'application/json;charset=utf-8', 'app-types-hash': 'oDFbYzU=', 'cache-control': 'no-cache, no-store', 'content-length': '483'}",,unknown_third_party
2026-05-13T18:20:03.636624,GET,app.tuta.com,/rest/sys/rolloutservice,0,22,application/json;charset=utf-8,200,"{'user-agent': 'Mozilla/5.0 (X11; Ubuntu; Linux x86_64; rv:149.0) Gecko/20100101 Firefox/149.0', 'accept': 'application/json', 'accept-language': 'en-US,en;q=0.9', 'accept-encoding': 'gzip, deflate, br, zstd', 'accesstoken': 'Z4ikTNrAAUAKKVJ7oXk1Q5j1yoh0hMzWcw', 'v': '150', 'cv': '348.260506.0', 'cp': '5', 'sec-fetch-dest': 'empty', 'sec-fetch-mode': 'cors', 'sec-fetch-site': 'same-origin', 'te': 'trailers'}",,"{'date': 'Wed, 13 May 2026 18:20:03 GMT', 'x-frame-options': 'DENY', 'strict-transport-security': 'max-age=63072000; includeSubDomains; preload', 'x-content-type-options': 'nosniff', 'referrer-policy': 'no-referrer', 'access-control-expose-headers': 'Date,app-types-hash', 'content-type': 'application/json;charset=utf-8', 'app-types-hash': 'oDFbYzU=', 'cache-control': 'no-cache, no-store', 'content-length': '22'}",,unknown_third_party
2026-05-13T18:20:03.817107,GET,app.tuta.com,/rest/tutanota/usersettingsgrouproot/OsXZICd-23-9,0,0,application/json;charset=utf-8,404,"{'user-agent': 'Mozilla/5.0 (X11; Ubuntu; Linux x86_64; rv:149.0) Gecko/20100101 Firefox/149.0', 'accept': 'application/json', 'accept-language': 'en-US,en;q=0.9', 'accept-encoding': 'gzip, deflate, br, zstd', 'accesstoken': 'Z4ikTNrAAUAKKVJ7oXk1Q5j1yoh0hMzWcw', 'v': '108', 'cv': '348.260506.0', 'cp': '5', 'sec-fetch-dest': 'empty', 'sec-fetch-mode': 'cors', 'sec-fetch-site': 'same-origin', 'te': 'trailers'}",,"{'date': 'Wed, 13 May 2026 18:20:03 GMT', 'x-frame-options': 'DENY', 'strict-transport-security': 'max-age=63072000; includeSubDomains; preload', 'x-content-type-options': 'nosniff', 'referrer-policy': 'no-referrer', 'access-control-expose-headers': 'Date,app-types-hash', 'content-type': 'application/json;charset=utf-8', 'app-types-hash': 'oDFbYzU=', 'cache-control': 'no-cache, no-store', 'error-id': 'OsXZIie----9', 'content-length': '0'}",,unknown_third_party
2026-05-13T18:20:03.833912,GET,app.tuta.com,/rest/sys/customer/OsXZICY--F-9,0,559,application/json;charset=utf-8,200,"{'user-agent': 'Mozilla/5.0 (X11; Ubuntu; Linux x86_64; rv:149.0) Gecko/20100101 Firefox/149.0', 'accept': 'application/json', 'accept-language': 'en-US,en;q=0.9', 'accept-encoding': 'gzip, deflate, br, zstd', 'accesstoken': 'Z4ikTNrAAUAKKVJ7oXk1Q5j1yoh0hMzWcw', 'v': '150', 'cv': '348.260506.0', 'cp': '5', 'sec-fetch-dest': 'empty', 'sec-fetch-mode': 'cors', 'sec-fetch-site': 'same-origin', 'te': 'trailers'}",,"{'date': 'Wed, 13 May 2026 18:20:03 GMT', 'x-frame-options': 'DENY', 'strict-transport-security': 'max-age=63072000; includeSubDomains; preload', 'x-content-type-options': 'nosniff', 'referrer-policy': 'no-referrer', 'access-control-expose-headers': 'Date,app-types-hash', 'content-type': 'application/json;charset=utf-8', 'app-types-hash': 'oDFbYzU=', 'cache-control': 'no-cache, no-store', 'content-length': '559'}",,unknown_third_party
2026-05-13T18:20:04.005455,POST,app.tuta.com,/rest/tutanota/usersettingsgrouproot,421,47,application/json;charset=utf-8,201,"{'user-agent': 'Mozilla/5.0 (X11; Ubuntu; Linux x86_64; rv:149.0) Gecko/20100101 Firefox/149.0', 'accept': 'application/json', 'accept-language': 'en-US,en;q=0.9', 'accept-encoding': 'gzip, deflate, br, zstd', 'content-type': 'application/json', 'content-length': '421', 'accesstoken': 'Z4ikTNrAAUAKKVJ7oXk1Q5j1yoh0hMzWcw', 'v': '108', 'cv': '348.260506.0', 'cp': '5', 'origin': 'https://app.tuta.com', 'sec-fetch-dest': 'empty', 'sec-fetch-mode': 'cors', 'sec-fetch-site': 'same-origin', 'te': 'trailers'}","{""974"":null,""975"":null,""976"":""0"",""977"":""OsXZICd-23-9"",""978"":""AR/WLzTBtvUmW3SRCDPrJi/Ql+E2IaSZRg/U8z8P3TotnTAkXXWUIra3dNfNINLJxd1wjA1pdKUwdufc99opwCV02Ul+848SlWWsg1ndOVWc"",""979"":[],""980"":""AauFH3DU2fp9AJbzpgG3XB1v0p6Fg+6Pmi7e2Aj9hBmyzJJfoSk7vIlUPlD8Lg8LrLMkYDK6Go0nJ5VzVk1c68U="",""981"":""AZ5PLeuA2rapMCweH/ecAkFZjrvIWrXxcVM5ErJCyxr4v4eeB7Hu8xiLk+ilBUkmHXju75V7LFybefb9CniOXZI="",""1234"":null,""1403"":""0"",""1735"":null,""1850"":null}","{'date': 'Wed, 13 May 2026 18:20:04 GMT', 'x-frame-options': 'DENY', 'strict-transport-security': 'max-age=63072000; includeSubDomains; preload', 'x-content-type-options': 'nosniff', 'referrer-policy': 'no-referrer', 'access-control-expose-headers': 'Date,app-types-hash', 'access-control-allow-origin': 'https://app.tuta.com', 'content-type': 'application/json;charset=utf-8', 'app-types-hash': 'oDFbYzU=', 'content-length': '47'}",,unknown_third_party
2026-05-13T18:20:04.065502,GET,app.tuta.com,/event?modelVersions=150.108&clientVersion=348.260506.0&userId=OsXZICX--B-9&accessToken=Z4ikTNrAAUAKKVJ7oXk1Q5j1yoh0hMzWcw,0,0,application/json;charset=utf-8,101,"{'Host': 'app.tuta.com', 'User-Agent': 'Mozilla/5.0 (X11; Ubuntu; Linux x86_64; rv:149.0) Gecko/20100101 Firefox/149.0', 'Accept': '*/*', 'Accept-Language': 'en-US,en;q=0.9', 'Accept-Encoding': 'gzip, deflate, br, zstd', 'Sec-WebSocket-Version': '13', 'Origin': 'https://app.tuta.com', 'Sec-WebSocket-Extensions': 'permessage-deflate', 'Sec-WebSocket-Key': 'S2QeXS79Bs66aRGV+jJeGA==', 'Connection': 'Upgrade', 'Sec-Fetch-Dest': 'empty', 'Sec-Fetch-Mode': 'websocket', 'Sec-Fetch-Site': 'same-origin', 'Pragma': 'no-cache', 'Cache-Control': 'no-cache', 'Upgrade': 'websocket'}",,"{'Date': 'Wed, 13 May 2026 18:20:04 GMT', 'X-FRAME-OPTIONS': 'DENY', 'Strict-Transport-Security': 'max-age=63072000; includeSubDomains; preload', 'X-Content-Type-Options': 'nosniff', 'Referrer-Policy': 'no-referrer', 'Access-Control-Expose-Headers': 'Date,app-types-hash', 'Access-Control-Allow-Origin': 'https://app.tuta.com', 'Content-Type': 'application/json;charset=utf-8', 'Sec-WebSocket-Extensions': 'permessage-deflate', 'Upgrade': 'websocket', 'Sec-WebSocket-Accept': 'WyOg8hw7YK1B8r99DDyPYSmDkxw=', 'Connection': 'Upgrade'}",,unknown_third_party
2026-05-13T18:20:04.224602,GET,app.tuta.com,/rest/tutanota/usersettingsgrouproot/OsXZICd-23-9,0,441,application/json;charset=utf-8,200,"{'user-agent': 'Mozilla/5.0 (X11; Ubuntu; Linux x86_64; rv:149.0) Gecko/20100101 Firefox/149.0', 'accept': 'application/json', 'accept-language': 'en-US,en;q=0.9', 'accept-encoding': 'gzip, deflate, br, zstd', 'accesstoken': 'Z4ikTNrAAUAKKVJ7oXk1Q5j1yoh0hMzWcw', 'v': '108', 'cv': '348.260506.0', 'cp': '5', 'sec-fetch-dest': 'empty', 'sec-fetch-mode': 'cors', 'sec-fetch-site': 'same-origin', 'te': 'trailers'}",,"{'date': 'Wed, 13 May 2026 18:20:04 GMT', 'x-frame-options': 'DENY', 'strict-transport-security': 'max-age=63072000; includeSubDomains; preload', 'x-content-type-options': 'nosniff', 'referrer-policy': 'no-referrer', 'access-control-expose-headers': 'Date,app-types-hash', 'content-type': 'application/json;charset=utf-8', 'app-types-hash': 'oDFbYzU=', 'cache-control': 'no-cache, no-store', 'content-length': '441'}",,unknown_third_party
2026-05-13T18:20:04.978605,GET,app.tuta.com,/crypto_primitives_bg.wasm,0,159947,application/wasm,200,"{'user-agent': 'Mozilla/5.0 (X11; Ubuntu; Linux x86_64; rv:149.0) Gecko/20100101 Firefox/149.0', 'accept': '*/*', 'accept-language': 'en-US,en;q=0.9', 'accept-encoding': 'gzip, deflate, br, zstd', 'sec-fetch-dest': 'empty', 'sec-fetch-mode': 'cors', 'sec-fetch-site': 'same-origin', 'priority': 'u=4', 'te': 'trailers'}",,"{'date': 'Wed, 13 May 2026 18:20:05 GMT', 'x-frame-options': 'DENY', 'strict-transport-security': 'max-age=63072000; includeSubDomains; preload', 'x-content-type-options': 'nosniff', 'referrer-policy': 'no-referrer', 'access-control-expose-headers': 'Date,app-types-hash', 'etag': 'W/""///+Yh8F08A/////+Ni6fs""', 'last-modified': 'Wed, 06 May 2026 08:26:30 GMT', 'content-length': '159947', 'content-type': 'application/wasm', 'accept-ranges': 'bytes', 'cache-control': 'no-cache,public,no-transform'}",,unknown_third_party
2026-05-13T18:20:05.620832,GET,app.tuta.com,/rest/sys/group/OsXZICd-23-9,0,7168,application/json;charset=utf-8,200,"{'user-agent': 'Mozilla/5.0 (X11; Ubuntu; Linux x86_64; rv:149.0) Gecko/20100101 Firefox/149.0', 'accept': 'application/json', 'accept-language': 'en-US,en;q=0.9', 'accept-encoding': 'gzip, deflate, br, zstd', 'accesstoken': 'Z4ikTNrAAUAKKVJ7oXk1Q5j1yoh0hMzWcw', 'v': '150', 'cv': '348.260506.0', 'cp': '5', 'sec-fetch-dest': 'empty', 'sec-fetch-mode': 'cors', 'sec-fetch-site': 'same-origin', 'te': 'trailers'}",,"{'date': 'Wed, 13 May 2026 18:20:05 GMT', 'x-frame-options': 'DENY', 'strict-transport-security': 'max-age=63072000; includeSubDomains; preload', 'x-content-type-options': 'nosniff', 'referrer-policy': 'no-referrer', 'access-control-expose-headers': 'Date,app-types-hash', 'content-type': 'application/json;charset=utf-8', 'app-types-hash': 'oDFbYzU=', 'cache-control': 'no-cache, no-store', 'content-length': '7168'}",,unknown_third_party
2026-05-13T18:20:05.795903,POST,app.tuta.com,/rest/sys/identitykeyservice,542,0,application/json;charset=utf-8,201,"{'user-agent': 'Mozilla/5.0 (X11; Ubuntu; Linux x86_64; rv:149.0) Gecko/20100101 Firefox/149.0', 'accept': 'application/json', 'accept-language': 'en-US,en;q=0.9', 'accept-encoding': 'gzip, deflate, br, zstd', 'content-type': 'application/json', 'content-length': '542', 'accesstoken': 'Z4ikTNrAAUAKKVJ7oXk1Q5j1yoh0hMzWcw', 'v': '150', 'cv': '348.260506.0', 'cp': '5', 'origin': 'https://app.tuta.com', 'sec-fetch-dest': 'empty', 'sec-fetch-mode': 'cors', 'sec-fetch-site': 'same-origin', 'te': 'trailers'}","{""2600"":""0"",""2601"":[{""2576"":""xpxsWw"",""2577"":""0"",""2578"":""0"",""2579"":""XlMV2xKVSb4b424Rp8xK6Aytq6N+bpQ6YyvQgZ8EAQA="",""2580"":""AWYbnl29ej9j9C2Rb3S22UUzLwnvaKWQLkgzJ6e/Ntmi6mjXahiNaHCqUw+Mp4Cr08W/FNcjUmEAtG6HjJsTuTPrHEZcu8uuoX+EezifENMAmloT99iaMH2LOC4l5mho3g=="",""2581"":[{""2478"":""oO3Efw"",""2479"":[""OsXZICd-23-9""],""2480"":""0"",""2481"":""lDI0nQDxg/3qni9OyCQXpikkNoO4rPjGVd8QZ7k9Wl4="",""2527"":""0""}]}],""2602"":[{""2583"":""wDf7ng"",""2584"":""dO5epQ64sETY7Qp+60WMpZ6rMtRhd1SoUTrom5g6WihrzR3gDtxHHCGMIvIxMAWeMBntzu/4VMNz4pcy5xS","{'date': 'Wed, 13 May 2026 18:20:05 GMT', 'x-frame-options': 'DENY', 'strict-transport-security': 'max-age=63072000; includeSubDomains; preload', 'x-content-type-options': 'nosniff', 'referrer-policy': 'no-referrer', 'access-control-expose-headers': 'Date,app-types-hash', 'access-control-allow-origin': 'https://app.tuta.com', 'content-type': 'application/json;charset=utf-8', 'app-types-hash': 'oDFbYzU=', 'content-length': '0'}",,unknown_third_party
2026-05-13T18:20:06.251049,GET,app.tuta.com,/rest/sys/customerinfo/JDpWrwY--7-0/OsXZICY--B-9,0,548,application/json;charset=utf-8,200,"{'user-agent': 'Mozilla/5.0 (X11; Ubuntu; Linux x86_64; rv:149.0) Gecko/20100101 Firefox/149.0', 'accept': 'application/json', 'accept-language': 'en-US,en;q=0.9', 'accept-encoding': 'gzip, deflate, br, zstd', 'accesstoken': 'Z4ikTNrAAUAKKVJ7oXk1Q5j1yoh0hMzWcw', 'v': '150', 'cv': '348.260506.0', 'cp': '5', 'sec-fetch-dest': 'empty', 'sec-fetch-mode': 'cors', 'sec-fetch-site': 'same-origin', 'te': 'trailers'}",,"{'date': 'Wed, 13 May 2026 18:20:06 GMT', 'x-frame-options': 'DENY', 'strict-transport-security': 'max-age=63072000; includeSubDomains; preload', 'x-content-type-options': 'nosniff', 'referrer-policy': 'no-referrer', 'access-control-expose-headers': 'Date,app-types-hash', 'content-type': 'application/json;charset=utf-8', 'app-types-hash': 'oDFbYzU=', 'cache-control': 'no-cache, no-store', 'content-length': '548'}",,unknown_third_party
2026-05-13T18:20:06.307969,GET,app.tuta.com,/rest/tutanota/mailboxgrouproot/OsXZICh----9,0,201,application/json;charset=utf-8,200,"{'user-agent': 'Mozilla/5.0 (X11; Ubuntu; Linux x86_64; rv:149.0) Gecko/20100101 Firefox/149.0', 'accept': 'application/json', 'accept-language': 'en-US,en;q=0.9', 'accept-encoding': 'gzip, deflate, br, zstd', 'accesstoken': 'Z4ikTNrAAUAKKVJ7oXk1Q5j1yoh0hMzWcw', 'v': '108', 'cv': '348.260506.0', 'cp': '5', 'sec-fetch-dest': 'empty', 'sec-fetch-mode': 'cors', 'sec-fetch-site': 'same-origin', 'te': 'trailers'}",,"{'date': 'Wed, 13 May 2026 18:20:06 GMT', 'x-frame-options': 'DENY', 'strict-transport-security': 'max-age=63072000; includeSubDomains; preload', 'x-content-type-options': 'nosniff', 'referrer-policy': 'no-referrer', 'access-control-expose-headers': 'Date,app-types-hash', 'content-type': 'application/json;charset=utf-8', 'app-types-hash': 'oDFbYzU=', 'cache-control': 'no-cache, no-store', 'content-length': '201'}",,unknown_third_party
2026-05-13T18:20:06.463607,GET,app.tuta.com,/rest/sys/accountinginfo/OsXZICq--F-9,0,420,application/json;charset=utf-8,200,"{'user-agent': 'Mozilla/5.0 (X11; Ubuntu; Linux x86_64; rv:149.0) Gecko/20100101 Firefox/149.0', 'accept': 'application/json', 'accept-language': 'en-US,en;q=0.9', 'accept-encoding': 'gzip, deflate, br, zstd', 'accesstoken': 'Z4ikTNrAAUAKKVJ7oXk1Q5j1yoh0hMzWcw', 'v': '150', 'cv': '348.260506.0', 'cp': '5', 'sec-fetch-dest': 'empty', 'sec-fetch-mode': 'cors', 'sec-fetch-site': 'same-origin', 'te': 'trailers'}",,"{'date': 'Wed, 13 May 2026 18:20:06 GMT', 'x-frame-options': 'DENY', 'strict-transport-security': 'max-age=63072000; includeSubDomains; preload', 'x-content-type-options': 'nosniff', 'referrer-policy': 'no-referrer', 'access-control-expose-headers': 'Date,app-types-hash', 'content-type': 'application/json;charset=utf-8', 'app-types-hash': 'oDFbYzU=', 'cache-control': 'no-cache, no-store', 'content-length': '420'}",,unknown_third_party
2026-05-13T18:20:06.489351,GET,app.tuta.com,/rest/tutanota/mailbox/OsXZICk--g-9,0,601,application/json;charset=utf-8,200,"{'user-agent': 'Mozilla/5.0 (X11; Ubuntu; Linux x86_64; rv:149.0) Gecko/20100101 Firefox/149.0', 'accept': 'application/json', 'accept-language': 'en-US,en;q=0.9', 'accept-encoding': 'gzip, deflate, br, zstd', 'accesstoken': 'Z4ikTNrAAUAKKVJ7oXk1Q5j1yoh0hMzWcw', 'v': '108', 'cv': '348.260506.0', 'cp': '5', 'sec-fetch-dest': 'empty', 'sec-fetch-mode': 'cors', 'sec-fetch-site': 'same-origin', 'te': 'trailers'}",,"{'date': 'Wed, 13 May 2026 18:20:06 GMT', 'x-frame-options': 'DENY', 'strict-transport-security': 'max-age=63072000; includeSubDomains; preload', 'x-content-type-options': 'nosniff', 'referrer-policy': 'no-referrer', 'access-control-expose-headers': 'Date,app-types-hash', 'content-type': 'application/json;charset=utf-8', 'app-types-hash': 'oDFbYzU=', 'cache-control': 'no-cache, no-store', 'content-length': '601'}",,unknown_third_party
2026-05-13T18:20:06.668756,POST,app.tuta.com,/rest/usage/usagetestparticipationservice,116,50,application/json;charset=utf-8,201,"{'user-agent': 'Mozilla/5.0 (X11; Ubuntu; Linux x86_64; rv:149.0) Gecko/20100101 Firefox/149.0', 'accept': 'application/json', 'accept-language': 'en-US,en;q=0.9', 'accept-encoding': 'gzip, deflate, br, zstd', 'content-type': 'application/json', 'content-length': '116', 'accesstoken': 'Z4ikTNrAAUAKKVJ7oXk1Q5j1yoh0hMzWcw', 'v': '5', 'cv': '348.260506.0', 'cp': '5', 'origin': 'https://app.tuta.com', 'sec-fetch-dest': 'empty', 'sec-fetch-mode': 'cors', 'sec-fetch-site': 'same-origin', 'te': 'trailers'}","{""81"":""0"",""82"":""Ors09pS----9"",""83"":""2"",""84"":""OsXYV9t--B-9"",""85"":[{""18"":""rLDHEw"",""19"":""plan"",""20"":""Free""}],""100"":""0""}","{'date': 'Wed, 13 May 2026 18:20:06 GMT', 'x-frame-options': 'DENY', 'strict-transport-security': 'max-age=63072000; includeSubDomains; preload', 'x-content-type-options': 'nosniff', 'referrer-policy': 'no-referrer', 'access-control-expose-headers': 'Date,app-types-hash', 'access-control-allow-origin': 'https://app.tuta.com', 'content-type': 'application/json;charset=utf-8', 'app-types-hash': 'oDFbYzU=', 'content-length': '50'}",,unknown_third_party
2026-05-13T18:20:06.686014,GET,app.tuta.com,/rest/tutanota/mailset/OsXZICk--J-9?start=------------&count=1000&reverse=false,0,1777,application/json;charset=utf-8,200,"{'user-agent': 'Mozilla/5.0 (X11; Ubuntu; Linux x86_64; rv:149.0) Gecko/20100101 Firefox/149.0', 'accept': 'application/json', 'accept-language': 'en-US,en;q=0.9', 'accept-encoding': 'gzip, deflate, br, zstd', 'accesstoken': 'Z4ikTNrAAUAKKVJ7oXk1Q5j1yoh0hMzWcw', 'v': '108', 'cv': '348.260506.0', 'cp': '5', 'sec-fetch-dest': 'empty', 'sec-fetch-mode': 'cors', 'sec-fetch-site': 'same-origin', 'te': 'trailers'}",,"{'date': 'Wed, 13 May 2026 18:20:06 GMT', 'x-frame-options': 'DENY', 'strict-transport-security': 'max-age=63072000; includeSubDomains; preload', 'x-content-type-options': 'nosniff', 'referrer-policy': 'no-referrer', 'access-control-expose-headers': 'Date,app-types-hash', 'content-type': 'application/json;charset=utf-8', 'app-types-hash': 'oDFbYzU=', 'cache-control': 'no-cache, no-store', 'content-length': '1777'}",,unknown_third_party
2026-05-13T18:20:06.910809,GET,app.tuta.com,/rest/tutanota/clientspamtrainingdatum/OsXZICk-0B-9?start=------------&count=1000&reverse=false,0,2,application/json;charset=utf-8,200,"{'user-agent': 'Mozilla/5.0 (X11; Ubuntu; Linux x86_64; rv:149.0) Gecko/20100101 Firefox/149.0', 'accept': 'application/json', 'accept-language': 'en-US,en;q=0.9', 'accept-encoding': 'gzip, deflate, br, zstd', 'accesstoken': 'Z4ikTNrAAUAKKVJ7oXk1Q5j1yoh0hMzWcw', 'v': '108', 'cv': '348.260506.0', 'cp': '5', 'sec-fetch-dest': 'empty', 'sec-fetch-mode': 'cors', 'sec-fetch-site': 'same-origin', 'te': 'trailers'}",,"{'date': 'Wed, 13 May 2026 18:20:06 GMT', 'x-frame-options': 'DENY', 'strict-transport-security': 'max-age=63072000; includeSubDomains; preload', 'x-content-type-options': 'nosniff', 'referrer-policy': 'no-referrer', 'access-control-expose-headers': 'Date,app-types-hash', 'content-type': 'application/json;charset=utf-8', 'app-types-hash': 'oDFbYzU=', 'cache-control': 'no-cache, no-store', 'content-length': '2'}",,unknown_third_party
2026-05-13T18:20:07.225294,GET,app.tuta.com,/rest/tutanota/mail/OsXZICk--V-9?start=OlE8R-------&count=1000&reverse=false,0,7515,application/json;charset=utf-8,200,"{'user-agent': 'Mozilla/5.0 (X11; Ubuntu; Linux x86_64; rv:149.0) Gecko/20100101 Firefox/149.0', 'accept': 'application/json', 'accept-language': 'en-US,en;q=0.9', 'accept-encoding': 'gzip, deflate, br, zstd', 'accesstoken': 'Z4ikTNrAAUAKKVJ7oXk1Q5j1yoh0hMzWcw', 'v': '108', 'dv': '150', 'cv': '348.260506.0', 'cp': '5', 'sec-fetch-dest': 'empty', 'sec-fetch-mode': 'cors', 'sec-fetch-site': 'same-origin', 'te': 'trailers'}",,"{'date': 'Wed, 13 May 2026 18:20:07 GMT', 'x-frame-options': 'DENY', 'strict-transport-security': 'max-age=63072000; includeSubDomains; preload', 'x-content-type-options': 'nosniff', 'referrer-policy': 'no-referrer', 'access-control-expose-headers': 'Date,app-types-hash', 'content-type': 'application/json;charset=utf-8', 'app-types-hash': 'oDFbYzU=', 'cache-control': 'no-cache, no-store', 'content-length': '7515'}",,unknown_third_party
2026-05-13T18:20:08.303563,GET,app.tuta.com,/rest/sys/publickeyservice?_body=%7B%22410%22%3A%220%22%2C%22411%22%3A%22system%40tutanota.de%22%2C%222244%22%3A%220%22%2C%222468%22%3A%220%22%7D,0,450,application/json;charset=utf-8,200,"{'user-agent': 'Mozilla/5.0 (X11; Ubuntu; Linux x86_64; rv:149.0) Gecko/20100101 Firefox/149.0', 'accept': 'application/json', 'accept-language': 'en-US,en;q=0.9', 'accept-encoding': 'gzip, deflate, br, zstd', 'accesstoken': 'Z4ikTNrAAUAKKVJ7oXk1Q5j1yoh0hMzWcw', 'v': '150', 'cv': '348.260506.0', 'cp': '5', 'content-type': 'application/json', 'sec-fetch-dest': 'empty', 'sec-fetch-mode': 'cors', 'sec-fetch-site': 'same-origin', 'te': 'trailers'}",,"{'date': 'Wed, 13 May 2026 18:20:08 GMT', 'x-frame-options': 'DENY', 'strict-transport-security': 'max-age=63072000; includeSubDomains; preload', 'x-content-type-options': 'nosniff', 'referrer-policy': 'no-referrer', 'access-control-expose-headers': 'Date,app-types-hash', 'content-type': 'application/json;charset=utf-8', 'app-types-hash': 'oDFbYzU=', 'cache-control': 'no-cache, no-store', 'content-length': '450'}",,unknown_third_party
2026-05-13T18:20:08.321072,GET,app.tuta.com,/rest/sys/publickeyservice?_body=%7B%22410%22%3A%220%22%2C%22411%22%3A%22system%40tutanota.de%22%2C%222244%22%3A%220%22%2C%222468%22%3A%220%22%7D,0,450,application/json;charset=utf-8,200,"{'user-agent': 'Mozilla/5.0 (X11; Ubuntu; Linux x86_64; rv:149.0) Gecko/20100101 Firefox/149.0', 'accept': 'application/json', 'accept-language': 'en-US,en;q=0.9', 'accept-encoding': 'gzip, deflate, br, zstd', 'accesstoken': 'Z4ikTNrAAUAKKVJ7oXk1Q5j1yoh0hMzWcw', 'v': '150', 'cv': '348.260506.0', 'cp': '5', 'content-type': 'application/json', 'sec-fetch-dest': 'empty', 'sec-fetch-mode': 'cors', 'sec-fetch-site': 'same-origin', 'te': 'trailers'}",,"{'date': 'Wed, 13 May 2026 18:20:08 GMT', 'x-frame-options': 'DENY', 'strict-transport-security': 'max-age=63072000; includeSubDomains; preload', 'x-content-type-options': 'nosniff', 'referrer-policy': 'no-referrer', 'access-control-expose-headers': 'Date,app-types-hash', 'content-type': 'application/json;charset=utf-8', 'app-types-hash': 'oDFbYzU=', 'cache-control': 'no-cache, no-store', 'content-length': '450'}",,unknown_third_party
2026-05-13T18:20:08.500481,POST,app.tuta.com,/rest/storage/blobaccesstokenservice,95,494,application/json;charset=utf-8,201,"{'user-agent': 'Mozilla/5.0 (X11; Ubuntu; Linux x86_64; rv:149.0) Gecko/20100101 Firefox/149.0', 'accept': 'application/json', 'accept-language': 'en-US,en;q=0.9', 'accept-encoding': 'gzip, deflate, br, zstd', 'content-type': 'application/json', 'content-length': '95', 'accesstoken': 'Z4ikTNrAAUAKKVJ7oXk1Q5j1yoh0hMzWcw', 'v': '14', 'cv': '348.260506.0', 'cp': '5', 'origin': 'https://app.tuta.com', 'sec-fetch-dest': 'empty', 'sec-fetch-mode': 'cors', 'sec-fetch-site': 'same-origin', 'te': 'trailers'}","{""78"":""0"",""80"":[],""180"":null,""181"":[{""176"":""aJjnJw"",""177"":""OsXZICj--J-9"",""178"":null,""179"":[]}]}","{'date': 'Wed, 13 May 2026 18:20:08 GMT', 'x-frame-options': 'DENY', 'strict-transport-security': 'max-age=63072000; includeSubDomains; preload', 'x-content-type-options': 'nosniff', 'referrer-policy': 'no-referrer', 'access-control-expose-headers': 'Date,app-types-hash', 'access-control-allow-origin': 'https://app.tuta.com', 'content-type': 'application/json;charset=utf-8', 'app-types-hash': 'oDFbYzU=', 'content-length': '494'}",,unknown_third_party
2026-05-13T18:20:09.222917,GET,w16.api.tuta.com,/rest/tutanota/maildetailsblob/OsXZICj--J-9?accessToken=Z4ikTNrAAUAKKVJ7oXk1Q5j1yoh0hMzWcw&v=108&ids=OsXZIDJ----F%2COsXZIEH----F&blobAccessToken=AbzXtXhdDQk8B8EAI3ngsJTXv6AUN90FgYsNNSF%2B5elJSidp1tqpHwsAhRPiTKzvdcRU6GAVbJPSXIHuLpRcMYlSwcK0Ptbig1EW8eUIlMBjuEOS5yIWUWWUby7%2FGnNQQQMD%2BMJ6BL8uyznFkAMjlpCHDsRxaMEfUoMoIstboFtfKOLcyMGDikCugKD7MnAuDz9HLMsGowiO5R0ABgFH0%2FERlSUMikfdQZl2Ap3gZvpBtYCPtMr4kN7psgS50%2B77mA%3D%3D&cv=348.260506.0,0,6605,application/json;charset=utf-8,200,"{'user-agent': 'Mozilla/5.0 (X11; Ubuntu; Linux x86_64; rv:149.0) Gecko/20100101 Firefox/149.0', 'accept': 'application/json', 'accept-language': 'en-US,en;q=0.9', 'accept-encoding': 'gzip, deflate, br, zstd', 'origin': 'https://app.tuta.com', 'sec-fetch-dest': 'empty', 'sec-fetch-mode': 'cors', 'sec-fetch-site': 'same-site', 'te': 'trailers'}",,"{'date': 'Wed, 13 May 2026 18:20:09 GMT', 'x-frame-options': 'DENY', 'strict-transport-security': 'max-age=63072000; includeSubDomains; preload', 'x-content-type-options': 'nosniff', 'referrer-policy': 'no-referrer', 'access-control-expose-headers': 'Date,app-types-hash', 'access-control-allow-origin': 'https://app.tuta.com', 'content-type': 'application/json;charset=utf-8', 'app-types-hash': 'oDFbYzU=', 'cache-control': 'no-cache, no-store', 'content-length': '6605'}",,unknown_third_party
2026-05-13T18:20:09.832864,POST,app.tuta.com,/rest/tutanota/populateclientspamtrainingdataservice,2943,0,application/json;charset=utf-8,201,"{'user-agent': 'Mozilla/5.0 (X11; Ubuntu; Linux x86_64; rv:149.0) Gecko/20100101 Firefox/149.0', 'accept': 'application/json', 'accept-language': 'en-US,en;q=0.9', 'accept-encoding': 'gzip, deflate, br, zstd', 'content-type': 'application/json', 'content-length': '2943', 'accesstoken': 'Z4ikTNrAAUAKKVJ7oXk1Q5j1yoh0hMzWcw', 'v': '108', 'cv': '348.260506.0', 'cp': '5', 'origin': 'https://app.tuta.com', 'sec-fetch-dest': 'empty', 'sec-fetch-mode': 'cors', 'sec-fetch-site': 'same-origin', 'te': 'trailers'}","{""1779"":""0"",""1780"":""OsXZICh----9"",""1781"":[{""1771"":""l79Q-A"",""1772"":""AePu/sUx0TIFPKzIF8+wLe5G2bWoDvK7n4Po1r8F/tLWp1pSBomSMbPlERMl4889dXT16pNK6js6NSL0JtcBQJyKLAab1ocz0lK1x5NbKG7L"",""1773"":""0"",""1774"":[[""OsXZICk--V-9"",""OsXZIDF--3-9""]],""1775"":""0"",""1776"":""1"",""1777"":""AVMsHXufO4DRheV7+gMIgC4Lpd5udQn6MrZpUuqCq5bV0jPQdXWzNAOnEpd6k2Mq1GbYOvw0XAD9r3YwJLwIYLny/lY+wnZj86PDwU32vPT8pUyM5319s48H4LNGg/VPJs13UiSpCPzdrd+wk5ViEOT0aoCbWoE/6yEdZJHunf6xSDa+eWBqnAZSlAV5nCK/X7HbaSOCYQicFmgeglaIxBz40iNf3bZ5kUM3ZrNCUOE7V9qM6","{'date': 'Wed, 13 May 2026 18:20:09 GMT', 'x-frame-options': 'DENY', 'strict-transport-security': 'max-age=63072000; includeSubDomains; preload', 'x-content-type-options': 'nosniff', 'referrer-policy': 'no-referrer', 'access-control-expose-headers': 'Date,app-types-hash', 'access-control-allow-origin': 'https://app.tuta.com', 'content-type': 'application/json;charset=utf-8', 'app-types-hash': 'oDFbYzU=', 'content-length': '0'}",,unknown_third_party
2026-05-13T18:20:10.032743,GET,app.tuta.com,/rest/tutanota/clientspamtrainingdatum/OsXZICk-0B-9?start=------------&count=1000&reverse=false,0,2999,application/json;charset=utf-8,200,"{'user-agent': 'Mozilla/5.0 (X11; Ubuntu; Linux x86_64; rv:149.0) Gecko/20100101 Firefox/149.0', 'accept': 'application/json', 'accept-language': 'en-US,en;q=0.9', 'accept-encoding': 'gzip, deflate, br, zstd', 'accesstoken': 'Z4ikTNrAAUAKKVJ7oXk1Q5j1yoh0hMzWcw', 'v': '108', 'cv': '348.260506.0', 'cp': '5', 'sec-fetch-dest': 'empty', 'sec-fetch-mode': 'cors', 'sec-fetch-site': 'same-origin', 'te': 'trailers'}",,"{'date': 'Wed, 13 May 2026 18:20:10 GMT', 'x-frame-options': 'DENY', 'strict-transport-security': 'max-age=63072000; includeSubDomains; preload', 'x-content-type-options': 'nosniff', 'referrer-policy': 'no-referrer', 'access-control-expose-headers': 'Date,app-types-hash', 'content-type': 'application/json;charset=utf-8', 'app-types-hash': 'oDFbYzU=', 'cache-control': 'no-cache, no-store', 'content-length': '2999'}",,unknown_third_party
2026-05-13T18:20:10.233673,GET,app.tuta.com,/rest/tutanota/clientspamtrainingdatumindexentry/OsXZICk-0F-9?start=------------&count=1000&reverse=false,0,237,application/json;charset=utf-8,200,"{'user-agent': 'Mozilla/5.0 (X11; Ubuntu; Linux x86_64; rv:149.0) Gecko/20100101 Firefox/149.0', 'accept': 'application/json', 'accept-language': 'en-US,en;q=0.9', 'accept-encoding': 'gzip, deflate, br, zstd', 'accesstoken': 'Z4ikTNrAAUAKKVJ7oXk1Q5j1yoh0hMzWcw', 'v': '108', 'cv': '348.260506.0', 'cp': '5', 'sec-fetch-dest': 'empty', 'sec-fetch-mode': 'cors', 'sec-fetch-site': 'same-origin', 'te': 'trailers'}",,"{'date': 'Wed, 13 May 2026 18:20:10 GMT', 'x-frame-options': 'DENY', 'strict-transport-security': 'max-age=63072000; includeSubDomains; preload', 'x-content-type-options': 'nosniff', 'referrer-policy': 'no-referrer', 'access-control-expose-headers': 'Date,app-types-hash', 'content-type': 'application/json;charset=utf-8', 'app-types-hash': 'oDFbYzU=', 'cache-control': 'no-cache, no-store', 'content-length': '237'}",,unknown_third_party
2026-05-13T18:20:31.743899,GET,app.tuta.com,/event?modelVersions=150.108&clientVersion=348.260506.0&userId=OsXZICX--B-9&accessToken=Z4ikTNrAAUAKKVJ7oXk1Q5j1yoh0hMzWcw&lastPhishingMarkersId=OsWr2Te--B-9,0,0,application/json;charset=utf-8,101,"{'Host': 'app.tuta.com', 'User-Agent': 'Mozilla/5.0 (X11; Ubuntu; Linux x86_64; rv:149.0) Gecko/20100101 Firefox/149.0', 'Accept': '*/*', 'Accept-Language': 'en-US,en;q=0.9', 'Accept-Encoding': 'gzip, deflate, br, zstd', 'Sec-WebSocket-Version': '13', 'Origin': 'https://app.tuta.com', 'Sec-WebSocket-Extensions': 'permessage-deflate', 'Sec-WebSocket-Key': '6lLnZ6bHUvqHHffosVYpxw==', 'Connection': 'Upgrade', 'Sec-Fetch-Dest': 'empty', 'Sec-Fetch-Mode': 'websocket', 'Sec-Fetch-Site': 'same-origin', 'Pragma': 'no-cache', 'Cache-Control': 'no-cache', 'Upgrade': 'websocket'}",,"{'Date': 'Wed, 13 May 2026 18:20:31 GMT', 'X-FRAME-OPTIONS': 'DENY', 'Strict-Transport-Security': 'max-age=63072000; includeSubDomains; preload', 'X-Content-Type-Options': 'nosniff', 'Referrer-Policy': 'no-referrer', 'Access-Control-Expose-Headers': 'Date,app-types-hash', 'Access-Control-Allow-Origin': 'https://app.tuta.com', 'Content-Type': 'application/json;charset=utf-8', 'Sec-WebSocket-Extensions': 'permessage-deflate', 'Upgrade': 'websocket', 'Sec-WebSocket-Accept': '6ZyniHQwpgepC/Q7GCYW9hUQKw0=', 'Connection': 'Upgrade'}",,unknown_third_party
2026-05-13T18:20:36.130020,DELETE,app.tuta.com,/rest/sys/session/OsXZICf--J-9/DeYOmVPEtdp0MfxKECVf6cVhcmo_acf5zynf4h_ka_I,0,0,application/json;charset=utf-8,200,"{'user-agent': 'Mozilla/5.0 (X11; Ubuntu; Linux x86_64; rv:149.0) Gecko/20100101 Firefox/149.0', 'accept': 'application/json', 'accept-language': 'en-US,en;q=0.9', 'accept-encoding': 'gzip, deflate, br, zstd', 'accesstoken': 'Z4ikTNrAAUAKKVJ7oXk1Q5j1yoh0hMzWcw', 'v': '150', 'cv': '348.260506.0', 'cp': '5', 'origin': 'https://app.tuta.com', 'sec-fetch-dest': 'empty', 'sec-fetch-mode': 'cors', 'sec-fetch-site': 'same-origin', 'te': 'trailers'}",,"{'date': 'Wed, 13 May 2026 18:20:36 GMT', 'x-frame-options': 'DENY', 'strict-transport-security': 'max-age=63072000; includeSubDomains; preload', 'x-content-type-options': 'nosniff', 'referrer-policy': 'no-referrer', 'access-control-expose-headers': 'Date,app-types-hash', 'access-control-allow-origin': 'https://app.tuta.com', 'content-type': 'application/json;charset=utf-8', 'app-types-hash': 'oDFbYzU=', 'content-length': '0'}",,unknown_third_party
2026-05-13T18:20:36.211027,GET,app.tuta.com,/rest/tutanota/clientspamtrainingdatum/OsXZICk-0B-9?start=------------&count=1000&reverse=false,0,0,application/json;charset=utf-8,401,"{'user-agent': 'Mozilla/5.0 (X11; Ubuntu; Linux x86_64; rv:149.0) Gecko/20100101 Firefox/149.0', 'accept': 'application/json', 'accept-language': 'en-US,en;q=0.9', 'accept-encoding': 'gzip, deflate, br, zstd', 'accesstoken': 'Z4ikTNrAAUAKKVJ7oXk1Q5j1yoh0hMzWcw', 'v': '108', 'cv': '348.260506.0', 'cp': '5', 'sec-fetch-dest': 'empty', 'sec-fetch-mode': 'cors', 'sec-fetch-site': 'same-origin', 'te': 'trailers'}",,"{'date': 'Wed, 13 May 2026 18:20:36 GMT', 'x-frame-options': 'DENY', 'strict-transport-security': 'max-age=63072000; includeSubDomains; preload', 'x-content-type-options': 'nosniff', 'referrer-policy': 'no-referrer', 'access-control-expose-headers': 'Date,app-types-hash', 'content-type': 'application/json;charset=utf-8', 'app-types-hash': 'oDFbYzU=', 'cache-control': 'no-cache, no-store', 'error-id': 'OsXZQco----9', 'content-length': '0'}",,unknown_third_party
2026-05-13T18:20:36.226718,GET,app.tuta.com,/rest/tutanota/clientspamtrainingdatum/OsXZICk-0B-9?start=------------&count=1000&reverse=false,0,0,application/json;charset=utf-8,401,"{'user-agent': 'Mozilla/5.0 (X11; Ubuntu; Linux x86_64; rv:149.0) Gecko/20100101 Firefox/149.0', 'accept': 'application/json', 'accept-language': 'en-US,en;q=0.9', 'accept-encoding': 'gzip, deflate, br, zstd', 'accesstoken': 'Z4ikTNrAAUAKKVJ7oXk1Q5j1yoh0hMzWcw', 'v': '108', 'cv': '348.260506.0', 'cp': '5', 'sec-fetch-dest': 'empty', 'sec-fetch-mode': 'cors', 'sec-fetch-site': 'same-origin', 'te': 'trailers'}",,"{'date': 'Wed, 13 May 2026 18:20:36 GMT', 'x-frame-options': 'DENY', 'strict-transport-security': 'max-age=63072000; includeSubDomains; preload', 'x-content-type-options': 'nosniff', 'referrer-policy': 'no-referrer', 'access-control-expose-headers': 'Date,app-types-hash', 'content-type': 'application/json;charset=utf-8', 'app-types-hash': 'oDFbYzU=', 'cache-control': 'no-cache, no-store', 'error-id': 'OsXZQd-----9', 'content-length': '0'}",,unknown_third_party
2026-05-13T18:20:37.664616,GET,app.tuta.com,/rest/sys/saltservice?_body=%7B%22418%22%3A%220%22%2C%22419%22%3A%22eptest.tuta%40tutamail.com%22%7D,0,55,application/json;charset=utf-8,200,"{'user-agent': 'Mozilla/5.0 (X11; Ubuntu; Linux x86_64; rv:149.0) Gecko/20100101 Firefox/149.0', 'accept': 'application/json', 'accept-language': 'en-US,en;q=0.9', 'accept-encoding': 'gzip, deflate, br, zstd', 'v': '150', 'cv': '348.260506.0', 'cp': '5', 'content-type': 'application/json', 'sec-fetch-dest': 'empty', 'sec-fetch-mode': 'cors', 'sec-fetch-site': 'same-origin', 'te': 'trailers'}",,"{'date': 'Wed, 13 May 2026 18:20:37 GMT', 'x-frame-options': 'DENY', 'strict-transport-security': 'max-age=63072000; includeSubDomains; preload', 'x-content-type-options': 'nosniff', 'referrer-policy': 'no-referrer', 'access-control-expose-headers': 'Date,app-types-hash', 'content-type': 'application/json;charset=utf-8', 'app-types-hash': 'oDFbYzU=', 'cache-control': 'no-cache, no-store', 'content-length': '55'}",,unknown_third_party
2026-05-13T18:20:37.931993,GET,app.tuta.com,/argon2.wasm,0,0,,304,"{'user-agent': 'Mozilla/5.0 (X11; Ubuntu; Linux x86_64; rv:149.0) Gecko/20100101 Firefox/149.0', 'accept': '*/*', 'accept-language': 'en-US,en;q=0.9', 'accept-encoding': 'gzip, deflate, br, zstd', 'sec-fetch-dest': 'empty', 'sec-fetch-mode': 'cors', 'sec-fetch-site': 'same-origin', 'if-modified-since': 'Wed, 06 May 2026 08:29:56 GMT', 'if-none-match': 'W/""///+YivY5U0/////9ewyLg""', 'priority': 'u=4', 'te': 'trailers'}",,"{'date': 'Wed, 13 May 2026 18:20:38 GMT', 'x-frame-options': 'DENY', 'strict-transport-security': 'max-age=63072000; includeSubDomains; preload', 'x-content-type-options': 'nosniff', 'referrer-policy': 'no-referrer', 'access-control-expose-headers': 'Date,app-types-hash', 'etag': 'W/""///+YivY5U0/////9ewyLg""', 'last-modified': 'Wed, 06 May 2026 08:29:56 GMT', 'accept-ranges': 'bytes', 'cache-control': 'must-revalidate,no-cache,no-store', 'content-length': '0'}",,unknown_third_party
2026-05-13T18:20:39.406910,POST,app.tuta.com,/rest/sys/sessionservice,212,90,application/json;charset=utf-8,201,"{'user-agent': 'Mozilla/5.0 (X11; Ubuntu; Linux x86_64; rv:149.0) Gecko/20100101 Firefox/149.0', 'accept': 'application/json', 'accept-language': 'en-US,en;q=0.9', 'accept-encoding': 'gzip, deflate, br, zstd', 'content-type': 'application/json', 'content-length': '212', 'v': '150', 'cv': '348.260506.0', 'cp': '5', 'origin': 'https://app.tuta.com', 'sec-fetch-dest': 'empty', 'sec-fetch-mode': 'cors', 'sec-fetch-site': 'same-origin', 'te': 'trailers'}","{""1212"":""0"",""1213"":""eptest.tuta@tutamail.com"",""1214"":""tMyUyLM8pDXwimAehyPXGuAPhf0PmI2KaMSO1phB92g"",""1215"":""Firefox Browser"",""1216"":""cb6XzyQ4s52JsUGu757UTDUZzDfGrgliHLLXqsVpOJ4="",""1217"":null,""1218"":[],""1417"":null}","{'date': 'Wed, 13 May 2026 18:20:39 GMT', 'x-frame-options': 'DENY', 'strict-transport-security': 'max-age=63072000; includeSubDomains; preload', 'x-content-type-options': 'nosniff', 'referrer-policy': 'no-referrer', 'access-control-expose-headers': 'Date,app-types-hash', 'access-control-allow-origin': 'https://app.tuta.com', 'content-type': 'application/json;charset=utf-8', 'app-types-hash': 'oDFbYzU=', 'content-length': '90'}",,unknown_third_party
2026-05-13T18:20:39.626590,GET,app.tuta.com,/rest/sys/user/OsXZICX--B-9,0,2415,application/json;charset=utf-8,200,"{'user-agent': 'Mozilla/5.0 (X11; Ubuntu; Linux x86_64; rv:149.0) Gecko/20100101 Firefox/149.0', 'accept': 'application/json', 'accept-language': 'en-US,en;q=0.9', 'accept-encoding': 'gzip, deflate, br, zstd', 'accesstoken': 'Z4ikTNrAAUAKwlR1idEVMF57aZ-V8ukO7A', 'v': '150', 'cv': '348.260506.0', 'cp': '5', 'sec-fetch-dest': 'empty', 'sec-fetch-mode': 'cors', 'sec-fetch-site': 'same-origin', 'te': 'trailers'}",,"{'date': 'Wed, 13 May 2026 18:20:39 GMT', 'x-frame-options': 'DENY', 'strict-transport-security': 'max-age=63072000; includeSubDomains; preload', 'x-content-type-options': 'nosniff', 'referrer-policy': 'no-referrer', 'access-control-expose-headers': 'Date,app-types-hash', 'content-type': 'application/json;charset=utf-8', 'app-types-hash': 'oDFbYzU=', 'cache-control': 'no-cache, no-store', 'content-length': '2415'}",,unknown_third_party
2026-05-13T18:20:39.822751,GET,app.tuta.com,/rest/sys/groupinfo/OsXZICY--V-9/OsXZICd-2V-9,0,439,application/json;charset=utf-8,200,"{'user-agent': 'Mozilla/5.0 (X11; Ubuntu; Linux x86_64; rv:149.0) Gecko/20100101 Firefox/149.0', 'accept': 'application/json', 'accept-language': 'en-US,en;q=0.9', 'accept-encoding': 'gzip, deflate, br, zstd', 'accesstoken': 'Z4ikTNrAAUAKwlR1idEVMF57aZ-V8ukO7A', 'v': '150', 'cv': '348.260506.0', 'cp': '5', 'sec-fetch-dest': 'empty', 'sec-fetch-mode': 'cors', 'sec-fetch-site': 'same-origin', 'te': 'trailers'}",,"{'date': 'Wed, 13 May 2026 18:20:39 GMT', 'x-frame-options': 'DENY', 'strict-transport-security': 'max-age=63072000; includeSubDomains; preload', 'x-content-type-options': 'nosniff', 'referrer-policy': 'no-referrer', 'access-control-expose-headers': 'Date,app-types-hash', 'content-type': 'application/json;charset=utf-8', 'app-types-hash': 'oDFbYzU=', 'cache-control': 'no-cache, no-store', 'content-length': '439'}",,unknown_third_party
2026-05-13T18:20:40.018574,GET,app.tuta.com,/rest/sys/rootinstance/OsXZICd-23-9/CHR1dGFub3RhAADY,0,117,application/json;charset=utf-8,200,"{'user-agent': 'Mozilla/5.0 (X11; Ubuntu; Linux x86_64; rv:149.0) Gecko/20100101 Firefox/149.0', 'accept': 'application/json', 'accept-language': 'en-US,en;q=0.9', 'accept-encoding': 'gzip, deflate, br, zstd', 'accesstoken': 'Z4ikTNrAAUAKwlR1idEVMF57aZ-V8ukO7A', 'v': '150', 'cv': '348.260506.0', 'cp': '5', 'sec-fetch-dest': 'empty', 'sec-fetch-mode': 'cors', 'sec-fetch-site': 'same-origin', 'te': 'trailers'}",,"{'date': 'Wed, 13 May 2026 18:20:40 GMT', 'x-frame-options': 'DENY', 'strict-transport-security': 'max-age=63072000; includeSubDomains; preload', 'x-content-type-options': 'nosniff', 'referrer-policy': 'no-referrer', 'access-control-expose-headers': 'Date,app-types-hash', 'content-type': 'application/json;charset=utf-8', 'app-types-hash': 'oDFbYzU=', 'cache-control': 'no-cache, no-store', 'content-length': '117'}",,unknown_third_party
2026-05-13T18:20:40.221673,GET,app.tuta.com,/rest/tutanota/tutanotaproperties/OsXZICl----9,0,483,application/json;charset=utf-8,200,"{'user-agent': 'Mozilla/5.0 (X11; Ubuntu; Linux x86_64; rv:149.0) Gecko/20100101 Firefox/149.0', 'accept': 'application/json', 'accept-language': 'en-US,en;q=0.9', 'accept-encoding': 'gzip, deflate, br, zstd', 'accesstoken': 'Z4ikTNrAAUAKwlR1idEVMF57aZ-V8ukO7A', 'v': '108', 'cv': '348.260506.0', 'cp': '5', 'sec-fetch-dest': 'empty', 'sec-fetch-mode': 'cors', 'sec-fetch-site': 'same-origin', 'te': 'trailers'}",,"{'date': 'Wed, 13 May 2026 18:20:40 GMT', 'x-frame-options': 'DENY', 'strict-transport-security': 'max-age=63072000; includeSubDomains; preload', 'x-content-type-options': 'nosniff', 'referrer-policy': 'no-referrer', 'access-control-expose-headers': 'Date,app-types-hash', 'content-type': 'application/json;charset=utf-8', 'app-types-hash': 'oDFbYzU=', 'cache-control': 'no-cache, no-store', 'content-length': '483'}",,unknown_third_party
2026-05-13T18:20:40.427992,GET,app.tuta.com,/rest/sys/rolloutservice,0,22,application/json;charset=utf-8,200,"{'user-agent': 'Mozilla/5.0 (X11; Ubuntu; Linux x86_64; rv:149.0) Gecko/20100101 Firefox/149.0', 'accept': 'application/json', 'accept-language': 'en-US,en;q=0.9', 'accept-encoding': 'gzip, deflate, br, zstd', 'accesstoken': 'Z4ikTNrAAUAKwlR1idEVMF57aZ-V8ukO7A', 'v': '150', 'cv': '348.260506.0', 'cp': '5', 'sec-fetch-dest': 'empty', 'sec-fetch-mode': 'cors', 'sec-fetch-site': 'same-origin', 'te': 'trailers'}",,"{'date': 'Wed, 13 May 2026 18:20:40 GMT', 'x-frame-options': 'DENY', 'strict-transport-security': 'max-age=63072000; includeSubDomains; preload', 'x-content-type-options': 'nosniff', 'referrer-policy': 'no-referrer', 'access-control-expose-headers': 'Date,app-types-hash', 'content-type': 'application/json;charset=utf-8', 'app-types-hash': 'oDFbYzU=', 'cache-control': 'no-cache, no-store', 'content-length': '22'}",,unknown_third_party
2026-05-13T18:20:41.989177,GET,app.tuta.com,/sw.js,0,6974,text/javascript;charset=utf-8,200,"{'user-agent': 'Mozilla/5.0 (X11; Ubuntu; Linux x86_64; rv:149.0) Gecko/20100101 Firefox/149.0', 'accept': '*/*', 'accept-language': 'en-US,en;q=0.9', 'accept-encoding': 'gzip, deflate, br, zstd', 'service-worker': 'script', 'sec-fetch-dest': 'serviceworker', 'sec-fetch-mode': 'same-origin', 'sec-fetch-site': 'same-origin', 'priority': 'u=4', 'cache-control': 'max-age=0', 'te': 'trailers'}",,"{'date': 'Wed, 13 May 2026 18:20:42 GMT', 'x-frame-options': 'DENY', 'strict-transport-security': 'max-age=63072000; includeSubDomains; preload', 'x-content-type-options': 'nosniff', 'referrer-policy': 'no-referrer', 'access-control-expose-headers': 'Date,app-types-hash', 'vary': 'Accept-Encoding', 'content-encoding': 'gzip', 'etag': 'W/""///+YghpARs//////QBzxU--gzip""', 'last-modified': 'Wed, 06 May 2026 08:30:22 GMT', 'content-length': '2724', 'content-type': 'text/javascript;charset=utf-8', 'accept-ranges': 'bytes', 'cache-control': 'no-cache,public,no-transform'}",,unknown_third_party
2026-05-13T18:20:43.015379,GET,app.tuta.com,/sw.js,0,0,,304,"{'user-agent': 'Mozilla/5.0 (X11; Ubuntu; Linux x86_64; rv:149.0) Gecko/20100101 Firefox/149.0', 'accept': '*/*', 'accept-language': 'en-US,en;q=0.9', 'accept-encoding': 'gzip, deflate, br, zstd', 'service-worker': 'script', 'sec-fetch-dest': 'serviceworker', 'sec-fetch-mode': 'same-origin', 'sec-fetch-site': 'same-origin', 'if-modified-since': 'Wed, 06 May 2026 08:30:22 GMT', 'if-none-match': 'W/""///+YghpARs//////QBzxU--gzip""', 'priority': 'u=4', 'cache-control': 'max-age=0', 'te': 'trailers'}",,"{'date': 'Wed, 13 May 2026 18:20:43 GMT', 'x-frame-options': 'DENY', 'strict-transport-security': 'max-age=63072000; includeSubDomains; preload', 'x-content-type-options': 'nosniff', 'referrer-policy': 'no-referrer', 'access-control-expose-headers': 'Date,app-types-hash', 'etag': 'W/""///+YghpARs//////QBzxU--gzip""', 'last-modified': 'Wed, 06 May 2026 08:30:22 GMT', 'accept-ranges': 'bytes', 'cache-control': 'must-revalidate,no-cache,no-store', 'content-length': '0'}",,unknown_third_party
2026-05-13T18:20:43.441920,GET,app.tuta.com,/rest/sys/session/OsXZICf--J-9/qL-t9Zxicx_EusuyKc5hNoepbl9eGoB-8myWMpZjnqE,0,492,application/json;charset=utf-8,200,"{'user-agent': 'Mozilla/5.0 (X11; Ubuntu; Linux x86_64; rv:149.0) Gecko/20100101 Firefox/149.0', 'accept': 'application/json', 'accept-language': 'en-US,en;q=0.9', 'accept-encoding': 'gzip, deflate, br, zstd', 'accesstoken': 'Z4ikTNrAAUAKwlR1idEVMF57aZ-V8ukO7A', 'v': '150', 'cv': '348.260506.0', 'cp': '5', 'sec-fetch-dest': 'empty', 'sec-fetch-mode': 'cors', 'sec-fetch-site': 'same-origin', 'te': 'trailers'}",,"{'date': 'Wed, 13 May 2026 18:20:43 GMT', 'x-frame-options': 'DENY', 'strict-transport-security': 'max-age=63072000; includeSubDomains; preload', 'x-content-type-options': 'nosniff', 'referrer-policy': 'no-referrer', 'access-control-expose-headers': 'Date,app-types-hash', 'content-type': 'application/json;charset=utf-8', 'app-types-hash': 'oDFbYzU=', 'cache-control': 'no-cache, no-store', 'content-length': '492'}",,unknown_third_party
2026-05-13T18:20:43.661573,GET,app.tuta.com,/rest/sys/saltservice?_body=%7B%22418%22%3A%220%22%2C%22419%22%3A%22eptest.tuta%40tutamail.com%22%7D,0,55,application/json;charset=utf-8,200,"{'user-agent': 'Mozilla/5.0 (X11; Ubuntu; Linux x86_64; rv:149.0) Gecko/20100101 Firefox/149.0', 'accept': 'application/json', 'accept-language': 'en-US,en;q=0.9', 'accept-encoding': 'gzip, deflate, br, zstd', 'accesstoken': 'Z4ikTNrAAUAKwlR1idEVMF57aZ-V8ukO7A', 'v': '150', 'cv': '348.260506.0', 'cp': '5', 'content-type': 'application/json', 'sec-fetch-dest': 'empty', 'sec-fetch-mode': 'cors', 'sec-fetch-site': 'same-origin', 'te': 'trailers'}",,"{'date': 'Wed, 13 May 2026 18:20:43 GMT', 'x-frame-options': 'DENY', 'strict-transport-security': 'max-age=63072000; includeSubDomains; preload', 'x-content-type-options': 'nosniff', 'referrer-policy': 'no-referrer', 'access-control-expose-headers': 'Date,app-types-hash', 'content-type': 'application/json;charset=utf-8', 'app-types-hash': 'oDFbYzU=', 'cache-control': 'no-cache, no-store', 'content-length': '55'}",,unknown_third_party
2026-05-13T18:20:43.824637,GET,app.tuta.com,/rest/base/applicationtypesservice,0,85477,application/octet-stream,200,"{'user-agent': 'Mozilla/5.0 (X11; Ubuntu; Linux x86_64; rv:149.0) Gecko/20100101 Firefox/149.0', 'accept': 'application/octet-stream', 'accept-language': 'en-US,en;q=0.9', 'accept-encoding': 'gzip, deflate, br, zstd', 'v': '2', 'cv': '348.260506.0', 'cp': '5', 'sec-fetch-dest': 'empty', 'sec-fetch-mode': 'cors', 'sec-fetch-site': 'same-origin', 'te': 'trailers'}",,"{'date': 'Wed, 13 May 2026 18:20:44 GMT', 'x-frame-options': 'DENY', 'strict-transport-security': 'max-age=63072000; includeSubDomains; preload', 'x-content-type-options': 'nosniff', 'referrer-policy': 'no-referrer', 'access-control-expose-headers': 'Date,app-types-hash', 'content-type': 'application/octet-stream', 'cache-control': 'no-cache, no-store', 'content-length': '85477'}",,unknown_third_party
2026-05-13T18:20:44.604007,GET,app.tuta.com,/argon2.wasm,0,16981,application/wasm,200,"{'user-agent': 'Mozilla/5.0 (X11; Ubuntu; Linux x86_64; rv:149.0) Gecko/20100101 Firefox/149.0', 'accept': '*/*', 'accept-language': 'en-US,en;q=0.9', 'accept-encoding': 'gzip, deflate, br, zstd', 'sec-fetch-dest': 'empty', 'sec-fetch-mode': 'cors', 'sec-fetch-site': 'same-origin', 'priority': 'u=4', 'te': 'trailers'}",,"{'date': 'Wed, 13 May 2026 18:20:44 GMT', 'x-frame-options': 'DENY', 'strict-transport-security': 'max-age=63072000; includeSubDomains; preload', 'x-content-type-options': 'nosniff', 'referrer-policy': 'no-referrer', 'access-control-expose-headers': 'Date,app-types-hash', 'etag': 'W/""///+YivY5U0/////9ewyLg""', 'last-modified': 'Wed, 06 May 2026 08:29:56 GMT', 'content-length': '16981', 'content-type': 'application/wasm', 'accept-ranges': 'bytes', 'cache-control': 'no-cache,public,no-transform'}",,unknown_third_party
2026-05-13T18:20:45.348185,GET,app.tuta.com,/rest/sys/user/OsXZICX--B-9,0,2415,application/json;charset=utf-8,200,"{'user-agent': 'Mozilla/5.0 (X11; Ubuntu; Linux x86_64; rv:149.0) Gecko/20100101 Firefox/149.0', 'accept': 'application/json', 'accept-language': 'en-US,en;q=0.9', 'accept-encoding': 'gzip, deflate, br, zstd', 'accesstoken': 'Z4ikTNrAAUAKwlR1idEVMF57aZ-V8ukO7A', 'v': '150', 'cv': '348.260506.0', 'cp': '5', 'sec-fetch-dest': 'empty', 'sec-fetch-mode': 'cors', 'sec-fetch-site': 'same-origin', 'te': 'trailers'}",,"{'date': 'Wed, 13 May 2026 18:20:45 GMT', 'x-frame-options': 'DENY', 'strict-transport-security': 'max-age=63072000; includeSubDomains; preload', 'x-content-type-options': 'nosniff', 'referrer-policy': 'no-referrer', 'access-control-expose-headers': 'Date,app-types-hash', 'content-type': 'application/json;charset=utf-8', 'app-types-hash': 'oDFbYzU=', 'cache-control': 'no-cache, no-store', 'content-length': '2415'}",,unknown_third_party
2026-05-13T18:20:45.526023,GET,app.tuta.com,/rest/sys/groupinfo/OsXZICY--V-9/OsXZICd-2V-9,0,439,application/json;charset=utf-8,200,"{'user-agent': 'Mozilla/5.0 (X11; Ubuntu; Linux x86_64; rv:149.0) Gecko/20100101 Firefox/149.0', 'accept': 'application/json', 'accept-language': 'en-US,en;q=0.9', 'accept-encoding': 'gzip, deflate, br, zstd', 'accesstoken': 'Z4ikTNrAAUAKwlR1idEVMF57aZ-V8ukO7A', 'v': '150', 'cv': '348.260506.0', 'cp': '5', 'sec-fetch-dest': 'empty', 'sec-fetch-mode': 'cors', 'sec-fetch-site': 'same-origin', 'te': 'trailers'}",,"{'date': 'Wed, 13 May 2026 18:20:45 GMT', 'x-frame-options': 'DENY', 'strict-transport-security': 'max-age=63072000; includeSubDomains; preload', 'x-content-type-options': 'nosniff', 'referrer-policy': 'no-referrer', 'access-control-expose-headers': 'Date,app-types-hash', 'content-type': 'application/json;charset=utf-8', 'app-types-hash': 'oDFbYzU=', 'cache-control': 'no-cache, no-store', 'content-length': '439'}",,unknown_third_party
2026-05-13T18:20:45.717209,GET,app.tuta.com,/rest/sys/rootinstance/OsXZICd-23-9/CHR1dGFub3RhAADY,0,117,application/json;charset=utf-8,200,"{'user-agent': 'Mozilla/5.0 (X11; Ubuntu; Linux x86_64; rv:149.0) Gecko/20100101 Firefox/149.0', 'accept': 'application/json', 'accept-language': 'en-US,en;q=0.9', 'accept-encoding': 'gzip, deflate, br, zstd', 'accesstoken': 'Z4ikTNrAAUAKwlR1idEVMF57aZ-V8ukO7A', 'v': '150', 'cv': '348.260506.0', 'cp': '5', 'sec-fetch-dest': 'empty', 'sec-fetch-mode': 'cors', 'sec-fetch-site': 'same-origin', 'te': 'trailers'}",,"{'date': 'Wed, 13 May 2026 18:20:45 GMT', 'x-frame-options': 'DENY', 'strict-transport-security': 'max-age=63072000; includeSubDomains; preload', 'x-content-type-options': 'nosniff', 'referrer-policy': 'no-referrer', 'access-control-expose-headers': 'Date,app-types-hash', 'content-type': 'application/json;charset=utf-8', 'app-types-hash': 'oDFbYzU=', 'cache-control': 'no-cache, no-store', 'content-length': '117'}",,unknown_third_party
2026-05-13T18:20:45.910057,GET,app.tuta.com,/rest/tutanota/tutanotaproperties/OsXZICl----9,0,483,application/json;charset=utf-8,200,"{'user-agent': 'Mozilla/5.0 (X11; Ubuntu; Linux x86_64; rv:149.0) Gecko/20100101 Firefox/149.0', 'accept': 'application/json', 'accept-language': 'en-US,en;q=0.9', 'accept-encoding': 'gzip, deflate, br, zstd', 'accesstoken': 'Z4ikTNrAAUAKwlR1idEVMF57aZ-V8ukO7A', 'v': '108', 'cv': '348.260506.0', 'cp': '5', 'sec-fetch-dest': 'empty', 'sec-fetch-mode': 'cors', 'sec-fetch-site': 'same-origin', 'te': 'trailers'}",,"{'date': 'Wed, 13 May 2026 18:20:45 GMT', 'x-frame-options': 'DENY', 'strict-transport-security': 'max-age=63072000; includeSubDomains; preload', 'x-content-type-options': 'nosniff', 'referrer-policy': 'no-referrer', 'access-control-expose-headers': 'Date,app-types-hash', 'content-type': 'application/json;charset=utf-8', 'app-types-hash': 'oDFbYzU=', 'cache-control': 'no-cache, no-store', 'content-length': '483'}",,unknown_third_party
2026-05-13T18:20:46.100723,GET,app.tuta.com,/rest/sys/rolloutservice,0,22,application/json;charset=utf-8,200,"{'user-agent': 'Mozilla/5.0 (X11; Ubuntu; Linux x86_64; rv:149.0) Gecko/20100101 Firefox/149.0', 'accept': 'application/json', 'accept-language': 'en-US,en;q=0.9', 'accept-encoding': 'gzip, deflate, br, zstd', 'accesstoken': 'Z4ikTNrAAUAKwlR1idEVMF57aZ-V8ukO7A', 'v': '150', 'cv': '348.260506.0', 'cp': '5', 'sec-fetch-dest': 'empty', 'sec-fetch-mode': 'cors', 'sec-fetch-site': 'same-origin', 'te': 'trailers'}",,"{'date': 'Wed, 13 May 2026 18:20:46 GMT', 'x-frame-options': 'DENY', 'strict-transport-security': 'max-age=63072000; includeSubDomains; preload', 'x-content-type-options': 'nosniff', 'referrer-policy': 'no-referrer', 'access-control-expose-headers': 'Date,app-types-hash', 'content-type': 'application/json;charset=utf-8', 'app-types-hash': 'oDFbYzU=', 'cache-control': 'no-cache, no-store', 'content-length': '22'}",,unknown_third_party
2026-05-13T18:20:46.287067,GET,app.tuta.com,/rest/tutanota/usersettingsgrouproot/OsXZICd-23-9,0,441,application/json;charset=utf-8,200,"{'user-agent': 'Mozilla/5.0 (X11; Ubuntu; Linux x86_64; rv:149.0) Gecko/20100101 Firefox/149.0', 'accept': 'application/json', 'accept-language': 'en-US,en;q=0.9', 'accept-encoding': 'gzip, deflate, br, zstd', 'accesstoken': 'Z4ikTNrAAUAKwlR1idEVMF57aZ-V8ukO7A', 'v': '108', 'cv': '348.260506.0', 'cp': '5', 'sec-fetch-dest': 'empty', 'sec-fetch-mode': 'cors', 'sec-fetch-site': 'same-origin', 'te': 'trailers'}",,"{'date': 'Wed, 13 May 2026 18:20:46 GMT', 'x-frame-options': 'DENY', 'strict-transport-security': 'max-age=63072000; includeSubDomains; preload', 'x-content-type-options': 'nosniff', 'referrer-policy': 'no-referrer', 'access-control-expose-headers': 'Date,app-types-hash', 'content-type': 'application/json;charset=utf-8', 'app-types-hash': 'oDFbYzU=', 'cache-control': 'no-cache, no-store', 'content-length': '441'}",,unknown_third_party
2026-05-13T18:20:46.297498,GET,app.tuta.com,/rest/sys/customer/OsXZICY--F-9,0,559,application/json;charset=utf-8,200,"{'user-agent': 'Mozilla/5.0 (X11; Ubuntu; Linux x86_64; rv:149.0) Gecko/20100101 Firefox/149.0', 'accept': 'application/json', 'accept-language': 'en-US,en;q=0.9', 'accept-encoding': 'gzip, deflate, br, zstd', 'accesstoken': 'Z4ikTNrAAUAKwlR1idEVMF57aZ-V8ukO7A', 'v': '150', 'cv': '348.260506.0', 'cp': '5', 'sec-fetch-dest': 'empty', 'sec-fetch-mode': 'cors', 'sec-fetch-site': 'same-origin', 'te': 'trailers'}",,"{'date': 'Wed, 13 May 2026 18:20:46 GMT', 'x-frame-options': 'DENY', 'strict-transport-security': 'max-age=63072000; includeSubDomains; preload', 'x-content-type-options': 'nosniff', 'referrer-policy': 'no-referrer', 'access-control-expose-headers': 'Date,app-types-hash', 'content-type': 'application/json;charset=utf-8', 'app-types-hash': 'oDFbYzU=', 'cache-control': 'no-cache, no-store', 'content-length': '559'}",,unknown_third_party
2026-05-13T18:20:46.427705,GET,app.tuta.com,/rest/sys/rootinstance/OsXZICd-23-9/CHR1dGFub3RhAACZ,0,117,application/json;charset=utf-8,200,"{'user-agent': 'Mozilla/5.0 (X11; Ubuntu; Linux x86_64; rv:149.0) Gecko/20100101 Firefox/149.0', 'accept': 'application/json', 'accept-language': 'en-US,en;q=0.9', 'accept-encoding': 'gzip, deflate, br, zstd', 'accesstoken': 'Z4ikTNrAAUAKwlR1idEVMF57aZ-V8ukO7A', 'v': '150', 'cv': '348.260506.0', 'cp': '5', 'sec-fetch-dest': 'empty', 'sec-fetch-mode': 'cors', 'sec-fetch-site': 'same-origin', 'te': 'trailers'}",,"{'date': 'Wed, 13 May 2026 18:20:46 GMT', 'x-frame-options': 'DENY', 'strict-transport-security': 'max-age=63072000; includeSubDomains; preload', 'x-content-type-options': 'nosniff', 'referrer-policy': 'no-referrer', 'access-control-expose-headers': 'Date,app-types-hash', 'content-type': 'application/json;charset=utf-8', 'app-types-hash': 'oDFbYzU=', 'cache-control': 'no-cache, no-store', 'content-length': '117'}",,unknown_third_party
2026-05-13T18:20:46.571596,GET,app.tuta.com,/rest/tutanota/mailboxgrouproot/OsXZICh----9,0,201,application/json;charset=utf-8,200,"{'user-agent': 'Mozilla/5.0 (X11; Ubuntu; Linux x86_64; rv:149.0) Gecko/20100101 Firefox/149.0', 'accept': 'application/json', 'accept-language': 'en-US,en;q=0.9', 'accept-encoding': 'gzip, deflate, br, zstd', 'accesstoken': 'Z4ikTNrAAUAKwlR1idEVMF57aZ-V8ukO7A', 'v': '108', 'cv': '348.260506.0', 'cp': '5', 'sec-fetch-dest': 'empty', 'sec-fetch-mode': 'cors', 'sec-fetch-site': 'same-origin', 'te': 'trailers'}",,"{'date': 'Wed, 13 May 2026 18:20:46 GMT', 'x-frame-options': 'DENY', 'strict-transport-security': 'max-age=63072000; includeSubDomains; preload', 'x-content-type-options': 'nosniff', 'referrer-policy': 'no-referrer', 'access-control-expose-headers': 'Date,app-types-hash', 'content-type': 'application/json;charset=utf-8', 'app-types-hash': 'oDFbYzU=', 'cache-control': 'no-cache, no-store', 'content-length': '201'}",,unknown_third_party
2026-05-13T18:20:46.572714,GET,app.tuta.com,/rest/sys/groupinfo/OsXZICY--s-9/OsXZICh--R-9,0,329,application/json;charset=utf-8,200,"{'user-agent': 'Mozilla/5.0 (X11; Ubuntu; Linux x86_64; rv:149.0) Gecko/20100101 Firefox/149.0', 'accept': 'application/json', 'accept-language': 'en-US,en;q=0.9', 'accept-encoding': 'gzip, deflate, br, zstd', 'accesstoken': 'Z4ikTNrAAUAKwlR1idEVMF57aZ-V8ukO7A', 'v': '150', 'cv': '348.260506.0', 'cp': '5', 'sec-fetch-dest': 'empty', 'sec-fetch-mode': 'cors', 'sec-fetch-site': 'same-origin', 'te': 'trailers'}",,"{'date': 'Wed, 13 May 2026 18:20:46 GMT', 'x-frame-options': 'DENY', 'strict-transport-security': 'max-age=63072000; includeSubDomains; preload', 'x-content-type-options': 'nosniff', 'referrer-policy': 'no-referrer', 'access-control-expose-headers': 'Date,app-types-hash', 'content-type': 'application/json;charset=utf-8', 'app-types-hash': 'oDFbYzU=', 'cache-control': 'no-cache, no-store', 'content-length': '329'}",,unknown_third_party
2026-05-13T18:20:46.573983,GET,app.tuta.com,/rest/sys/group/OsXZICh----9,0,394,application/json;charset=utf-8,200,"{'user-agent': 'Mozilla/5.0 (X11; Ubuntu; Linux x86_64; rv:149.0) Gecko/20100101 Firefox/149.0', 'accept': 'application/json', 'accept-language': 'en-US,en;q=0.9', 'accept-encoding': 'gzip, deflate, br, zstd', 'accesstoken': 'Z4ikTNrAAUAKwlR1idEVMF57aZ-V8ukO7A', 'v': '150', 'cv': '348.260506.0', 'cp': '5', 'sec-fetch-dest': 'empty', 'sec-fetch-mode': 'cors', 'sec-fetch-site': 'same-origin', 'te': 'trailers'}",,"{'date': 'Wed, 13 May 2026 18:20:46 GMT', 'x-frame-options': 'DENY', 'strict-transport-security': 'max-age=63072000; includeSubDomains; preload', 'x-content-type-options': 'nosniff', 'referrer-policy': 'no-referrer', 'access-control-expose-headers': 'Date,app-types-hash', 'content-type': 'application/json;charset=utf-8', 'app-types-hash': 'oDFbYzU=', 'cache-control': 'no-cache, no-store', 'content-length': '394'}",,unknown_third_party
2026-05-13T18:20:46.616053,GET,app.tuta.com,/rest/tutanota/contactlist/OsXZICl--F-9,0,285,application/json;charset=utf-8,200,"{'user-agent': 'Mozilla/5.0 (X11; Ubuntu; Linux x86_64; rv:149.0) Gecko/20100101 Firefox/149.0', 'accept': 'application/json', 'accept-language': 'en-US,en;q=0.9', 'accept-encoding': 'gzip, deflate, br, zstd', 'accesstoken': 'Z4ikTNrAAUAKwlR1idEVMF57aZ-V8ukO7A', 'v': '108', 'cv': '348.260506.0', 'cp': '5', 'sec-fetch-dest': 'empty', 'sec-fetch-mode': 'cors', 'sec-fetch-site': 'same-origin', 'te': 'trailers'}",,"{'date': 'Wed, 13 May 2026 18:20:46 GMT', 'x-frame-options': 'DENY', 'strict-transport-security': 'max-age=63072000; includeSubDomains; preload', 'x-content-type-options': 'nosniff', 'referrer-policy': 'no-referrer', 'access-control-expose-headers': 'Date,app-types-hash', 'content-type': 'application/json;charset=utf-8', 'app-types-hash': 'oDFbYzU=', 'cache-control': 'no-cache, no-store', 'content-length': '285'}",,unknown_third_party
2026-05-13T18:20:46.756756,GET,app.tuta.com,/rest/tutanota/mailbox/OsXZICk--g-9,0,601,application/json;charset=utf-8,200,"{'user-agent': 'Mozilla/5.0 (X11; Ubuntu; Linux x86_64; rv:149.0) Gecko/20100101 Firefox/149.0', 'accept': 'application/json', 'accept-language': 'en-US,en;q=0.9', 'accept-encoding': 'gzip, deflate, br, zstd', 'accesstoken': 'Z4ikTNrAAUAKwlR1idEVMF57aZ-V8ukO7A', 'v': '108', 'cv': '348.260506.0', 'cp': '5', 'sec-fetch-dest': 'empty', 'sec-fetch-mode': 'cors', 'sec-fetch-site': 'same-origin', 'te': 'trailers'}",,"{'date': 'Wed, 13 May 2026 18:20:46 GMT', 'x-frame-options': 'DENY', 'strict-transport-security': 'max-age=63072000; includeSubDomains; preload', 'x-content-type-options': 'nosniff', 'referrer-policy': 'no-referrer', 'access-control-expose-headers': 'Date,app-types-hash', 'content-type': 'application/json;charset=utf-8', 'app-types-hash': 'oDFbYzU=', 'cache-control': 'no-cache, no-store', 'content-length': '601'}",,unknown_third_party
2026-05-13T18:20:46.790482,GET,app.tuta.com,/rest/tutanota/contact/OsXZICl--N-9?start=------------&count=1000&reverse=false,0,2,application/json;charset=utf-8,200,"{'user-agent': 'Mozilla/5.0 (X11; Ubuntu; Linux x86_64; rv:149.0) Gecko/20100101 Firefox/149.0', 'accept': 'application/json', 'accept-language': 'en-US,en;q=0.9', 'accept-encoding': 'gzip, deflate, br, zstd', 'accesstoken': 'Z4ikTNrAAUAKwlR1idEVMF57aZ-V8ukO7A', 'v': '108', 'cv': '348.260506.0', 'cp': '5', 'sec-fetch-dest': 'empty', 'sec-fetch-mode': 'cors', 'sec-fetch-site': 'same-origin', 'te': 'trailers'}",,"{'date': 'Wed, 13 May 2026 18:20:46 GMT', 'x-frame-options': 'DENY', 'strict-transport-security': 'max-age=63072000; includeSubDomains; preload', 'x-content-type-options': 'nosniff', 'referrer-policy': 'no-referrer', 'access-control-expose-headers': 'Date,app-types-hash', 'content-type': 'application/json;charset=utf-8', 'app-types-hash': 'oDFbYzU=', 'cache-control': 'no-cache, no-store', 'content-length': '2'}",,unknown_third_party
2026-05-13T18:20:46.949416,GET,app.tuta.com,/rest/tutanota/mailset/OsXZICk--J-9?start=------------&count=1000&reverse=false,0,1777,application/json;charset=utf-8,200,"{'user-agent': 'Mozilla/5.0 (X11; Ubuntu; Linux x86_64; rv:149.0) Gecko/20100101 Firefox/149.0', 'accept': 'application/json', 'accept-language': 'en-US,en;q=0.9', 'accept-encoding': 'gzip, deflate, br, zstd', 'accesstoken': 'Z4ikTNrAAUAKwlR1idEVMF57aZ-V8ukO7A', 'v': '108', 'cv': '348.260506.0', 'cp': '5', 'sec-fetch-dest': 'empty', 'sec-fetch-mode': 'cors', 'sec-fetch-site': 'same-origin', 'te': 'trailers'}",,"{'date': 'Wed, 13 May 2026 18:20:47 GMT', 'x-frame-options': 'DENY', 'strict-transport-security': 'max-age=63072000; includeSubDomains; preload', 'x-content-type-options': 'nosniff', 'referrer-policy': 'no-referrer', 'access-control-expose-headers': 'Date,app-types-hash', 'content-type': 'application/json;charset=utf-8', 'app-types-hash': 'oDFbYzU=', 'cache-control': 'no-cache, no-store', 'content-length': '1777'}",,unknown_third_party
2026-05-13T18:20:46.958396,GET,app.tuta.com,/rest/tutanota/mailset/OsXZICk--J-9?start=------------&count=1000&reverse=false,0,1777,application/json;charset=utf-8,200,"{'user-agent': 'Mozilla/5.0 (X11; Ubuntu; Linux x86_64; rv:149.0) Gecko/20100101 Firefox/149.0', 'accept': 'application/json', 'accept-language': 'en-US,en;q=0.9', 'accept-encoding': 'gzip, deflate, br, zstd', 'accesstoken': 'Z4ikTNrAAUAKwlR1idEVMF57aZ-V8ukO7A', 'v': '108', 'cv': '348.260506.0', 'cp': '5', 'sec-fetch-dest': 'empty', 'sec-fetch-mode': 'cors', 'sec-fetch-site': 'same-origin', 'te': 'trailers'}",,"{'date': 'Wed, 13 May 2026 18:20:47 GMT', 'x-frame-options': 'DENY', 'strict-transport-security': 'max-age=63072000; includeSubDomains; preload', 'x-content-type-options': 'nosniff', 'referrer-policy': 'no-referrer', 'access-control-expose-headers': 'Date,app-types-hash', 'content-type': 'application/json;charset=utf-8', 'app-types-hash': 'oDFbYzU=', 'cache-control': 'no-cache, no-store', 'content-length': '1777'}",,unknown_third_party
2026-05-13T18:20:47.378127,GET,app.tuta.com,/event?modelVersions=150.108&clientVersion=348.260506.0&userId=OsXZICX--B-9&accessToken=Z4ikTNrAAUAKwlR1idEVMF57aZ-V8ukO7A,0,0,application/json;charset=utf-8,101,"{'Host': 'app.tuta.com', 'User-Agent': 'Mozilla/5.0 (X11; Ubuntu; Linux x86_64; rv:149.0) Gecko/20100101 Firefox/149.0', 'Accept': '*/*', 'Accept-Language': 'en-US,en;q=0.9', 'Accept-Encoding': 'gzip, deflate, br, zstd', 'Sec-WebSocket-Version': '13', 'Origin': 'https://app.tuta.com', 'Sec-WebSocket-Extensions': 'permessage-deflate', 'Sec-WebSocket-Key': '1id1K0mjgHDv1diEVExJ0A==', 'Connection': 'Upgrade', 'Sec-Fetch-Dest': 'empty', 'Sec-Fetch-Mode': 'websocket', 'Sec-Fetch-Site': 'same-origin', 'Pragma': 'no-cache', 'Cache-Control': 'no-cache', 'Upgrade': 'websocket'}",,"{'Date': 'Wed, 13 May 2026 18:20:47 GMT', 'X-FRAME-OPTIONS': 'DENY', 'Strict-Transport-Security': 'max-age=63072000; includeSubDomains; preload', 'X-Content-Type-Options': 'nosniff', 'Referrer-Policy': 'no-referrer', 'Access-Control-Expose-Headers': 'Date,app-types-hash', 'Access-Control-Allow-Origin': 'https://app.tuta.com', 'Content-Type': 'application/json;charset=utf-8', 'Sec-WebSocket-Extensions': 'permessage-deflate', 'Upgrade': 'websocket', 'Sec-WebSocket-Accept': 'RSSJs0mwUNr5yFLoSKYamr1CAJk=', 'Connection': 'Upgrade'}",,unknown_third_party
2026-05-13T18:20:47.523115,GET,app.tuta.com,/rest/sys/rootinstance/OsXZICd-23-9/CHR1dGFub3RhAADY,0,117,application/json;charset=utf-8,200,"{'user-agent': 'Mozilla/5.0 (X11; Ubuntu; Linux x86_64; rv:149.0) Gecko/20100101 Firefox/149.0', 'accept': 'application/json', 'accept-language': 'en-US,en;q=0.9', 'accept-encoding': 'gzip, deflate, br, zstd', 'accesstoken': 'Z4ikTNrAAUAKwlR1idEVMF57aZ-V8ukO7A', 'v': '150', 'cv': '348.260506.0', 'cp': '5', 'sec-fetch-dest': 'empty', 'sec-fetch-mode': 'cors', 'sec-fetch-site': 'same-origin', 'te': 'trailers'}",,"{'date': 'Wed, 13 May 2026 18:20:47 GMT', 'x-frame-options': 'DENY', 'strict-transport-security': 'max-age=63072000; includeSubDomains; preload', 'x-content-type-options': 'nosniff', 'referrer-policy': 'no-referrer', 'access-control-expose-headers': 'Date,app-types-hash', 'content-type': 'application/json;charset=utf-8', 'app-types-hash': 'oDFbYzU=', 'cache-control': 'no-cache, no-store', 'content-length': '117'}",,unknown_third_party
2026-05-13T18:20:47.525841,GET,app.tuta.com,/rest/sys/customerinfo/JDpWrwY--7-0/OsXZICY--B-9,0,548,application/json;charset=utf-8,200,"{'user-agent': 'Mozilla/5.0 (X11; Ubuntu; Linux x86_64; rv:149.0) Gecko/20100101 Firefox/149.0', 'accept': 'application/json', 'accept-language': 'en-US,en;q=0.9', 'accept-encoding': 'gzip, deflate, br, zstd', 'accesstoken': 'Z4ikTNrAAUAKwlR1idEVMF57aZ-V8ukO7A', 'v': '150', 'cv': '348.260506.0', 'cp': '5', 'sec-fetch-dest': 'empty', 'sec-fetch-mode': 'cors', 'sec-fetch-site': 'same-origin', 'te': 'trailers'}",,"{'date': 'Wed, 13 May 2026 18:20:47 GMT', 'x-frame-options': 'DENY', 'strict-transport-security': 'max-age=63072000; includeSubDomains; preload', 'x-content-type-options': 'nosniff', 'referrer-policy': 'no-referrer', 'access-control-expose-headers': 'Date,app-types-hash', 'content-type': 'application/json;charset=utf-8', 'app-types-hash': 'oDFbYzU=', 'cache-control': 'no-cache, no-store', 'content-length': '548'}",,unknown_third_party
2026-05-13T18:20:47.679763,GET,app.tuta.com,/rest/sys/customer/OsXZICY--F-9,0,559,application/json;charset=utf-8,200,"{'user-agent': 'Mozilla/5.0 (X11; Ubuntu; Linux x86_64; rv:149.0) Gecko/20100101 Firefox/149.0', 'accept': 'application/json', 'accept-language': 'en-US,en;q=0.9', 'accept-encoding': 'gzip, deflate, br, zstd', 'accesstoken': 'Z4ikTNrAAUAKwlR1idEVMF57aZ-V8ukO7A', 'v': '150', 'cv': '348.260506.0', 'cp': '5', 'sec-fetch-dest': 'empty', 'sec-fetch-mode': 'cors', 'sec-fetch-site': 'same-origin', 'te': 'trailers'}",,"{'date': 'Wed, 13 May 2026 18:20:47 GMT', 'x-frame-options': 'DENY', 'strict-transport-security': 'max-age=63072000; includeSubDomains; preload', 'x-content-type-options': 'nosniff', 'referrer-policy': 'no-referrer', 'access-control-expose-headers': 'Date,app-types-hash', 'content-type': 'application/json;charset=utf-8', 'app-types-hash': 'oDFbYzU=', 'cache-control': 'no-cache, no-store', 'content-length': '559'}",,unknown_third_party
2026-05-13T18:20:47.790777,GET,app.tuta.com,/rest/sys/customerinfo/JDpWrwY--7-0/OsXZICY--B-9,0,548,application/json;charset=utf-8,200,"{'user-agent': 'Mozilla/5.0 (X11; Ubuntu; Linux x86_64; rv:149.0) Gecko/20100101 Firefox/149.0', 'accept': 'application/json', 'accept-language': 'en-US,en;q=0.9', 'accept-encoding': 'gzip, deflate, br, zstd', 'accesstoken': 'Z4ikTNrAAUAKwlR1idEVMF57aZ-V8ukO7A', 'v': '150', 'cv': '348.260506.0', 'cp': '5', 'sec-fetch-dest': 'empty', 'sec-fetch-mode': 'cors', 'sec-fetch-site': 'same-origin', 'te': 'trailers'}",,"{'date': 'Wed, 13 May 2026 18:20:47 GMT', 'x-frame-options': 'DENY', 'strict-transport-security': 'max-age=63072000; includeSubDomains; preload', 'x-content-type-options': 'nosniff', 'referrer-policy': 'no-referrer', 'access-control-expose-headers': 'Date,app-types-hash', 'content-type': 'application/json;charset=utf-8', 'app-types-hash': 'oDFbYzU=', 'cache-control': 'no-cache, no-store', 'content-length': '548'}",,unknown_third_party
2026-05-13T18:20:48.180584,GET,app.tuta.com,/rest/tutanota/mailsetentry/OsXZICk-23-9?start=____________________________________________________________________________________________________________________________________________________________________________________________________________________________________________________________________________________________________________________________________________________&count=100&reverse=true,0,287,application/json;charset=utf-8,200,"{'user-agent': 'Mozilla/5.0 (X11; Ubuntu; Linux x86_64; rv:149.0) Gecko/20100101 Firefox/149.0', 'accept': 'application/json', 'accept-language': 'en-US,en;q=0.9', 'accept-encoding': 'gzip, deflate, br, zstd', 'accesstoken': 'Z4ikTNrAAUAKwlR1idEVMF57aZ-V8ukO7A', 'v': '108', 'cv': '348.260506.0', 'cp': '5', 'sec-fetch-dest': 'empty', 'sec-fetch-mode': 'cors', 'sec-fetch-site': 'same-origin', 'te': 'trailers'}",,"{'date': 'Wed, 13 May 2026 18:20:48 GMT', 'x-frame-options': 'DENY', 'strict-transport-security': 'max-age=63072000; includeSubDomains; preload', 'x-content-type-options': 'nosniff', 'referrer-policy': 'no-referrer', 'access-control-expose-headers': 'Date,app-types-hash', 'content-type': 'application/json;charset=utf-8', 'app-types-hash': 'oDFbYzU=', 'cache-control': 'no-cache, no-store', 'content-length': '287'}",,unknown_third_party
2026-05-13T18:20:48.189272,GET,app.tuta.com,/rest/tutanota/tutanotaproperties/OsXZICl----9,0,483,application/json;charset=utf-8,200,"{'user-agent': 'Mozilla/5.0 (X11; Ubuntu; Linux x86_64; rv:149.0) Gecko/20100101 Firefox/149.0', 'accept': 'application/json', 'accept-language': 'en-US,en;q=0.9', 'accept-encoding': 'gzip, deflate, br, zstd', 'accesstoken': 'Z4ikTNrAAUAKwlR1idEVMF57aZ-V8ukO7A', 'v': '108', 'cv': '348.260506.0', 'cp': '5', 'sec-fetch-dest': 'empty', 'sec-fetch-mode': 'cors', 'sec-fetch-site': 'same-origin', 'te': 'trailers'}",,"{'date': 'Wed, 13 May 2026 18:20:48 GMT', 'x-frame-options': 'DENY', 'strict-transport-security': 'max-age=63072000; includeSubDomains; preload', 'x-content-type-options': 'nosniff', 'referrer-policy': 'no-referrer', 'access-control-expose-headers': 'Date,app-types-hash', 'content-type': 'application/json;charset=utf-8', 'app-types-hash': 'oDFbYzU=', 'cache-control': 'no-cache, no-store', 'content-length': '483'}",,unknown_third_party
2026-05-13T18:20:48.190253,GET,app.tuta.com,/rest/sys/customerproperties/OsXZICY--c-9,0,144,application/json;charset=utf-8,200,"{'user-agent': 'Mozilla/5.0 (X11; Ubuntu; Linux x86_64; rv:149.0) Gecko/20100101 Firefox/149.0', 'accept': 'application/json', 'accept-language': 'en-US,en;q=0.9', 'accept-encoding': 'gzip, deflate, br, zstd', 'accesstoken': 'Z4ikTNrAAUAKwlR1idEVMF57aZ-V8ukO7A', 'v': '150', 'cv': '348.260506.0', 'cp': '5', 'sec-fetch-dest': 'empty', 'sec-fetch-mode': 'cors', 'sec-fetch-site': 'same-origin', 'te': 'trailers'}",,"{'date': 'Wed, 13 May 2026 18:20:48 GMT', 'x-frame-options': 'DENY', 'strict-transport-security': 'max-age=63072000; includeSubDomains; preload', 'x-content-type-options': 'nosniff', 'referrer-policy': 'no-referrer', 'access-control-expose-headers': 'Date,app-types-hash', 'content-type': 'application/json;charset=utf-8', 'app-types-hash': 'oDFbYzU=', 'cache-control': 'no-cache, no-store', 'content-length': '144'}",,unknown_third_party
2026-05-13T18:20:48.345010,GET,app.tuta.com,/rest/tutanota/mail/OsXZICk--V-9?ids=OsXZIE8--3-9%2COsXZIDF--3-9,0,7515,application/json;charset=utf-8,200,"{'user-agent': 'Mozilla/5.0 (X11; Ubuntu; Linux x86_64; rv:149.0) Gecko/20100101 Firefox/149.0', 'accept': 'application/json', 'accept-language': 'en-US,en;q=0.9', 'accept-encoding': 'gzip, deflate, br, zstd', 'accesstoken': 'Z4ikTNrAAUAKwlR1idEVMF57aZ-V8ukO7A', 'v': '108', 'dv': '150', 'cv': '348.260506.0', 'cp': '5', 'sec-fetch-dest': 'empty', 'sec-fetch-mode': 'cors', 'sec-fetch-site': 'same-origin', 'te': 'trailers'}",,"{'date': 'Wed, 13 May 2026 18:20:48 GMT', 'x-frame-options': 'DENY', 'strict-transport-security': 'max-age=63072000; includeSubDomains; preload', 'x-content-type-options': 'nosniff', 'referrer-policy': 'no-referrer', 'access-control-expose-headers': 'Date,app-types-hash', 'content-type': 'application/json;charset=utf-8', 'app-types-hash': 'oDFbYzU=', 'cache-control': 'no-cache, no-store', 'content-length': '7515'}",,unknown_third_party
2026-05-13T18:20:48.364841,POST,app.tuta.com,/rest/tutanota/managelabelservice,386,53,application/json;charset=utf-8,201,"{'user-agent': 'Mozilla/5.0 (X11; Ubuntu; Linux x86_64; rv:149.0) Gecko/20100101 Firefox/149.0', 'accept': 'application/json', 'accept-language': 'en-US,en;q=0.9', 'accept-encoding': 'gzip, deflate, br, zstd', 'content-type': 'application/json', 'content-length': '386', 'accesstoken': 'Z4ikTNrAAUAKwlR1idEVMF57aZ-V8ukO7A', 'v': '108', 'cv': '348.260506.0', 'cp': '5', 'origin': 'https://app.tuta.com', 'sec-fetch-dest': 'empty', 'sec-fetch-mode': 'cors', 'sec-fetch-site': 'same-origin', 'te': 'trailers'}","{""1485"":""0"",""1486"":""AWrwPUm6rBGOHAW89ANCgDjF8IWSSKpsocX28D6J0yhkMzs83s7Hw1Idh94XhtRu97OTbrk+8Bzv+6Tc9G7ei1Bc8p4KIAHetTgRHOdF8Szv"",""1487"":""0"",""1488"":""OsXZICh----9"",""1489"":[{""1481"":""HB0Quw"",""1482"":""AQl6V0SibqdvGXdCq4CWEqM9NctmJrM9vVvanVYxA3MAtzgar6wtqMO4fHtXIdsMvHumyXYJSyT1Wn3jRV2vG6Q="",""1483"":""Aei98o+kZUrZEOOH4ZFo92zQb9Dp4byR1INLsLgg78oyGMQacvzMfsEHBZESYLwR182uTWbHktBoSyoBdqMbFss=""}]}","{'date': 'Wed, 13 May 2026 18:20:48 GMT', 'x-frame-options': 'DENY', 'strict-transport-security': 'max-age=63072000; includeSubDomains; preload', 'x-content-type-options': 'nosniff', 'referrer-policy': 'no-referrer', 'access-control-expose-headers': 'Date,app-types-hash', 'access-control-allow-origin': 'https://app.tuta.com', 'content-type': 'application/json;charset=utf-8', 'app-types-hash': 'oDFbYzU=', 'content-length': '53'}",,unknown_third_party
2026-05-13T18:20:48.377031,GET,app.tuta.com,/rest/monitor/counterservice?_body=%7B%2213%22%3A%220%22%2C%2214%22%3A%22OsXZICY--F-9%22%2C%2215%22%3A%22OsXZICd-23-9%22%2C%22299%22%3A%223%22%7D,0,83,application/json;charset=utf-8,200,"{'user-agent': 'Mozilla/5.0 (X11; Ubuntu; Linux x86_64; rv:149.0) Gecko/20100101 Firefox/149.0', 'accept': 'application/json', 'accept-language': 'en-US,en;q=0.9', 'accept-encoding': 'gzip, deflate, br, zstd', 'accesstoken': 'Z4ikTNrAAUAKwlR1idEVMF57aZ-V8ukO7A', 'v': '41', 'cv': '348.260506.0', 'cp': '5', 'content-type': 'application/json', 'sec-fetch-dest': 'empty', 'sec-fetch-mode': 'cors', 'sec-fetch-site': 'same-origin', 'te': 'trailers'}",,"{'date': 'Wed, 13 May 2026 18:20:48 GMT', 'x-frame-options': 'DENY', 'strict-transport-security': 'max-age=63072000; includeSubDomains; preload', 'x-content-type-options': 'nosniff', 'referrer-policy': 'no-referrer', 'access-control-expose-headers': 'Date,app-types-hash', 'content-type': 'application/json;charset=utf-8', 'app-types-hash': 'oDFbYzU=', 'cache-control': 'no-cache, no-store', 'content-length': '83'}",,unknown_third_party
2026-05-13T18:20:48.423149,GET,app.tuta.com,/rest/tutanota/clientspamtrainingdatumindexentry/OsXZICk-0F-9?start=OsXZKBd--3-9&count=1000&reverse=false,0,2,application/json;charset=utf-8,200,"{'user-agent': 'Mozilla/5.0 (X11; Ubuntu; Linux x86_64; rv:149.0) Gecko/20100101 Firefox/149.0', 'accept': 'application/json', 'accept-language': 'en-US,en;q=0.9', 'accept-encoding': 'gzip, deflate, br, zstd', 'accesstoken': 'Z4ikTNrAAUAKwlR1idEVMF57aZ-V8ukO7A', 'v': '108', 'cv': '348.260506.0', 'cp': '5', 'sec-fetch-dest': 'empty', 'sec-fetch-mode': 'cors', 'sec-fetch-site': 'same-origin', 'te': 'trailers'}",,"{'date': 'Wed, 13 May 2026 18:20:48 GMT', 'x-frame-options': 'DENY', 'strict-transport-security': 'max-age=63072000; includeSubDomains; preload', 'x-content-type-options': 'nosniff', 'referrer-policy': 'no-referrer', 'access-control-expose-headers': 'Date,app-types-hash', 'content-type': 'application/json;charset=utf-8', 'app-types-hash': 'oDFbYzU=', 'cache-control': 'no-cache, no-store', 'content-length': '2'}",,unknown_third_party
2026-05-13T18:20:48.518519,GET,app.tuta.com,/rest/sys/group/OsXZICd-23-9,0,7678,application/json;charset=utf-8,200,"{'user-agent': 'Mozilla/5.0 (X11; Ubuntu; Linux x86_64; rv:149.0) Gecko/20100101 Firefox/149.0', 'accept': 'application/json', 'accept-language': 'en-US,en;q=0.9', 'accept-encoding': 'gzip, deflate, br, zstd', 'accesstoken': 'Z4ikTNrAAUAKwlR1idEVMF57aZ-V8ukO7A', 'v': '150', 'cv': '348.260506.0', 'cp': '5', 'sec-fetch-dest': 'empty', 'sec-fetch-mode': 'cors', 'sec-fetch-site': 'same-origin', 'te': 'trailers'}",,"{'date': 'Wed, 13 May 2026 18:20:48 GMT', 'x-frame-options': 'DENY', 'strict-transport-security': 'max-age=63072000; includeSubDomains; preload', 'x-content-type-options': 'nosniff', 'referrer-policy': 'no-referrer', 'access-control-expose-headers': 'Date,app-types-hash', 'content-type': 'application/json;charset=utf-8', 'app-types-hash': 'oDFbYzU=', 'cache-control': 'no-cache, no-store', 'content-length': '7678'}",,unknown_third_party
2026-05-13T18:20:48.524807,GET,app.tuta.com,/rest/sys/group/OsXZICd-23-9,0,7678,application/json;charset=utf-8,200,"{'user-agent': 'Mozilla/5.0 (X11; Ubuntu; Linux x86_64; rv:149.0) Gecko/20100101 Firefox/149.0', 'accept': 'application/json', 'accept-language': 'en-US,en;q=0.9', 'accept-encoding': 'gzip, deflate, br, zstd', 'accesstoken': 'Z4ikTNrAAUAKwlR1idEVMF57aZ-V8ukO7A', 'v': '150', 'cv': '348.260506.0', 'cp': '5', 'sec-fetch-dest': 'empty', 'sec-fetch-mode': 'cors', 'sec-fetch-site': 'same-origin', 'te': 'trailers'}",,"{'date': 'Wed, 13 May 2026 18:20:48 GMT', 'x-frame-options': 'DENY', 'strict-transport-security': 'max-age=63072000; includeSubDomains; preload', 'x-content-type-options': 'nosniff', 'referrer-policy': 'no-referrer', 'access-control-expose-headers': 'Date,app-types-hash', 'content-type': 'application/json;charset=utf-8', 'app-types-hash': 'oDFbYzU=', 'cache-control': 'no-cache, no-store', 'content-length': '7678'}",,unknown_third_party
2026-05-13T18:20:48.531285,GET,app.tuta.com,/rest/sys/group/OsXZICd-23-9,0,7678,application/json;charset=utf-8,200,"{'user-agent': 'Mozilla/5.0 (X11; Ubuntu; Linux x86_64; rv:149.0) Gecko/20100101 Firefox/149.0', 'accept': 'application/json', 'accept-language': 'en-US,en;q=0.9', 'accept-encoding': 'gzip, deflate, br, zstd', 'accesstoken': 'Z4ikTNrAAUAKwlR1idEVMF57aZ-V8ukO7A', 'v': '150', 'cv': '348.260506.0', 'cp': '5', 'sec-fetch-dest': 'empty', 'sec-fetch-mode': 'cors', 'sec-fetch-site': 'same-origin', 'te': 'trailers'}",,"{'date': 'Wed, 13 May 2026 18:20:48 GMT', 'x-frame-options': 'DENY', 'strict-transport-security': 'max-age=63072000; includeSubDomains; preload', 'x-content-type-options': 'nosniff', 'referrer-policy': 'no-referrer', 'access-control-expose-headers': 'Date,app-types-hash', 'content-type': 'application/json;charset=utf-8', 'app-types-hash': 'oDFbYzU=', 'cache-control': 'no-cache, no-store', 'content-length': '7678'}",,unknown_third_party
2026-05-13T18:20:48.567993,PATCH,app.tuta.com,/rest/tutanota/tutanotaproperties/OsXZICl----9,80,0,application/json;charset=utf-8,200,"{'user-agent': 'Mozilla/5.0 (X11; Ubuntu; Linux x86_64; rv:149.0) Gecko/20100101 Firefox/149.0', 'accept': 'application/json', 'accept-language': 'en-US,en;q=0.9', 'accept-encoding': 'gzip, deflate, br, zstd', 'content-type': 'application/json', 'content-length': '80', 'accesstoken': 'Z4ikTNrAAUAKwlR1idEVMF57aZ-V8ukO7A', 'v': '108', 'cv': '348.260506.0', 'cp': '5', 'origin': 'https://app.tuta.com', 'sec-fetch-dest': 'empty', 'sec-fetch-mode': 'cors', 'sec-fetch-site': 'same-origin', 'te': 'trailers'}","{""2615"":""GAbgYQ"",""2616"":[{""2568"":""MJmi6Q"",""2569"":""2"",""2570"":""1510"",""2571"":""1""}]}","{'date': 'Wed, 13 May 2026 18:20:48 GMT', 'x-frame-options': 'DENY', 'strict-transport-security': 'max-age=63072000; includeSubDomains; preload', 'x-content-type-options': 'nosniff', 'referrer-policy': 'no-referrer', 'access-control-expose-headers': 'Date,app-types-hash', 'access-control-allow-origin': 'https://app.tuta.com', 'content-type': 'application/json;charset=utf-8', 'app-types-hash': 'oDFbYzU=', 'content-length': '0'}",,unknown_third_party
2026-05-13T18:20:48.585003,GET,app.tuta.com,/rest/sys/useralarminfo/OsXZICf--R-9?start=------------&count=1000&reverse=false,0,2,application/json;charset=utf-8,200,"{'user-agent': 'Mozilla/5.0 (X11; Ubuntu; Linux x86_64; rv:149.0) Gecko/20100101 Firefox/149.0', 'accept': 'application/json', 'accept-language': 'en-US,en;q=0.9', 'accept-encoding': 'gzip, deflate, br, zstd', 'accesstoken': 'Z4ikTNrAAUAKwlR1idEVMF57aZ-V8ukO7A', 'v': '150', 'cv': '348.260506.0', 'cp': '5', 'sec-fetch-dest': 'empty', 'sec-fetch-mode': 'cors', 'sec-fetch-site': 'same-origin', 'te': 'trailers'}",,"{'date': 'Wed, 13 May 2026 18:20:48 GMT', 'x-frame-options': 'DENY', 'strict-transport-security': 'max-age=63072000; includeSubDomains; preload', 'x-content-type-options': 'nosniff', 'referrer-policy': 'no-referrer', 'access-control-expose-headers': 'Date,app-types-hash', 'content-type': 'application/json;charset=utf-8', 'app-types-hash': 'oDFbYzU=', 'cache-control': 'no-cache, no-store', 'content-length': '2'}",,unknown_third_party
2026-05-13T18:20:48.781720,GET,app.tuta.com,/liboqs.wasm,0,0,,304,"{'user-agent': 'Mozilla/5.0 (X11; Ubuntu; Linux x86_64; rv:149.0) Gecko/20100101 Firefox/149.0', 'accept': '*/*', 'accept-language': 'en-US,en;q=0.9', 'accept-encoding': 'gzip, deflate, br, zstd', 'sec-fetch-dest': 'empty', 'sec-fetch-mode': 'cors', 'sec-fetch-site': 'same-origin', 'if-modified-since': 'Wed, 06 May 2026 08:30:00 GMT', 'if-none-match': 'W/""///+YjNeuX4/////882Yic""', 'priority': 'u=4', 'te': 'trailers'}",,"{'date': 'Wed, 13 May 2026 18:20:48 GMT', 'x-frame-options': 'DENY', 'strict-transport-security': 'max-age=63072000; includeSubDomains; preload', 'x-content-type-options': 'nosniff', 'referrer-policy': 'no-referrer', 'access-control-expose-headers': 'Date,app-types-hash', 'etag': 'W/""///+YjNeuX4/////882Yic""', 'last-modified': 'Wed, 06 May 2026 08:30:00 GMT', 'accept-ranges': 'bytes', 'cache-control': 'must-revalidate,no-cache,no-store', 'content-length': '0'}",,unknown_third_party
2026-05-13T18:20:48.845540,POST,app.tuta.com,/rest/tutanota/calendarservice,657,34,application/json;charset=utf-8,201,"{'user-agent': 'Mozilla/5.0 (X11; Ubuntu; Linux x86_64; rv:149.0) Gecko/20100101 Firefox/149.0', 'accept': 'application/json', 'accept-language': 'en-US,en;q=0.9', 'accept-encoding': 'gzip, deflate, br, zstd', 'content-type': 'application/json', 'content-length': '657', 'accesstoken': 'Z4ikTNrAAUAKwlR1idEVMF57aZ-V8ukO7A', 'v': '108', 'cv': '348.260506.0', 'cp': '5', 'origin': 'https://app.tuta.com', 'sec-fetch-dest': 'empty', 'sec-fetch-mode': 'cors', 'sec-fetch-site': 'same-origin', 'te': 'trailers'}","{""965"":""0"",""966"":[{""957"":""JRxVYA"",""958"":""AaB5TVjiXF1XU0v8a1ngQCEBj/EbIYcCmA6DtlHidBFhshTHqi24ElO8kStBJi1G+peUQ3NdN1OX8I5aQXOFw4uxXsjiW/N0KdtKUHdiP+6V"",""959"":""AQpvkW9OIyc8LPJjoe1t/OlRlOmvzp9+CO7gh/Kvn3AwDiV7FQiTYFg3HY3EjbMqBwYV0Np681KWI3aMzzd7FpOLcbDfTc/f5eR6beHi3u6S"",""960"":""AYOQ+JCUi4K0XVak/myuQht4mRapqrn4cF+GV1DyIQYz1zdJ2YNsytFnREh9GTWSsmez/bR4ZdHaIJ3k45dlPBmmjHni47quMpvv7LzsqTRK"",""961"":""AWf+zP3FJxrRzjuhMXiq1QzS0yrGpsi/rtKXC91JqPPxucJubjaptLlYI7rS3tVb1HC1GLBDf56HvnMVldOlHrdSh8U+P0b1TzM3DrCpkvHn","{'date': 'Wed, 13 May 2026 18:20:48 GMT', 'x-frame-options': 'DENY', 'strict-transport-security': 'max-age=63072000; includeSubDomains; preload', 'x-content-type-options': 'nosniff', 'referrer-policy': 'no-referrer', 'access-control-expose-headers': 'Date,app-types-hash', 'access-control-allow-origin': 'https://app.tuta.com', 'content-type': 'application/json;charset=utf-8', 'app-types-hash': 'oDFbYzU=', 'content-length': '34'}",,unknown_third_party
2026-05-13T18:20:48.865221,GET,app.tuta.com,/rest/tutanota/calendareventupdate/OsXZICk-0c-9?start=------------&count=1000&reverse=false,0,2,application/json;charset=utf-8,200,"{'user-agent': 'Mozilla/5.0 (X11; Ubuntu; Linux x86_64; rv:149.0) Gecko/20100101 Firefox/149.0', 'accept': 'application/json', 'accept-language': 'en-US,en;q=0.9', 'accept-encoding': 'gzip, deflate, br, zstd', 'accesstoken': 'Z4ikTNrAAUAKwlR1idEVMF57aZ-V8ukO7A', 'v': '108', 'cv': '348.260506.0', 'cp': '5', 'sec-fetch-dest': 'empty', 'sec-fetch-mode': 'cors', 'sec-fetch-site': 'same-origin', 'te': 'trailers'}",,"{'date': 'Wed, 13 May 2026 18:20:48 GMT', 'x-frame-options': 'DENY', 'strict-transport-security': 'max-age=63072000; includeSubDomains; preload', 'x-content-type-options': 'nosniff', 'referrer-policy': 'no-referrer', 'access-control-expose-headers': 'Date,app-types-hash', 'content-type': 'application/json;charset=utf-8', 'app-types-hash': 'oDFbYzU=', 'cache-control': 'no-cache, no-store', 'content-length': '2'}",,unknown_third_party
2026-05-13T18:20:49.034096,GET,app.tuta.com,/rest/sys/permission/OsXZTiC--B-9?start=------------&count=1000&reverse=false,0,2,application/json;charset=utf-8,200,"{'user-agent': 'Mozilla/5.0 (X11; Ubuntu; Linux x86_64; rv:149.0) Gecko/20100101 Firefox/149.0', 'accept': 'application/json', 'accept-language': 'en-US,en;q=0.9', 'accept-encoding': 'gzip, deflate, br, zstd', 'accesstoken': 'Z4ikTNrAAUAKwlR1idEVMF57aZ-V8ukO7A', 'v': '150', 'cv': '348.260506.0', 'cp': '5', 'sec-fetch-dest': 'empty', 'sec-fetch-mode': 'cors', 'sec-fetch-site': 'same-origin', 'te': 'trailers'}",,"{'date': 'Wed, 13 May 2026 18:20:49 GMT', 'x-frame-options': 'DENY', 'strict-transport-security': 'max-age=63072000; includeSubDomains; preload', 'x-content-type-options': 'nosniff', 'referrer-policy': 'no-referrer', 'access-control-expose-headers': 'Date,app-types-hash', 'content-type': 'application/json;charset=utf-8', 'app-types-hash': 'oDFbYzU=', 'cache-control': 'no-cache, no-store', 'content-length': '2'}",,unknown_third_party
2026-05-13T18:20:49.102319,GET,app.tuta.com,/rest/sys/publickeyservice?_body=%7B%22410%22%3A%220%22%2C%22411%22%3A%22system%40tutanota.de%22%2C%222244%22%3A%220%22%2C%222468%22%3A%220%22%7D,0,450,application/json;charset=utf-8,200,"{'user-agent': 'Mozilla/5.0 (X11; Ubuntu; Linux x86_64; rv:149.0) Gecko/20100101 Firefox/149.0', 'accept': 'application/json', 'accept-language': 'en-US,en;q=0.9', 'accept-encoding': 'gzip, deflate, br, zstd', 'accesstoken': 'Z4ikTNrAAUAKwlR1idEVMF57aZ-V8ukO7A', 'v': '150', 'cv': '348.260506.0', 'cp': '5', 'content-type': 'application/json', 'sec-fetch-dest': 'empty', 'sec-fetch-mode': 'cors', 'sec-fetch-site': 'same-origin', 'te': 'trailers'}",,"{'date': 'Wed, 13 May 2026 18:20:49 GMT', 'x-frame-options': 'DENY', 'strict-transport-security': 'max-age=63072000; includeSubDomains; preload', 'x-content-type-options': 'nosniff', 'referrer-policy': 'no-referrer', 'access-control-expose-headers': 'Date,app-types-hash', 'content-type': 'application/json;charset=utf-8', 'app-types-hash': 'oDFbYzU=', 'cache-control': 'no-cache, no-store', 'content-length': '450'}",,unknown_third_party
2026-05-13T18:20:49.124791,GET,app.tuta.com,/rest/sys/publickeyservice?_body=%7B%22410%22%3A%220%22%2C%22411%22%3A%22system%40tutanota.de%22%2C%222244%22%3A%220%22%2C%222468%22%3A%220%22%7D,0,450,application/json;charset=utf-8,200,"{'user-agent': 'Mozilla/5.0 (X11; Ubuntu; Linux x86_64; rv:149.0) Gecko/20100101 Firefox/149.0', 'accept': 'application/json', 'accept-language': 'en-US,en;q=0.9', 'accept-encoding': 'gzip, deflate, br, zstd', 'accesstoken': 'Z4ikTNrAAUAKwlR1idEVMF57aZ-V8ukO7A', 'v': '150', 'cv': '348.260506.0', 'cp': '5', 'content-type': 'application/json', 'sec-fetch-dest': 'empty', 'sec-fetch-mode': 'cors', 'sec-fetch-site': 'same-origin', 'te': 'trailers'}",,"{'date': 'Wed, 13 May 2026 18:20:49 GMT', 'x-frame-options': 'DENY', 'strict-transport-security': 'max-age=63072000; includeSubDomains; preload', 'x-content-type-options': 'nosniff', 'referrer-policy': 'no-referrer', 'access-control-expose-headers': 'Date,app-types-hash', 'content-type': 'application/json;charset=utf-8', 'app-types-hash': 'oDFbYzU=', 'cache-control': 'no-cache, no-store', 'content-length': '450'}",,unknown_third_party
2026-05-13T18:20:49.127482,GET,app.tuta.com,/rest/sys/group/OsXZTi9----9,0,488,application/json;charset=utf-8,200,"{'user-agent': 'Mozilla/5.0 (X11; Ubuntu; Linux x86_64; rv:149.0) Gecko/20100101 Firefox/149.0', 'accept': 'application/json', 'accept-language': 'en-US,en;q=0.9', 'accept-encoding': 'gzip, deflate, br, zstd', 'accesstoken': 'Z4ikTNrAAUAKwlR1idEVMF57aZ-V8ukO7A', 'v': '150', 'cv': '348.260506.0', 'cp': '5', 'sec-fetch-dest': 'empty', 'sec-fetch-mode': 'cors', 'sec-fetch-site': 'same-origin', 'te': 'trailers'}",,"{'date': 'Wed, 13 May 2026 18:20:49 GMT', 'x-frame-options': 'DENY', 'strict-transport-security': 'max-age=63072000; includeSubDomains; preload', 'x-content-type-options': 'nosniff', 'referrer-policy': 'no-referrer', 'access-control-expose-headers': 'Date,app-types-hash', 'content-type': 'application/json;charset=utf-8', 'app-types-hash': 'oDFbYzU=', 'cache-control': 'no-cache, no-store', 'content-length': '488'}",,unknown_third_party
2026-05-13T18:20:49.137857,POST,app.tuta.com,/rest/tutanota/receiveinfoservice,23,23,application/json;charset=utf-8,201,"{'user-agent': 'Mozilla/5.0 (X11; Ubuntu; Linux x86_64; rv:149.0) Gecko/20100101 Firefox/149.0', 'accept': 'application/json', 'accept-language': 'en-US,en;q=0.9', 'accept-encoding': 'gzip, deflate, br, zstd', 'content-type': 'application/json', 'content-length': '23', 'accesstoken': 'Z4ikTNrAAUAKwlR1idEVMF57aZ-V8ukO7A', 'v': '108', 'cv': '348.260506.0', 'cp': '5', 'origin': 'https://app.tuta.com', 'sec-fetch-dest': 'empty', 'sec-fetch-mode': 'cors', 'sec-fetch-site': 'same-origin', 'te': 'trailers'}","{""571"":""0"",""1121"":""en""}","{'date': 'Wed, 13 May 2026 18:20:49 GMT', 'x-frame-options': 'DENY', 'strict-transport-security': 'max-age=63072000; includeSubDomains; preload', 'x-content-type-options': 'nosniff', 'referrer-policy': 'no-referrer', 'access-control-expose-headers': 'Date,app-types-hash', 'access-control-allow-origin': 'https://app.tuta.com', 'content-type': 'application/json;charset=utf-8', 'app-types-hash': 'oDFbYzU=', 'content-length': '23'}",,unknown_third_party
2026-05-13T18:20:49.317835,GET,app.tuta.com,/rest/sys/user/OsXZICX--B-9,0,2702,application/json;charset=utf-8,200,"{'user-agent': 'Mozilla/5.0 (X11; Ubuntu; Linux x86_64; rv:149.0) Gecko/20100101 Firefox/149.0', 'accept': 'application/json', 'accept-language': 'en-US,en;q=0.9', 'accept-encoding': 'gzip, deflate, br, zstd', 'accesstoken': 'Z4ikTNrAAUAKwlR1idEVMF57aZ-V8ukO7A', 'v': '150', 'cv': '348.260506.0', 'cp': '5', 'sec-fetch-dest': 'empty', 'sec-fetch-mode': 'cors', 'sec-fetch-site': 'same-origin', 'te': 'trailers'}",,"{'date': 'Wed, 13 May 2026 18:20:49 GMT', 'x-frame-options': 'DENY', 'strict-transport-security': 'max-age=63072000; includeSubDomains; preload', 'x-content-type-options': 'nosniff', 'referrer-policy': 'no-referrer', 'access-control-expose-headers': 'Date,app-types-hash', 'content-type': 'application/json;charset=utf-8', 'app-types-hash': 'oDFbYzU=', 'cache-control': 'no-cache, no-store', 'content-length': '2702'}",,unknown_third_party
2026-05-13T18:20:49.344782,POST,app.tuta.com,/rest/storage/blobaccesstokenservice,95,494,application/json;charset=utf-8,201,"{'user-agent': 'Mozilla/5.0 (X11; Ubuntu; Linux x86_64; rv:149.0) Gecko/20100101 Firefox/149.0', 'accept': 'application/json', 'accept-language': 'en-US,en;q=0.9', 'accept-encoding': 'gzip, deflate, br, zstd', 'content-type': 'application/json', 'content-length': '95', 'accesstoken': 'Z4ikTNrAAUAKwlR1idEVMF57aZ-V8ukO7A', 'v': '14', 'cv': '348.260506.0', 'cp': '5', 'origin': 'https://app.tuta.com', 'sec-fetch-dest': 'empty', 'sec-fetch-mode': 'cors', 'sec-fetch-site': 'same-origin', 'te': 'trailers'}","{""78"":""0"",""80"":[],""180"":null,""181"":[{""176"":""EmcBsA"",""177"":""OsXZICj--J-9"",""178"":null,""179"":[]}]}","{'date': 'Wed, 13 May 2026 18:20:49 GMT', 'x-frame-options': 'DENY', 'strict-transport-security': 'max-age=63072000; includeSubDomains; preload', 'x-content-type-options': 'nosniff', 'referrer-policy': 'no-referrer', 'access-control-expose-headers': 'Date,app-types-hash', 'access-control-allow-origin': 'https://app.tuta.com', 'content-type': 'application/json;charset=utf-8', 'app-types-hash': 'oDFbYzU=', 'content-length': '494'}",,unknown_third_party
2026-05-13T18:20:49.367844,GET,app.tuta.com,/rest/tutanota/newsservice,0,335,application/json;charset=utf-8,200,"{'user-agent': 'Mozilla/5.0 (X11; Ubuntu; Linux x86_64; rv:149.0) Gecko/20100101 Firefox/149.0', 'accept': 'application/json', 'accept-language': 'en-US,en;q=0.9', 'accept-encoding': 'gzip, deflate, br, zstd', 'accesstoken': 'Z4ikTNrAAUAKwlR1idEVMF57aZ-V8ukO7A', 'v': '108', 'cv': '348.260506.0', 'cp': '5', 'sec-fetch-dest': 'empty', 'sec-fetch-mode': 'cors', 'sec-fetch-site': 'same-origin', 'te': 'trailers'}",,"{'date': 'Wed, 13 May 2026 18:20:49 GMT', 'x-frame-options': 'DENY', 'strict-transport-security': 'max-age=63072000; includeSubDomains; preload', 'x-content-type-options': 'nosniff', 'referrer-policy': 'no-referrer', 'access-control-expose-headers': 'Date,app-types-hash', 'content-type': 'application/json;charset=utf-8', 'app-types-hash': 'oDFbYzU=', 'cache-control': 'no-cache, no-store', 'content-length': '335'}",,unknown_third_party
2026-05-13T18:20:49.524226,GET,w16.api.tuta.com,/rest/tutanota/maildetailsblob/OsXZICj--J-9?accessToken=Z4ikTNrAAUAKwlR1idEVMF57aZ-V8ukO7A&v=108&ids=OsXZIEH----F&blobAccessToken=AWbEDnpqYfgmnqueBc6lSNhUAAvspuwBKmiGOUTFpq0pSWr854OV6QK2CUy7%2BjsFEencj8vsWGvNe1jtX6W%2B5QZWb%2BIfu44kPMBAS9Ns8BeOdlFZT1haEvsTsGZr1vtdBkLfArlXVa7e%2BgnAHX8qY5OKSdw9ozLeQ6hs6zUrstEGttMksWpwrXza53zbvELl7R1EauIRLnRUySHfH2aC1jblFnpyzOfvbKZdXrRR4mjuHzxZXQ2g%2FqjK0UyQp6KTFA%3D%3D&cv=348.260506.0,0,3345,application/json;charset=utf-8,200,"{'user-agent': 'Mozilla/5.0 (X11; Ubuntu; Linux x86_64; rv:149.0) Gecko/20100101 Firefox/149.0', 'accept': 'application/json', 'accept-language': 'en-US,en;q=0.9', 'accept-encoding': 'gzip, deflate, br, zstd', 'origin': 'https://app.tuta.com', 'sec-fetch-dest': 'empty', 'sec-fetch-mode': 'cors', 'sec-fetch-site': 'same-site', 'te': 'trailers'}",,"{'date': 'Wed, 13 May 2026 18:20:49 GMT', 'x-frame-options': 'DENY', 'strict-transport-security': 'max-age=63072000; includeSubDomains; preload', 'x-content-type-options': 'nosniff', 'referrer-policy': 'no-referrer', 'access-control-expose-headers': 'Date,app-types-hash', 'access-control-allow-origin': 'https://app.tuta.com', 'content-type': 'application/json;charset=utf-8', 'app-types-hash': 'oDFbYzU=', 'cache-control': 'no-cache, no-store', 'content-length': '3345'}",,unknown_third_party
2026-05-13T18:20:49.539488,GET,app.tuta.com,/rest/tutanota/calendargrouproot/OsXZTi9----9,0,311,application/json;charset=utf-8,200,"{'user-agent': 'Mozilla/5.0 (X11; Ubuntu; Linux x86_64; rv:149.0) Gecko/20100101 Firefox/149.0', 'accept': 'application/json', 'accept-language': 'en-US,en;q=0.9', 'accept-encoding': 'gzip, deflate, br, zstd', 'accesstoken': 'Z4ikTNrAAUAKwlR1idEVMF57aZ-V8ukO7A', 'v': '108', 'cv': '348.260506.0', 'cp': '5', 'sec-fetch-dest': 'empty', 'sec-fetch-mode': 'cors', 'sec-fetch-site': 'same-origin', 'te': 'trailers'}",,"{'date': 'Wed, 13 May 2026 18:20:49 GMT', 'x-frame-options': 'DENY', 'strict-transport-security': 'max-age=63072000; includeSubDomains; preload', 'x-content-type-options': 'nosniff', 'referrer-policy': 'no-referrer', 'access-control-expose-headers': 'Date,app-types-hash', 'content-type': 'application/json;charset=utf-8', 'app-types-hash': 'oDFbYzU=', 'cache-control': 'no-cache, no-store', 'content-length': '311'}",,unknown_third_party
2026-05-13T18:20:49.568642,GET,app.tuta.com,/rest/sys/groupinfo/OsXZICY--s-9/OsXZTi9--R-9,0,417,application/json;charset=utf-8,200,"{'user-agent': 'Mozilla/5.0 (X11; Ubuntu; Linux x86_64; rv:149.0) Gecko/20100101 Firefox/149.0', 'accept': 'application/json', 'accept-language': 'en-US,en;q=0.9', 'accept-encoding': 'gzip, deflate, br, zstd', 'accesstoken': 'Z4ikTNrAAUAKwlR1idEVMF57aZ-V8ukO7A', 'v': '150', 'cv': '348.260506.0', 'cp': '5', 'sec-fetch-dest': 'empty', 'sec-fetch-mode': 'cors', 'sec-fetch-site': 'same-origin', 'te': 'trailers'}",,"{'date': 'Wed, 13 May 2026 18:20:49 GMT', 'x-frame-options': 'DENY', 'strict-transport-security': 'max-age=63072000; includeSubDomains; preload', 'x-content-type-options': 'nosniff', 'referrer-policy': 'no-referrer', 'access-control-expose-headers': 'Date,app-types-hash', 'content-type': 'application/json;charset=utf-8', 'app-types-hash': 'oDFbYzU=', 'cache-control': 'no-cache, no-store', 'content-length': '417'}",,unknown_third_party
2026-05-13T18:20:49.620371,POST,app.tuta.com,/rest/sys/referralcodeservice,12,35,application/json;charset=utf-8,201,"{'user-agent': 'Mozilla/5.0 (X11; Ubuntu; Linux x86_64; rv:149.0) Gecko/20100101 Firefox/149.0', 'accept': 'application/json', 'accept-language': 'en-US,en;q=0.9', 'accept-encoding': 'gzip, deflate, br, zstd', 'content-type': 'application/json', 'content-length': '12', 'accesstoken': 'Z4ikTNrAAUAKwlR1idEVMF57aZ-V8ukO7A', 'v': '150', 'cv': '348.260506.0', 'cp': '5', 'origin': 'https://app.tuta.com', 'sec-fetch-dest': 'empty', 'sec-fetch-mode': 'cors', 'sec-fetch-site': 'same-origin', 'te': 'trailers'}","{""2066"":""0""}","{'date': 'Wed, 13 May 2026 18:20:49 GMT', 'x-frame-options': 'DENY', 'strict-transport-security': 'max-age=63072000; includeSubDomains; preload', 'x-content-type-options': 'nosniff', 'referrer-policy': 'no-referrer', 'access-control-expose-headers': 'Date,app-types-hash', 'access-control-allow-origin': 'https://app.tuta.com', 'content-type': 'application/json;charset=utf-8', 'app-types-hash': 'oDFbYzU=', 'content-length': '35'}",,unknown_third_party
2026-05-13T18:20:49.825761,GET,app.tuta.com,/rest/sys/groupmember/OsXZTi9--B-9?start=------------&count=1000&reverse=false,0,192,application/json;charset=utf-8,200,"{'user-agent': 'Mozilla/5.0 (X11; Ubuntu; Linux x86_64; rv:149.0) Gecko/20100101 Firefox/149.0', 'accept': 'application/json', 'accept-language': 'en-US,en;q=0.9', 'accept-encoding': 'gzip, deflate, br, zstd', 'accesstoken': 'Z4ikTNrAAUAKwlR1idEVMF57aZ-V8ukO7A', 'v': '150', 'cv': '348.260506.0', 'cp': '5', 'sec-fetch-dest': 'empty', 'sec-fetch-mode': 'cors', 'sec-fetch-site': 'same-origin', 'te': 'trailers'}",,"{'date': 'Wed, 13 May 2026 18:20:49 GMT', 'x-frame-options': 'DENY', 'strict-transport-security': 'max-age=63072000; includeSubDomains; preload', 'x-content-type-options': 'nosniff', 'referrer-policy': 'no-referrer', 'access-control-expose-headers': 'Date,app-types-hash', 'content-type': 'application/json;charset=utf-8', 'app-types-hash': 'oDFbYzU=', 'cache-control': 'no-cache, no-store', 'content-length': '192'}",,unknown_third_party
2026-05-13T18:20:49.839107,GET,app.tuta.com,/rest/sys/secondfactor/OsXZICf--N-9?start=------------&count=1000&reverse=false,0,2,application/json;charset=utf-8,200,"{'user-agent': 'Mozilla/5.0 (X11; Ubuntu; Linux x86_64; rv:149.0) Gecko/20100101 Firefox/149.0', 'accept': 'application/json', 'accept-language': 'en-US,en;q=0.9', 'accept-encoding': 'gzip, deflate, br, zstd', 'accesstoken': 'Z4ikTNrAAUAKwlR1idEVMF57aZ-V8ukO7A', 'v': '150', 'cv': '348.260506.0', 'cp': '5', 'sec-fetch-dest': 'empty', 'sec-fetch-mode': 'cors', 'sec-fetch-site': 'same-origin', 'te': 'trailers'}",,"{'date': 'Wed, 13 May 2026 18:20:49 GMT', 'x-frame-options': 'DENY', 'strict-transport-security': 'max-age=63072000; includeSubDomains; preload', 'x-content-type-options': 'nosniff', 'referrer-policy': 'no-referrer', 'access-control-expose-headers': 'Date,app-types-hash', 'content-type': 'application/json;charset=utf-8', 'app-types-hash': 'oDFbYzU=', 'cache-control': 'no-cache, no-store', 'content-length': '2'}",,unknown_third_party
2026-05-13T18:20:49.870143,GET,w16.api.tuta.com,/rest/tutanota/maildetailsblob/OsXZICj--J-9?accessToken=Z4ikTNrAAUAKwlR1idEVMF57aZ-V8ukO7A&v=108&ids=OsXZIDJ----F&blobAccessToken=AWbEDnpqYfgmnqueBc6lSNhUAAvspuwBKmiGOUTFpq0pSWr854OV6QK2CUy7%2BjsFEencj8vsWGvNe1jtX6W%2B5QZWb%2BIfu44kPMBAS9Ns8BeOdlFZT1haEvsTsGZr1vtdBkLfArlXVa7e%2BgnAHX8qY5OKSdw9ozLeQ6hs6zUrstEGttMksWpwrXza53zbvELl7R1EauIRLnRUySHfH2aC1jblFnpyzOfvbKZdXrRR4mjuHzxZXQ2g%2FqjK0UyQp6KTFA%3D%3D&cv=348.260506.0,0,3261,application/json;charset=utf-8,200,"{'user-agent': 'Mozilla/5.0 (X11; Ubuntu; Linux x86_64; rv:149.0) Gecko/20100101 Firefox/149.0', 'accept': 'application/json', 'accept-language': 'en-US,en;q=0.9', 'accept-encoding': 'gzip, deflate, br, zstd', 'origin': 'https://app.tuta.com', 'sec-fetch-dest': 'empty', 'sec-fetch-mode': 'cors', 'sec-fetch-site': 'same-site', 'te': 'trailers'}",,"{'date': 'Wed, 13 May 2026 18:20:49 GMT', 'x-frame-options': 'DENY', 'strict-transport-security': 'max-age=63072000; includeSubDomains; preload', 'x-content-type-options': 'nosniff', 'referrer-policy': 'no-referrer', 'access-control-expose-headers': 'Date,app-types-hash', 'access-control-allow-origin': 'https://app.tuta.com', 'content-type': 'application/json;charset=utf-8', 'app-types-hash': 'oDFbYzU=', 'cache-control': 'no-cache, no-store', 'content-length': '3261'}",,unknown_third_party
2026-05-13T18:20:50.038645,GET,app.tuta.com,/rest/tutanota/calendargrouproot/OsXZTi9----9,0,311,application/json;charset=utf-8,200,"{'user-agent': 'Mozilla/5.0 (X11; Ubuntu; Linux x86_64; rv:149.0) Gecko/20100101 Firefox/149.0', 'accept': 'application/json', 'accept-language': 'en-US,en;q=0.9', 'accept-encoding': 'gzip, deflate, br, zstd', 'accesstoken': 'Z4ikTNrAAUAKwlR1idEVMF57aZ-V8ukO7A', 'v': '108', 'cv': '348.260506.0', 'cp': '5', 'sec-fetch-dest': 'empty', 'sec-fetch-mode': 'cors', 'sec-fetch-site': 'same-origin', 'te': 'trailers'}",,"{'date': 'Wed, 13 May 2026 18:20:50 GMT', 'x-frame-options': 'DENY', 'strict-transport-security': 'max-age=63072000; includeSubDomains; preload', 'x-content-type-options': 'nosniff', 'referrer-policy': 'no-referrer', 'access-control-expose-headers': 'Date,app-types-hash', 'content-type': 'application/json;charset=utf-8', 'app-types-hash': 'oDFbYzU=', 'cache-control': 'no-cache, no-store', 'content-length': '311'}",,unknown_third_party
2026-05-13T18:20:50.283760,GET,app.tuta.com,/rest/sys/customer/OsXZICY--F-9,0,572,application/json;charset=utf-8,200,"{'user-agent': 'Mozilla/5.0 (X11; Ubuntu; Linux x86_64; rv:149.0) Gecko/20100101 Firefox/149.0', 'accept': 'application/json', 'accept-language': 'en-US,en;q=0.9', 'accept-encoding': 'gzip, deflate, br, zstd', 'accesstoken': 'Z4ikTNrAAUAKwlR1idEVMF57aZ-V8ukO7A', 'v': '150', 'cv': '348.260506.0', 'cp': '5', 'sec-fetch-dest': 'empty', 'sec-fetch-mode': 'cors', 'sec-fetch-site': 'same-origin', 'te': 'trailers'}",,"{'date': 'Wed, 13 May 2026 18:20:50 GMT', 'x-frame-options': 'DENY', 'strict-transport-security': 'max-age=63072000; includeSubDomains; preload', 'x-content-type-options': 'nosniff', 'referrer-policy': 'no-referrer', 'access-control-expose-headers': 'Date,app-types-hash', 'content-type': 'application/json;charset=utf-8', 'app-types-hash': 'oDFbYzU=', 'cache-control': 'no-cache, no-store', 'content-length': '572'}",,unknown_third_party
2026-05-13T18:20:50.362907,POST,app.tuta.com,/rest/tutanota/processinboxservice,3911,0,application/json;charset=utf-8,201,"{'user-agent': 'Mozilla/5.0 (X11; Ubuntu; Linux x86_64; rv:149.0) Gecko/20100101 Firefox/149.0', 'accept': 'application/json', 'accept-language': 'en-US,en;q=0.9', 'accept-encoding': 'gzip, deflate, br, zstd', 'content-type': 'application/json', 'content-length': '3911', 'accesstoken': 'Z4ikTNrAAUAKwlR1idEVMF57aZ-V8ukO7A', 'v': '108', 'cv': '348.260506.0', 'cp': '5', 'origin': 'https://app.tuta.com', 'sec-fetch-dest': 'empty', 'sec-fetch-mode': 'cors', 'sec-fetch-site': 'same-origin', 'te': 'trailers'}","{""1765"":""0"",""1766"":""OsXZICh----9"",""1767"":[{""1757"":""J1-61A"",""1758"":""AYG4m4LGiYEk1TWbgZDH18C1uFZgvX7fSJQiele8jPczXj9s3wQxb/3KWlTW7tXPuaa4a+JHB/iyabIpR1Pe3TzMhFE3bso+z//X42BR7/7z"",""1759"":""0"",""1760"":[[""OsXZICk--V-9"",""OsXZIE8--3-9""]],""1761"":[[""OsXZICk--J-9"",""OsXZICk-1w-9""]],""1762"":""20"",""1763"":""AQ0SBnSi7QWAIm9oBDw2hbqoOrTwOWlsApUjkh1da1uwXF4ALQSbnYaZAjFFPoYq0F+DY50y1GfMA0H+aWmERGjXZtYcNgAd7G6wk2F2a3BBCAQcqRbNZi3tOFzYJI5eZeF4OXKW5mw7r1xn0PRr/zzj5NzyklI7bPawJ0+n+5BQeQSP8R+01SVY2o80+/tRj6vX3TkxyCMGR9stzF","{'date': 'Wed, 13 May 2026 18:20:50 GMT', 'x-frame-options': 'DENY', 'strict-transport-security': 'max-age=63072000; includeSubDomains; preload', 'x-content-type-options': 'nosniff', 'referrer-policy': 'no-referrer', 'access-control-expose-headers': 'Date,app-types-hash', 'access-control-allow-origin': 'https://app.tuta.com', 'content-type': 'application/json;charset=utf-8', 'app-types-hash': 'oDFbYzU=', 'content-length': '0'}",,unknown_third_party
